-- --------------------------------------------------------
-- Host:                         127.0.0.1
-- Server version:               8.0.30 - MySQL Community Server - GPL
-- Server OS:                    Win64
-- HeidiSQL Version:             12.1.0.6537
-- --------------------------------------------------------

/*!40101 SET @OLD_CHARACTER_SET_CLIENT=@@CHARACTER_SET_CLIENT */;
/*!40101 SET NAMES utf8 */;
/*!50503 SET NAMES utf8mb4 */;
/*!40103 SET @OLD_TIME_ZONE=@@TIME_ZONE */;
/*!40103 SET TIME_ZONE='+00:00' */;
/*!40014 SET @OLD_FOREIGN_KEY_CHECKS=@@FOREIGN_KEY_CHECKS, FOREIGN_KEY_CHECKS=0 */;
/*!40101 SET @OLD_SQL_MODE=@@SQL_MODE, SQL_MODE='NO_AUTO_VALUE_ON_ZERO' */;
/*!40111 SET @OLD_SQL_NOTES=@@SQL_NOTES, SQL_NOTES=0 */;


-- Dumping database structure for etudentexam
CREATE DATABASE IF NOT EXISTS `etudentexam` /*!40100 DEFAULT CHARACTER SET utf8mb4 COLLATE utf8mb4_0900_ai_ci */ /*!80016 DEFAULT ENCRYPTION='N' */;
USE `etudentexam`;

-- Dumping structure for table etudentexam.calendrier_sessions
CREATE TABLE IF NOT EXISTS `calendrier_sessions` (
  `id` bigint unsigned NOT NULL AUTO_INCREMENT,
  `SESSION` enum('ORD','RAT') COLLATE utf8mb4_unicode_ci NOT NULL,
  `part_semester` int NOT NULL,
  `created_at` timestamp NULL DEFAULT NULL,
  `updated_at` timestamp NULL DEFAULT NULL,
  PRIMARY KEY (`id`)
) ENGINE=InnoDB AUTO_INCREMENT=5 DEFAULT CHARSET=utf8mb4 COLLATE=utf8mb4_unicode_ci;

-- Dumping data for table etudentexam.calendrier_sessions: ~4 rows (approximately)
INSERT IGNORE INTO `calendrier_sessions` (`id`, `SESSION`, `part_semester`, `created_at`, `updated_at`) VALUES
	(1, 'ORD', 1, '2024-01-14 23:51:09', '2024-01-14 23:51:10'),
	(2, 'RAT', 1, '2024-01-14 23:51:16', '2024-01-14 23:51:16'),
	(3, 'ORD', 2, '2024-01-14 23:51:24', '2024-01-14 23:51:25'),
	(4, 'RAT', 2, '2024-01-14 23:51:30', '2024-01-14 23:51:31');

-- Dumping structure for table etudentexam.etudiants
CREATE TABLE IF NOT EXISTS `etudiants` (
  `id` bigint unsigned NOT NULL AUTO_INCREMENT,
  `CodeApogee` int NOT NULL,
  `Nom` varchar(255) COLLATE utf8mb4_unicode_ci NOT NULL,
  `Prenom` varchar(255) COLLATE utf8mb4_unicode_ci NOT NULL,
  `DateNaiss` date NOT NULL,
  `created_at` timestamp NULL DEFAULT NULL,
  `updated_at` timestamp NULL DEFAULT NULL,
  PRIMARY KEY (`id`),
  UNIQUE KEY `etudiants_codeapogee_unique` (`CodeApogee`)
) ENGINE=InnoDB AUTO_INCREMENT=178 DEFAULT CHARSET=utf8mb4 COLLATE=utf8mb4_unicode_ci;

-- Dumping data for table etudentexam.etudiants: ~85 rows (approximately)
INSERT IGNORE INTO `etudiants` (`id`, `CodeApogee`, `Nom`, `Prenom`, `DateNaiss`, `created_at`, `updated_at`) VALUES
	(1, 2018394, 'ABAKAR', 'MODOU', '1999-02-01', '2024-01-14 22:54:55', '2024-01-14 22:54:55'),
	(2, 2018395, 'ABO-NALEKE', 'HERMINE-DEBORAH', '1999-02-13', '2024-01-14 22:54:55', '2024-01-14 22:54:55'),
	(3, 2103179, 'ADDADI', 'SABAH', '2001-11-15', '2024-01-14 22:54:55', '2024-01-14 22:54:55'),
	(4, 2119634, 'ADOYTA MOHAMED', 'GARAD', '2004-03-24', '2024-01-14 22:54:55', '2024-01-14 22:54:55'),
	(5, 2115389, 'AISSAOUI', 'AISSAM', '1980-04-12', '2024-01-14 22:54:55', '2024-01-14 22:54:55'),
	(6, 2115131, 'AIT CHIKH', 'ZOUBIR', '1983-01-01', '2024-01-14 22:54:55', '2024-01-14 22:54:55'),
	(7, 2018420, 'ALHERO ASSAGUEYE TOURE', 'IBRAHIM', '2001-11-24', '2024-01-14 22:54:55', '2024-01-14 22:54:55'),
	(8, 2120747, 'AMIR', 'ABDOULAYE IDRISS', '2000-03-15', '2024-01-14 22:54:55', '2024-01-14 22:54:55'),
	(9, 2015950, 'AMMARI', 'ZAKARIA', '1980-03-07', '2024-01-14 22:54:55', '2024-01-14 22:54:55'),
	(10, 1709579, 'AMNIAAI', 'ABDELHAK', '1976-10-30', '2024-01-14 22:54:55', '2024-01-14 22:54:55'),
	(11, 1304161, 'AOURAGH', 'HAYAT', '1992-01-19', '2024-01-14 22:54:55', '2024-01-14 22:54:55'),
	(12, 1914489, 'ATENY  NGONG ATENY', 'CHITHIEC', '1997-01-01', '2024-01-14 22:54:55', '2024-01-14 22:54:55'),
	(13, 1815219, 'AYELEKAMA M\'APANGHA', 'JUNIAS', '1999-07-29', '2024-01-14 22:54:55', '2024-01-14 22:54:55'),
	(14, 1917304, 'AZZI', 'MOHAMED', '1988-03-03', '2024-01-14 22:54:55', '2024-01-14 22:54:55'),
	(15, 2009088, 'BAKHTI', 'FATIMA', '2002-03-25', '2024-01-14 22:54:55', '2024-01-14 22:54:55'),
	(16, 1603494, 'BELARBI', 'BOUCHRA', '1997-02-27', '2024-01-14 22:54:55', '2024-01-14 22:54:55'),
	(17, 1710091, 'BELARBI', 'KHADIJA', '1997-03-03', '2024-01-14 22:54:55', '2024-01-14 22:54:55'),
	(18, 1507798, 'BENHAFOUNE', 'HAJAR', '1997-01-06', '2024-01-14 22:54:55', '2024-01-14 22:54:55'),
	(19, 2116493, 'BERDIJ', 'HAKIM', '1991-05-13', '2024-01-14 22:54:55', '2024-01-14 22:54:55'),
	(20, 1916546, 'BEZZALA', 'HASSAN', '1987-01-13', '2024-01-14 22:54:55', '2024-01-14 22:54:55'),
	(21, 2018397, 'BIRO MADI', 'ETNAN-NESTOR', '1997-06-17', '2024-01-14 22:54:55', '2024-01-14 22:54:55'),
	(22, 1914460, 'BOAKYE NANA', 'ABENA YVONNE', '1999-03-02', '2024-01-14 22:54:56', '2024-01-14 22:54:56'),
	(23, 2018398, 'BONGOLI', 'PATIENCE OLIVIA', '1998-01-27', '2024-01-14 22:54:56', '2024-01-14 22:54:56'),
	(24, 1804635, 'BOUCHLAGHAM', 'MANAL', '2000-11-22', '2024-01-14 22:54:56', '2024-01-14 22:54:56'),
	(25, 1508134, 'BOUMAAOUI', 'YOUSSEF', '1996-02-22', '2024-01-14 22:54:56', '2024-01-14 22:54:56'),
	(26, 2016337, 'BOUNOUAS', 'YASSMINE', '1999-07-14', '2024-01-14 22:54:56', '2024-01-14 22:54:56'),
	(27, 1915910, 'CAMARA', 'OUMAR II', '1999-04-22', '2024-01-14 22:54:56', '2024-01-14 22:54:56'),
	(28, 1502780, 'DADI', 'INASS', '1997-01-16', '2024-01-14 22:54:56', '2024-01-14 22:54:56'),
	(29, 2018400, 'DANTHIA', 'DIVINE PERPETUE ROSI', '2000-07-12', '2024-01-14 22:54:56', '2024-01-14 22:54:56'),
	(30, 2119735, 'DAOUDI', 'ABDERRAZZAK', '1959-12-30', '2024-01-14 22:54:56', '2024-01-14 22:54:56'),
	(31, 1803953, 'DEKIK', 'FATIMA ZAHRA', '2000-07-06', '2024-01-14 22:54:56', '2024-01-14 22:54:56'),
	(32, 2014224, 'DJAU', 'MUSSA', '1997-02-26', '2024-01-14 22:54:56', '2024-01-14 22:54:56'),
	(33, 1916671, 'EL ABDELLAOUI', 'AZIZA', '1989-02-24', '2024-01-14 22:54:56', '2024-01-14 22:54:56'),
	(34, 1600894, 'EL BASRI', 'OUSSAMA', '1998-12-27', '2024-01-14 22:54:56', '2024-01-14 22:54:56'),
	(35, 1915089, 'EL BOUCHIKHI', 'IMANE', '2001-11-16', '2024-01-14 22:54:56', '2024-01-14 22:54:56'),
	(36, 1624128, 'EL HAKOUNI', 'JAMAL', '1985-08-22', '2024-01-14 22:54:56', '2024-01-14 22:54:56'),
	(37, 9005438, 'EL MEHDAOUI', 'MOHAMMED', '1981-03-18', '2024-01-14 22:54:56', '2024-01-14 22:54:56'),
	(38, 2103065, 'EL YAAGOUBI', 'FATIMA', '2003-11-13', '2024-01-14 22:54:56', '2024-01-14 22:54:56'),
	(39, 1610349, 'ELBAY', 'MOHAMED-AMINE', '1997-06-27', '2024-01-14 22:54:56', '2024-01-14 22:54:56'),
	(40, 1106893, 'EZAZAA', 'NABIL', '1982-11-30', '2024-01-14 22:54:56', '2024-01-14 22:54:56'),
	(41, 1007159, 'FADIL', 'KHALID', '1967-10-25', '2024-01-14 22:54:56', '2024-01-14 22:54:56'),
	(42, 2119477, 'GBENZA', 'DEBORAH JENNIFER WES', '1999-08-05', '2024-01-14 22:54:56', '2024-01-14 22:54:56'),
	(43, 1004694, 'HADDAD', 'WAFAE', '1992-10-06', '2024-01-14 22:54:56', '2024-01-14 22:54:56'),
	(44, 2017939, 'HAKKOU', 'MOHAMED', '1963-11-06', '2024-01-14 22:54:56', '2024-01-14 22:54:56'),
	(45, 2118909, 'HAMADOU MOHAMED', 'HASSAN', '1999-01-01', '2024-01-14 22:54:56', '2024-01-14 22:54:56'),
	(46, 8011378, 'HAMDI', 'AZIZ', '1976-03-03', '2024-01-14 22:54:56', '2024-01-14 22:54:56'),
	(47, 2114641, 'HAMRIA', 'MAHDI', '1992-08-29', '2024-01-14 22:54:56', '2024-01-14 22:54:56'),
	(48, 1408498, 'HAMZAOUI', 'FAYROUZ', '1993-04-14', '2024-01-14 22:54:56', '2024-01-14 22:54:56'),
	(49, 1408491, 'JABRI', 'AZEDDINE', '1963-04-13', '2024-01-14 22:54:56', '2024-01-14 22:54:56'),
	(50, 1816403, 'JELLOUL', 'MOHAMMED', '1980-02-23', '2024-01-14 22:54:57', '2024-01-14 22:54:57'),
	(51, 2018058, 'JLIBEN', 'MIMOUNA', '1968-03-24', '2024-01-14 22:54:57', '2024-01-14 22:54:57'),
	(52, 1105125, 'KHRIMICHE', 'ABDERRAHIM', '1990-06-29', '2024-01-14 22:54:57', '2024-01-14 22:54:57'),
	(53, 2018403, 'KOBONDIT DOUATHE', 'ALEXIA GLORIA THERES', '2001-05-21', '2024-01-14 22:54:57', '2024-01-14 22:54:57'),
	(54, 2120793, 'KOUATI', 'PAUL NORVY', '2003-01-28', '2024-01-14 22:54:57', '2024-01-14 22:54:57'),
	(55, 1916462, 'LAAFOU', 'MOHAMED', '1978-01-01', '2024-01-14 22:54:57', '2024-01-14 22:54:57'),
	(56, 2116656, 'LAMGHIT', 'HANANE', '1983-02-14', '2024-01-14 22:54:57', '2024-01-14 22:54:57'),
	(57, 1917301, 'LOUARDI', 'MOHAMED', '1972-08-11', '2024-01-14 22:54:57', '2024-01-14 22:54:57'),
	(58, 1512665, 'MAARAD', 'SAIDA', '1986-01-01', '2024-01-14 22:54:57', '2024-01-14 22:54:57'),
	(59, 1818863, 'MADIH', 'ABDEMAJID', '1982-07-21', '2024-01-14 22:54:57', '2024-01-14 22:54:57'),
	(60, 1715359, 'MAHDAOUI', 'RAMDANE', '1967-12-13', '2024-01-14 22:54:57', '2024-01-14 22:54:57'),
	(61, 1916886, 'MAHMOUDI', 'KHALIL', '2001-10-09', '2024-01-14 22:54:57', '2024-01-14 22:54:57'),
	(62, 2016689, 'MAZARI', 'IMANE', '1988-09-14', '2024-01-14 22:54:57', '2024-01-14 22:54:57'),
	(63, 1915612, 'MBALI KODASSO YANGBA', 'DIEU MERCI  ENRICO', '1997-09-15', '2024-01-14 22:54:57', '2024-01-14 22:54:57'),
	(64, 1809502, 'MERBOUH', 'SOUKAYNA', '2000-07-18', '2024-01-14 22:54:57', '2024-01-14 22:54:57'),
	(65, 1912314, 'MERZOUKI', 'YOUNESS', '2001-07-04', '2024-01-14 22:54:57', '2024-01-14 22:54:57'),
	(66, 2119728, 'MIDJI EL HADJI DODO', 'OUSMANE', '1999-10-15', '2024-01-14 22:54:57', '2024-01-14 22:54:57'),
	(67, 2118031, 'MISSAOUI', 'MAROUAN', '1999-03-06', '2024-01-14 22:54:57', '2024-01-14 22:54:57'),
	(68, 2018428, 'MOUSTAPHA BOUKAR', 'AMINA', '2002-03-30', '2024-01-14 22:54:57', '2024-01-14 22:54:57'),
	(69, 2117643, 'NCHUCHUMA NKARA', 'ROMARIO NNONCORO', '2000-05-24', '2024-01-14 22:54:57', '2024-01-14 22:54:57'),
	(70, 1914507, 'NIMBI', 'YACOUB', '1999-04-02', '2024-01-14 22:54:57', '2024-01-14 22:54:57'),
	(71, 2018391, 'NINGA', 'SOLANGE FANNY', '1999-05-10', '2024-01-14 22:54:57', '2024-01-14 22:54:57'),
	(72, 1916622, 'NZENGELE MATONGO', 'JONATHAN', '1999-06-13', '2024-01-14 22:54:57', '2024-01-14 22:54:57'),
	(73, 2117644, 'ONDO AVOMO', 'LUCIO FRANCISCO ONDO', '1998-02-08', '2024-01-14 22:54:57', '2024-01-14 22:54:57'),
	(74, 2318265, 'OUASSEL', 'REDOUANE', '1979-09-29', '2024-01-14 22:54:57', '2024-01-14 22:54:57'),
	(75, 8003938, 'RAMDANI', 'MOURAD', '1986-06-10', '2024-01-14 22:54:57', '2024-01-14 22:54:57'),
	(76, 2103195, 'SADEQUI', 'IMANE', '2003-11-23', '2024-01-14 22:54:57', '2024-01-14 22:54:57'),
	(77, 2008954, 'SAHRAOUI', 'DOUAE', '2003-02-19', '2024-01-14 22:54:57', '2024-01-14 22:54:57'),
	(78, 1918653, 'SAORE', 'GNAPI MICKAEL', '1994-12-27', '2024-01-14 22:54:57', '2024-01-14 22:54:57'),
	(79, 1817266, 'SOUILAH', 'NOURA', '1981-03-09', '2024-01-14 22:54:57', '2024-01-14 22:54:57'),
	(80, 2118811, 'TOGUEMOU', 'ARMONIE JORICE', '2003-12-22', '2024-01-14 22:54:57', '2024-01-14 22:54:57'),
	(81, 2103159, 'UALD LAMKADDAM', 'MAROUA', '2004-01-12', '2024-01-14 22:54:57', '2024-01-14 22:54:57'),
	(82, 2103266, 'ZIANI', 'AFAF', '2002-05-30', '2024-01-14 22:54:57', '2024-01-14 22:54:57'),
	(83, 2008974, 'ZINBI', 'FADWA', '2002-05-24', '2024-01-14 22:54:57', '2024-01-14 22:54:57'),
	(84, 8008167, 'ZOUGAGH', 'YAHYA', '1976-11-21', '2024-01-14 22:54:57', '2024-01-14 22:54:57'),
	(85, 1502979, 'BRAHIMI', 'ANWAR', '1995-12-15', '2024-01-14 22:54:57', '2024-01-14 22:54:57'),
	(86, 2112326, 'AALLAOUI', 'AYMEN', '2002-07-10', '2024-01-22 22:30:24', '2024-01-22 22:30:24'),
	(87, 1003216, 'ABIBOU', 'YOUSSEF', '1990-12-15', '2024-01-22 22:50:18', '2024-01-22 22:50:18'),
	(88, 2119729, 'ADIAN', 'FOUAD', '1978-01-14', '2024-01-22 22:50:18', '2024-01-22 22:50:18'),
	(89, 2013746, 'AFKIR', 'MOURAD', '1999-08-31', '2024-01-22 22:50:18', '2024-01-22 22:50:18'),
	(90, 2208931, 'AGOUJIM', 'FERDAOUS', '2005-03-10', '2024-01-22 22:50:18', '2024-01-22 22:50:18'),
	(91, 1305275, 'AIKAR', 'FATIMA', '1994-05-04', '2024-01-22 22:50:18', '2024-01-22 22:50:18'),
	(92, 2008918, 'AL MALIH', 'ZAKARIAE', '2001-02-19', '2024-01-22 22:50:18', '2024-01-22 22:50:18'),
	(93, 1710425, 'AMHAOUR', 'TOUFIK', '1999-03-19', '2024-01-22 22:50:18', '2024-01-22 22:50:18'),
	(94, 1609411, 'ARBAOUI', 'AICHA', '1995-07-24', '2024-01-22 22:50:18', '2024-01-22 22:50:18'),
	(95, 2210203, 'AZHARI', 'SALMA', '2004-11-10', '2024-01-22 22:50:18', '2024-01-22 22:50:18'),
	(96, 2120755, 'BAH', 'MAMADOU GANDHO', '2000-02-21', '2024-01-22 22:50:18', '2024-01-22 22:50:18'),
	(97, 2212352, 'BAJJI', 'SIHAM', '1989-01-20', '2024-01-22 22:50:18', '2024-01-22 22:50:18'),
	(98, 2008926, 'BAKRAOUI', 'SALMA', '2002-07-05', '2024-01-22 22:50:18', '2024-01-22 22:50:18'),
	(99, 1800371, 'BEJHIH', 'HALIMA', '2000-12-10', '2024-01-22 22:50:18', '2024-01-22 22:50:18'),
	(100, 1606053, 'BENSIDIALI', 'AMINA', '1998-09-18', '2024-01-22 22:50:18', '2024-01-22 22:50:18'),
	(101, 1815179, 'BIO SANGA', 'JASMIN BRISSO FAWAZ', '1996-04-01', '2024-01-22 22:50:18', '2024-01-22 22:50:18'),
	(102, 2213740, 'BOUAFIA', 'HAJAR', '2003-08-10', '2024-01-22 22:50:18', '2024-01-22 22:50:18'),
	(103, 1701097, 'BOUAICH', 'YOUSSEF', '1999-01-27', '2024-01-22 22:50:18', '2024-01-22 22:50:18'),
	(104, 1814769, 'BOUDAHR', 'SOUAD', '1985-06-06', '2024-01-22 22:50:18', '2024-01-22 22:50:18'),
	(105, 2118911, 'BOUH DJAMA', 'RODA', '2004-02-21', '2024-01-22 22:50:18', '2024-01-22 22:50:18'),
	(106, 2216843, 'BOUJTAT', 'EL-HOUSSINE', '1983-01-12', '2024-01-22 22:50:18', '2024-01-22 22:50:18'),
	(107, 2214818, 'BOUSSEKKOUR', 'KOUIDER', '1967-11-28', '2024-01-22 22:50:18', '2024-01-22 22:50:18'),
	(108, 2321961, 'BOUYAALLAOUI', 'HOUSSAM', '2004-10-24', '2024-01-22 22:50:18', '2024-01-22 22:50:18'),
	(109, 2120757, 'CAMARA', 'SEKOUBA', '2000-02-03', '2024-01-22 22:50:19', '2024-01-22 22:50:19'),
	(110, 2212421, 'CHERRABI', 'MARYEM', '2004-10-04', '2024-01-22 22:50:19', '2024-01-22 22:50:19'),
	(111, 2103096, 'DADI', 'ZAINAB', '2002-04-07', '2024-01-22 22:50:19', '2024-01-22 22:50:19'),
	(112, 2115382, 'DADSI', 'SOUKAYNA', '1988-08-20', '2024-01-22 22:50:19', '2024-01-22 22:50:19'),
	(113, 2120792, 'DADZIE', 'ALEXIS KOISSI', '2002-02-17', '2024-01-22 22:50:19', '2024-01-22 22:50:19'),
	(114, 2208724, 'DAOUI', 'HAJAR', '2004-11-02', '2024-01-22 22:50:19', '2024-01-22 22:50:19'),
	(115, 1619595, 'DEHHAOUI', 'JAOUAD', '1984-08-14', '2024-01-22 22:50:19', '2024-01-22 22:50:19'),
	(116, 2213100, 'DJIMASSE NGAMA', 'SIMPLICIA VERSIACE', '2002-10-12', '2024-01-22 22:50:19', '2024-01-22 22:50:19'),
	(117, 2103035, 'EL AMRANI', 'SAMIR', '2003-07-09', '2024-01-22 22:50:19', '2024-01-22 22:50:19'),
	(118, 1906253, 'EL BOUKIRI', 'NOUHAYLA', '2001-12-29', '2024-01-22 22:50:19', '2024-01-22 22:50:19'),
	(119, 1906385, 'EL OUAFI', 'YOUSSRA', '2002-03-13', '2024-01-22 22:50:19', '2024-01-22 22:50:19'),
	(120, 1801889, 'EL YOUSFI', 'OUMAYMA', '2000-10-15', '2024-01-22 22:50:19', '2024-01-22 22:50:19'),
	(121, 2218477, 'EL-AHMEDI', 'KHAWLA', '2002-06-25', '2024-01-22 22:50:19', '2024-01-22 22:50:19'),
	(122, 1902480, 'ELALJ', 'TOURIA', '1987-03-11', '2024-01-22 22:50:19', '2024-01-22 22:50:19'),
	(123, 2009155, 'ELLIAOUI', 'MOHAMMED AMINE', '1995-07-22', '2024-01-22 22:50:19', '2024-01-22 22:50:19'),
	(124, 1906269, 'ELYAMANI', 'ABDELKARIM', '2001-02-19', '2024-01-22 22:50:19', '2024-01-22 22:50:19'),
	(125, 2120795, 'ESSAID', 'ADIL', '1974-10-14', '2024-01-22 22:50:19', '2024-01-22 22:50:19'),
	(126, 1701538, 'GHAOUTI', 'FAYZA', '1998-12-30', '2024-01-22 22:50:19', '2024-01-22 22:50:19'),
	(127, 2008916, 'HAMDANE', 'AHLAM', '2002-05-14', '2024-01-22 22:50:19', '2024-01-22 22:50:19'),
	(128, 2215517, 'HAMIT', 'ABDRAMAN DANA', '1999-07-14', '2024-01-22 22:50:19', '2024-01-22 22:50:19'),
	(129, 2114215, 'HANNOU', 'RAYHAN', '2004-05-09', '2024-01-22 22:50:19', '2024-01-22 22:50:19'),
	(130, 2209111, 'HARCHA', ' SALMA', '2004-08-09', '2024-01-22 22:50:19', '2024-01-22 22:50:19'),
	(131, 2215514, 'HARMIYA', 'AHMED', '2004-07-08', '2024-01-22 22:50:19', '2024-01-22 22:50:19'),
	(132, 2208582, 'HARROUDI', 'MERYEM', '2004-02-21', '2024-01-22 22:50:19', '2024-01-22 22:50:19'),
	(133, 2009361, 'IBRAHIM', 'NISRINE', '2000-11-10', '2024-01-22 22:50:19', '2024-01-22 22:50:19'),
	(134, 2103190, 'IDBOURHIM', 'KHADIJA', '2003-05-22', '2024-01-22 22:50:19', '2024-01-22 22:50:19'),
	(135, 2217806, 'KARANTAO', 'NAFISSATOU', '2001-08-29', '2024-01-22 22:50:19', '2024-01-22 22:50:19'),
	(136, 2114390, 'KASSIMI', 'KHAOULA', '2003-07-17', '2024-01-22 22:50:19', '2024-01-22 22:50:19'),
	(137, 1806606, 'KOUSKOUS', 'IMANE', '1991-09-17', '2024-01-22 22:50:19', '2024-01-22 22:50:19'),
	(138, 1806554, 'KOUSKOUS', 'YOUSRA', '1996-05-14', '2024-01-22 22:50:19', '2024-01-22 22:50:19'),
	(139, 2103198, 'LATIGUI', 'HAJAR', '2003-11-06', '2024-01-22 22:50:19', '2024-01-22 22:50:19'),
	(140, 2002199, 'LOUKILI', 'KHADIJA', '2002-02-07', '2024-01-22 22:50:19', '2024-01-22 22:50:19'),
	(141, 2116232, 'MAIMOUNI', 'SAID', '1981-09-28', '2024-01-22 22:50:19', '2024-01-22 22:50:19'),
	(142, 2018430, 'MAKAO DOURO', 'OUSMANE', '1997-01-10', '2024-01-22 22:50:19', '2024-01-22 22:50:19'),
	(143, 1818532, 'MALHOUNI', 'HAMID', '1991-09-08', '2024-01-22 22:50:19', '2024-01-22 22:50:19'),
	(144, 2116239, 'MAROUANE', 'ABIR', '2001-06-08', '2024-01-22 22:50:19', '2024-01-22 22:50:19'),
	(145, 2006547, 'MCHIOUER', 'NAOUAL', '1982-07-13', '2024-01-22 22:50:19', '2024-01-22 22:50:19'),
	(146, 2011783, 'MHAMDI', 'HOUDA', '2000-11-13', '2024-01-22 22:50:19', '2024-01-22 22:50:19'),
	(147, 2208460, 'MOKHTARI', 'LAMIA', '2004-09-09', '2024-01-22 22:50:19', '2024-01-22 22:50:19'),
	(148, 1308113, 'MOKHTARI', 'ZINEB', '1995-11-11', '2024-01-22 22:50:19', '2024-01-22 22:50:19'),
	(149, 1905829, 'MOUMEN', 'LAILA', '1983-07-09', '2024-01-22 22:50:20', '2024-01-22 22:50:20'),
	(150, 2009162, 'OUCHEN', 'AYA', '2003-03-05', '2024-01-22 22:50:20', '2024-01-22 22:50:20'),
	(151, 2214383, 'PIAMALE', 'NELLY AMANDINE', '2000-11-22', '2024-01-22 22:50:20', '2024-01-22 22:50:20'),
	(152, 2103225, 'RACHIDI', 'CHAYMAE', '2002-07-11', '2024-01-22 22:50:20', '2024-01-22 22:50:20'),
	(153, 2209203, 'RAHAOUI', 'ABDELOIHED', '1968-02-04', '2024-01-22 22:50:20', '2024-01-22 22:50:20'),
	(154, 1916873, 'RHARRAFI', 'ZOHEIR', '1981-08-10', '2024-01-22 22:50:20', '2024-01-22 22:50:20'),
	(155, 1305631, 'SABER', 'CHAYMAE', '1995-09-19', '2024-01-22 22:50:20', '2024-01-22 22:50:20'),
	(156, 1508234, 'SALHI', 'IKRAM', '1994-05-05', '2024-01-22 22:50:20', '2024-01-22 22:50:20'),
	(157, 2214150, 'SAMAKE', 'IBRAHIM TIESSA', '2005-08-27', '2024-01-22 22:50:20', '2024-01-22 22:50:20'),
	(158, 1301103, 'SEMLALI', 'BOUCHRA', '1995-01-24', '2024-01-22 22:50:20', '2024-01-22 22:50:20'),
	(159, 1904152, 'SHOUL', 'YASSER', '1999-11-20', '2024-01-22 22:50:20', '2024-01-22 22:50:20'),
	(160, 2018345, 'SIKINDI M\'BOUTOU', 'MICHAELLA  DEVENCIA', '2002-06-30', '2024-01-22 22:50:20', '2024-01-22 22:50:20'),
	(161, 1703310, 'TABIB', 'AYYOUB', '1998-04-27', '2024-01-22 22:50:20', '2024-01-22 22:50:20'),
	(162, 2113652, 'TAIBI', 'YASMINE', '2003-05-22', '2024-01-22 22:50:20', '2024-01-22 22:50:20'),
	(163, 2101434, 'TAJMOUT', 'KHAOULA', '2003-09-18', '2024-01-22 22:50:20', '2024-01-22 22:50:20'),
	(164, 2119903, 'TALHAOUI', 'MOHAMMED', '1979-09-20', '2024-01-22 22:50:20', '2024-01-22 22:50:20'),
	(165, 1909604, 'TAYBI', 'ILYASS', '2000-04-05', '2024-01-22 22:50:20', '2024-01-22 22:50:20'),
	(166, 1916633, 'YACOUBA  MOUSSA', 'ROUMANATOU', '1998-05-07', '2024-01-22 22:50:20', '2024-01-22 22:50:20'),
	(167, 1507034, 'YACOUBI', 'AHMED', '1997-03-05', '2024-01-22 22:50:20', '2024-01-22 22:50:20'),
	(168, 1003961, 'ZAHDALI', 'HICHAM', '1982-03-20', '2024-01-22 22:50:20', '2024-01-22 22:50:20'),
	(169, 2008978, 'ZEROUAL', 'AMAL', '2001-12-19', '2024-01-22 22:50:20', '2024-01-22 22:50:20'),
	(170, 1302137, 'ZERROUKI', ' MOHSINE', '1985-12-18', '2024-01-22 22:50:20', '2024-01-22 22:50:20'),
	(171, 1206304, 'CHELHAOUI', 'MORAD', '1985-07-26', '2024-01-23 00:17:55', '2024-01-23 00:17:55'),
	(172, 1900943, 'EL MOHIB', 'CHAIMAE', '2001-10-07', '2024-01-23 00:19:44', '2024-01-23 00:19:44'),
	(173, 2318329, 'IDRISSA HANBERI', 'IBRAHIM', '2000-01-12', '2024-01-23 00:19:45', '2024-01-23 00:19:45'),
	(174, 1817783, 'KRAI', 'ASMAA', '1976-12-18', '2024-01-23 00:19:45', '2024-01-23 00:19:45'),
	(175, 1916417, 'MANSOURI', 'ABDELAZIZ', '1990-11-09', '2024-01-23 00:19:45', '2024-01-23 00:19:45'),
	(176, 8000655, 'RAHMANI', 'MOUNIA', '1982-03-28', '2024-01-23 00:19:45', '2024-01-23 00:19:45'),
	(177, 1509847, 'SOUHAILI', 'FOUAD', '1974-04-24', '2024-01-23 00:19:45', '2024-01-23 00:19:45');

-- Dumping structure for table etudentexam.failed_jobs
CREATE TABLE IF NOT EXISTS `failed_jobs` (
  `id` bigint unsigned NOT NULL AUTO_INCREMENT,
  `uuid` varchar(255) COLLATE utf8mb4_unicode_ci NOT NULL,
  `connection` text COLLATE utf8mb4_unicode_ci NOT NULL,
  `queue` text COLLATE utf8mb4_unicode_ci NOT NULL,
  `payload` longtext COLLATE utf8mb4_unicode_ci NOT NULL,
  `exception` longtext COLLATE utf8mb4_unicode_ci NOT NULL,
  `failed_at` timestamp NOT NULL DEFAULT CURRENT_TIMESTAMP,
  PRIMARY KEY (`id`),
  UNIQUE KEY `failed_jobs_uuid_unique` (`uuid`)
) ENGINE=InnoDB DEFAULT CHARSET=utf8mb4 COLLATE=utf8mb4_unicode_ci;

-- Dumping data for table etudentexam.failed_jobs: ~0 rows (approximately)

-- Dumping structure for table etudentexam.filieres
CREATE TABLE IF NOT EXISTS `filieres` (
  `id` bigint unsigned NOT NULL AUTO_INCREMENT,
  `CodeFiliere` varchar(255) COLLATE utf8mb4_unicode_ci NOT NULL,
  `NomFiliere` varchar(255) COLLATE utf8mb4_unicode_ci NOT NULL,
  `Parcours` varchar(255) COLLATE utf8mb4_unicode_ci DEFAULT NULL,
  `created_at` timestamp NULL DEFAULT NULL,
  `updated_at` timestamp NULL DEFAULT NULL,
  PRIMARY KEY (`id`),
  UNIQUE KEY `filieres_codefiliere_unique` (`CodeFiliere`)
) ENGINE=InnoDB AUTO_INCREMENT=25 DEFAULT CHARSET=utf8mb4 COLLATE=utf8mb4_unicode_ci;

-- Dumping data for table etudentexam.filieres: ~24 rows (approximately)
INSERT IGNORE INTO `filieres` (`id`, `CodeFiliere`, `NomFiliere`, `Parcours`, `created_at`, `updated_at`) VALUES
	(1, 'FDS1', 'DROIT EN FRACAIS', 'NULL', '2024-01-14 22:49:33', '2024-01-14 22:49:33'),
	(2, 'FDS2', 'DROIT EN FRACAIS', 'NULL', '2024-01-14 22:49:34', '2024-01-14 22:49:34'),
	(3, 'FDS3', 'DROIT EN FRACAIS', 'NULL', '2024-01-14 22:49:34', '2024-01-14 22:49:34'),
	(4, 'FDS4', 'DROIT EN FRACAIS', 'NULL', '2024-01-14 22:49:34', '2024-01-14 22:49:34'),
	(5, 'FDVS5', 'DROIT EN FRACAIS', 'Droit Privé', '2024-01-14 22:49:34', '2024-01-14 22:49:34'),
	(6, 'FDPS5', 'DROIT EN FRACAIS', 'Droit Public', '2024-01-14 22:49:34', '2024-01-14 22:49:34'),
	(7, 'FDVS6', 'DROIT EN FRACAIS', 'Droit Privé', '2024-01-14 22:49:34', '2024-01-14 22:49:34'),
	(8, 'FDPS6', 'DROIT EN FRACAIS', 'Droit Public', '2024-01-14 22:49:34', '2024-01-14 22:49:34'),
	(9, 'ADS1', 'DROIT EN ARABE', 'NULL', '2024-01-14 22:49:34', '2024-01-14 22:49:34'),
	(10, 'ADS2', 'DROIT EN ARABE', 'NULL', '2024-01-14 22:49:34', '2024-01-14 22:49:34'),
	(11, 'ADS3', 'DROIT EN ARABE', 'NULL', '2024-01-14 22:49:34', '2024-01-14 22:49:34'),
	(12, 'ADS4', 'DROIT EN ARABE', 'NULL', '2024-01-14 22:49:34', '2024-01-14 22:49:34'),
	(13, 'ADVS5', 'DROIT EN ARABE', 'Droit Privé', '2024-01-14 22:49:34', '2024-01-14 22:49:34'),
	(14, 'PDAS5', 'DROIT EN ARABE', 'Droit Public', '2024-01-14 22:49:34', '2024-01-14 22:49:34'),
	(15, 'ADVS6', 'DROIT EN ARABE', 'Droit Privé', '2024-01-14 22:49:34', '2024-01-14 22:49:34'),
	(16, 'PDAS6', 'DROIT EN ARABE', 'Droit Public', '2024-01-14 22:49:34', '2024-01-14 22:49:34'),
	(17, 'EEGS1', 'Sciences économiques et gestion', 'NULL', '2024-01-14 22:49:34', '2024-01-14 22:49:34'),
	(18, 'EEGS2', 'Sciences économiques et gestion', 'NULL', '2024-01-14 22:49:35', '2024-01-14 22:49:35'),
	(19, 'EEGS3', 'Sciences économiques et gestion', 'NULL', '2024-01-14 22:49:35', '2024-01-14 22:49:35'),
	(20, 'EEGS4', 'Sciences économiques et gestion', 'NULL', '2024-01-14 22:49:35', '2024-01-14 22:49:35'),
	(21, 'GES5', 'Sciences économiques et gestion', 'Gestion', '2024-01-14 22:49:35', '2024-01-14 22:49:35'),
	(22, 'EEGS5', 'Sciences économiques et gestion', 'Economie et Gestion', '2024-01-14 22:49:35', '2024-01-14 22:49:35'),
	(23, 'GES6', 'Sciences économiques et gestion', 'Gestion', '2024-01-14 22:49:35', '2024-01-14 22:49:35'),
	(24, 'EEGS6', 'Sciences économiques et gestion', 'Economie et Gestion', '2024-01-14 22:49:35', '2024-01-14 22:49:35');

-- Dumping structure for table etudentexam.migrations
CREATE TABLE IF NOT EXISTS `migrations` (
  `id` int unsigned NOT NULL AUTO_INCREMENT,
  `migration` varchar(255) COLLATE utf8mb4_unicode_ci NOT NULL,
  `batch` int NOT NULL,
  PRIMARY KEY (`id`)
) ENGINE=InnoDB AUTO_INCREMENT=20 DEFAULT CHARSET=utf8mb4 COLLATE=utf8mb4_unicode_ci;

-- Dumping data for table etudentexam.migrations: ~17 rows (approximately)
INSERT IGNORE INTO `migrations` (`id`, `migration`, `batch`) VALUES
	(1, '2014_10_12_000000_create_users_table', 1),
	(2, '2014_10_12_100000_create_password_resets_table', 1),
	(3, '2014_10_12_200000_add_two_factor_columns_to_users_table', 1),
	(4, '2019_08_19_000000_create_failed_jobs_table', 1),
	(5, '2019_12_14_000001_create_personal_access_tokens_table', 1),
	(6, '2019_12_14_0000201_create_calendrier_sessions_table', 1),
	(7, '2024_01_03_001752_create_sessions_table', 1),
	(8, '2024_01_03_002013_create_filieres_table', 1),
	(9, '2024_01_03_002207_create_etudiants_table', 1),
	(10, '2024_01_03_002213_create_etudiant_filieres_table', 1),
	(11, '2024_01_03_002220_create_modules_table', 1),
	(12, '2024_01_03_002227_create_detail_modules_table', 1),
	(13, '2024_01_03_002233_create_groupes_table', 1),
	(14, '2024_01_03_002240_create_groupe_etudiants_table', 1),
	(15, '2024_01_03_002246_create_info_exames_table', 1),
	(16, '2024_01_03_002253_create_calendrier_modules_table', 2),
	(17, '2024_01_03_002259_create_calendrier_module_groupes_table', 2),
	(18, '2024_01_09_234000_add_date_creation_to_groupes_table', 2),
	(19, '2024_01_09_234700_add_date_creation_to_groupes_table', 2);

-- Dumping structure for table etudentexam.modules
CREATE TABLE IF NOT EXISTS `modules` (
  `id` bigint unsigned NOT NULL AUTO_INCREMENT,
  `CodeModule` varchar(255) COLLATE utf8mb4_unicode_ci NOT NULL,
  `NomModule` varchar(255) COLLATE utf8mb4_unicode_ci NOT NULL,
  `Semester` varchar(2) COLLATE utf8mb4_unicode_ci NOT NULL,
  `idFiliere` bigint unsigned NOT NULL,
  `created_at` timestamp NULL DEFAULT NULL,
  `updated_at` timestamp NULL DEFAULT NULL,
  PRIMARY KEY (`id`),
  UNIQUE KEY `modules_codemodule_nommodule_unique` (`CodeModule`,`NomModule`),
  KEY `modules_idfiliere_foreign` (`idFiliere`),
  CONSTRAINT `modules_idfiliere_foreign` FOREIGN KEY (`idFiliere`) REFERENCES `filieres` (`id`)
) ENGINE=InnoDB AUTO_INCREMENT=151 DEFAULT CHARSET=utf8mb4 COLLATE=utf8mb4_unicode_ci;

-- Dumping data for table etudentexam.modules: ~150 rows (approximately)
INSERT IGNORE INTO `modules` (`id`, `CodeModule`, `NomModule`, `Semester`, `idFiliere`, `created_at`, `updated_at`) VALUES
	(1, 'FDS1M1', 'Introduction aux sciences juridiques', 'S1', 1, '2024-01-14 22:49:33', '2024-01-14 22:49:33'),
	(2, 'FDS1M2', 'Introduction au droit musulman', 'S1', 1, '2024-01-14 22:49:33', '2024-01-14 22:49:33'),
	(3, 'FDS1M3', 'Introduction à la science politique', 'S1', 1, '2024-01-14 22:49:33', '2024-01-14 22:49:33'),
	(4, 'FDS1M4', 'Introduction aux relations internationales', 'S1', 1, '2024-01-14 22:49:33', '2024-01-14 22:49:33'),
	(5, 'FDS1M5', 'Méthodes des sciences sociales', 'S1', 1, '2024-01-14 22:49:33', '2024-01-14 22:49:33'),
	(6, 'FDS1M6', 'Introduction aux sciences économiques ', 'S1', 1, '2024-01-14 22:49:33', '2024-01-14 22:49:33'),
	(7, 'FDS1M7', 'Langue et terminologie I', 'S1', 1, '2024-01-14 22:49:33', '2024-01-14 22:49:33'),
	(8, 'FDS2M8', 'Théorie générale et des obligations', 'S2', 2, '2024-01-14 22:49:33', '2024-01-14 22:49:33'),
	(9, 'FDS2M9', 'Droit commercial', 'S2', 2, '2024-01-14 22:49:33', '2024-01-14 22:49:33'),
	(10, 'FDS2M10', 'Théorie générale du droit constitutionnel', 'S2', 2, '2024-01-14 22:49:33', '2024-01-14 22:49:33'),
	(11, 'FDS2M11', 'Droit pénal général', 'S2', 2, '2024-01-14 22:49:33', '2024-01-14 22:49:33'),
	(12, 'FDS2M12', 'Organisation fdministrative', 'S2', 2, '2024-01-14 22:49:34', '2024-01-14 22:49:34'),
	(13, 'FDS2M13', 'Droit international public', 'S2', 2, '2024-01-14 22:49:34', '2024-01-14 22:49:34'),
	(14, 'FDS2M14', 'Langue et terminologie 2', 'S2', 2, '2024-01-14 22:49:34', '2024-01-14 22:49:34'),
	(15, 'FDS3M15', 'Droit budgétaire', 'S3', 3, '2024-01-14 22:49:34', '2024-01-14 22:49:34'),
	(16, 'FDS3M16', 'Droit social', 'S3', 3, '2024-01-14 22:49:34', '2024-01-14 22:49:34'),
	(17, 'FDS3M17', 'Régimes constitutionnels comparés', 'S3', 3, '2024-01-14 22:49:34', '2024-01-14 22:49:34'),
	(18, 'FDS3M18', 'L\'action administrative', 'S3', 3, '2024-01-14 22:49:34', '2024-01-14 22:49:34'),
	(19, 'FDS3M19', 'Responsabilité civile', 'S3', 3, '2024-01-14 22:49:34', '2024-01-14 22:49:34'),
	(20, 'FDS3M20', 'Droit de la famille', 'S3', 3, '2024-01-14 22:49:34', '2024-01-14 22:49:34'),
	(21, 'FDS4M21', 'Droit des sociétés', 'S4', 4, '2024-01-14 22:49:34', '2024-01-14 22:49:34'),
	(22, 'FDS4M22', 'Organisationjudiciaire', 'S4', 4, '2024-01-14 22:49:34', '2024-01-14 22:49:34'),
	(23, 'FDS4M23', 'Droits de l’homme et libertés publiques', 'S4', 4, '2024-01-14 22:49:34', '2024-01-14 22:49:34'),
	(24, 'FDS4M24', 'Droit pénalspécial', 'S4', 4, '2024-01-14 22:49:34', '2024-01-14 22:49:34'),
	(25, 'FDS4M25', 'Droit fiscal', 'S4', 4, '2024-01-14 22:49:34', '2024-01-14 22:49:34'),
	(26, 'FDS4M26', 'Instruments de paiement et de crédit', 'S4', 4, '2024-01-14 22:49:34', '2024-01-14 22:49:34'),
	(27, 'FDVS5M27', 'Droit foncier et droit réel', 'S5', 5, '2024-01-14 22:49:34', '2024-01-14 22:49:34'),
	(28, 'FDVS5M28', 'Droit international privé', 'S5', 5, '2024-01-14 22:49:34', '2024-01-14 22:49:34'),
	(29, 'FDVS5M29', 'Droit des assurances', 'S5', 5, '2024-01-14 22:49:34', '2024-01-14 22:49:34'),
	(30, 'FDVS5M30', 'criminologie', 'S5', 5, '2024-01-14 22:49:34', '2024-01-14 22:49:34'),
	(31, 'FDVS5M31', 'Contrats spéciaux', 'S5', 5, '2024-01-14 22:49:34', '2024-01-14 22:49:34'),
	(32, 'FDVS5M32', 'Entreprise en difficulté', 'S5', 5, '2024-01-14 22:49:34', '2024-01-14 22:49:34'),
	(33, 'FDPS5M27', 'Administration territoriale', 'S5', 6, '2024-01-14 22:49:34', '2024-01-14 22:49:34'),
	(34, 'FDPS5M28', 'Politiques publiques', 'S5', 6, '2024-01-14 22:49:34', '2024-01-14 22:49:34'),
	(35, 'FDPS5M29', 'Droit économique international', 'S5', 6, '2024-01-14 22:49:34', '2024-01-14 22:49:34'),
	(36, 'FDPS5M30', 'Grands services Publics', 'S5', 6, '2024-01-14 22:49:34', '2024-01-14 22:49:34'),
	(37, 'FDPS5M31', 'Histoires des idées politiques', 'S5', 6, '2024-01-14 22:49:34', '2024-01-14 22:49:34'),
	(38, 'FDPS5M32', 'Finances Locales', 'S5', 6, '2024-01-14 22:49:34', '2024-01-14 22:49:34'),
	(39, 'FDVS6M33', 'Procédurecivile', 'S6', 7, '2024-01-14 22:49:34', '2024-01-14 22:49:34'),
	(40, 'FDVS6M34', 'Procédurepénale', 'S6', 7, '2024-01-14 22:49:34', '2024-01-14 22:49:34'),
	(41, 'FDVS6M35', 'Successions et Droits financiers', 'S6', 7, '2024-01-14 22:49:34', '2024-01-14 22:49:34'),
	(42, 'FDVS6M36', 'Propriétéintellectuelle', 'S6', 7, '2024-01-14 22:49:34', '2024-01-14 22:49:34'),
	(43, 'FDVS6M37', 'Droit bancaire', 'S6', 7, '2024-01-14 22:49:34', '2024-01-14 22:49:34'),
	(44, 'FDVS6M38', 'Projet de fin d’études', 'S6', 7, '2024-01-14 22:49:34', '2024-01-14 22:49:34'),
	(45, 'FDPS6M33', 'Histoire des idées politiques  2', 'S6', 8, '2024-01-14 22:49:34', '2024-01-14 22:49:34'),
	(46, 'FDPS6M34', 'Droit des marchés publics', 'S6', 8, '2024-01-14 22:49:34', '2024-01-14 22:49:34'),
	(47, 'FDPS6M35', 'Droit international humanitaire', 'S6', 8, '2024-01-14 22:49:34', '2024-01-14 22:49:34'),
	(48, 'FDPS6M36', 'Les organisations internationales', 'S6', 8, '2024-01-14 22:49:34', '2024-01-14 22:49:34'),
	(49, 'FDPS6M37', 'Contentieux fdministratif', 'S6', 8, '2024-01-14 22:49:34', '2024-01-14 22:49:34'),
	(50, 'FDPS6M38', 'Projet de fin d’études', 'S6', 8, '2024-01-14 22:49:34', '2024-01-14 22:49:34'),
	(51, 'ADS1M1', 'Introduction aux sciences juridiques', 'S1', 9, '2024-01-14 22:49:34', '2024-01-14 22:49:34'),
	(52, 'ADS1M2', 'Introduction au droit musulman', 'S1', 9, '2024-01-14 22:49:34', '2024-01-14 22:49:34'),
	(53, 'ADS1M3', 'Introduction à la science politique', 'S1', 9, '2024-01-14 22:49:34', '2024-01-14 22:49:34'),
	(54, 'ADS1M4', 'Introduction aux relations internationales', 'S1', 9, '2024-01-14 22:49:34', '2024-01-14 22:49:34'),
	(55, 'ADS1M5', 'Méthodes des sciences sociales', 'S1', 9, '2024-01-14 22:49:34', '2024-01-14 22:49:34'),
	(56, 'ADS1M6', 'Introduction aux sciences économiques ', 'S1', 9, '2024-01-14 22:49:34', '2024-01-14 22:49:34'),
	(57, 'ADS1M7', 'Langue et terminologie I', 'S1', 9, '2024-01-14 22:49:34', '2024-01-14 22:49:34'),
	(58, 'ADS2M8', 'Théorie générale et des obligations', 'S2', 10, '2024-01-14 22:49:34', '2024-01-14 22:49:34'),
	(59, 'ADS2M9', 'Droit commercial', 'S2', 10, '2024-01-14 22:49:34', '2024-01-14 22:49:34'),
	(60, 'ADS2M10', 'Théorie générale du droit constitutionnel', 'S2', 10, '2024-01-14 22:49:34', '2024-01-14 22:49:34'),
	(61, 'ADS2M11', 'Droit pénal général', 'S2', 10, '2024-01-14 22:49:34', '2024-01-14 22:49:34'),
	(62, 'ADS2M12', 'Organisation fdministrative', 'S2', 10, '2024-01-14 22:49:34', '2024-01-14 22:49:34'),
	(63, 'ADS2M13', 'Droit international public', 'S2', 10, '2024-01-14 22:49:34', '2024-01-14 22:49:34'),
	(64, 'ADS2M14', 'Langue et terminologie 2', 'S2', 10, '2024-01-14 22:49:34', '2024-01-14 22:49:34'),
	(65, 'ADS3M15', 'Droit budgétaire', 'S3', 11, '2024-01-14 22:49:34', '2024-01-14 22:49:34'),
	(66, 'ADS3M16', 'Droit social', 'S3', 11, '2024-01-14 22:49:34', '2024-01-14 22:49:34'),
	(67, 'ADS3M17', 'Régimes constitutionnels comparés', 'S3', 11, '2024-01-14 22:49:34', '2024-01-14 22:49:34'),
	(68, 'ADS3M18', 'L\'action administrative', 'S3', 11, '2024-01-14 22:49:34', '2024-01-14 22:49:34'),
	(69, 'ADS3M19', 'Responsabilité civile', 'S3', 11, '2024-01-14 22:49:34', '2024-01-14 22:49:34'),
	(70, 'ADS3M20', 'Droit de la famille', 'S3', 11, '2024-01-14 22:49:34', '2024-01-14 22:49:34'),
	(71, 'ADS4M21', 'Droit des sociétés', 'S4', 12, '2024-01-14 22:49:34', '2024-01-14 22:49:34'),
	(72, 'ADS4M22', 'Organisationjudiciaire', 'S4', 12, '2024-01-14 22:49:34', '2024-01-14 22:49:34'),
	(73, 'ADS4M23', 'Droits de l’homme et libertés publiques', 'S4', 12, '2024-01-14 22:49:34', '2024-01-14 22:49:34'),
	(74, 'ADS4M24', 'Droit pénalspécial', 'S4', 12, '2024-01-14 22:49:34', '2024-01-14 22:49:34'),
	(75, 'ADS4M25', 'Droit fiscal', 'S4', 12, '2024-01-14 22:49:34', '2024-01-14 22:49:34'),
	(76, 'ADS4M26', 'Instruments de paiement et de crédit', 'S4', 12, '2024-01-14 22:49:34', '2024-01-14 22:49:34'),
	(77, 'ADVS5M27', 'Droit foncier et droit réel', 'S5', 13, '2024-01-14 22:49:34', '2024-01-14 22:49:34'),
	(78, 'ADVS5M28', 'Droit international privé', 'S5', 13, '2024-01-14 22:49:34', '2024-01-14 22:49:34'),
	(79, 'ADVS5M29', 'Droit des assurances', 'S5', 13, '2024-01-14 22:49:34', '2024-01-14 22:49:34'),
	(80, 'ADVS5M30', 'criminologie', 'S5', 13, '2024-01-14 22:49:34', '2024-01-14 22:49:34'),
	(81, 'ADVS5M31', 'Contrats spéciaux', 'S5', 13, '2024-01-14 22:49:34', '2024-01-14 22:49:34'),
	(82, 'ADVS5M32', 'Entreprise en difficulté', 'S5', 13, '2024-01-14 22:49:34', '2024-01-14 22:49:34'),
	(83, 'PDAS5M27', 'Droit international humanitaire', 'S5', 14, '2024-01-14 22:49:34', '2024-01-14 22:49:34'),
	(84, 'PDAS5M28', 'Droit des marchés publics', 'S5', 14, '2024-01-14 22:49:34', '2024-01-14 22:49:34'),
	(85, 'PDAS5M29', 'Contentieuxadministratif', 'S5', 14, '2024-01-14 22:49:34', '2024-01-14 22:49:34'),
	(86, 'PDAS5M30', 'Histoire des idéespolitiques 2', 'S5', 14, '2024-01-14 22:49:34', '2024-01-14 22:49:34'),
	(87, 'PDAS5M31', 'Les organizationsinternationals', 'S5', 14, '2024-01-14 22:49:34', '2024-01-14 22:49:34'),
	(88, 'PDAS5M32', 'Projet de fin d’études', 'S5', 14, '2024-01-14 22:49:34', '2024-01-14 22:49:34'),
	(89, 'ADVS6M33', 'Droit international humanitaire', 'S6', 15, '2024-01-14 22:49:34', '2024-01-14 22:49:34'),
	(90, 'ADVS6M34', 'Droit des marchés publics', 'S6', 15, '2024-01-14 22:49:34', '2024-01-14 22:49:34'),
	(91, 'ADVS6M35', 'Contentieuxadministratif', 'S6', 15, '2024-01-14 22:49:34', '2024-01-14 22:49:34'),
	(92, 'ADVS6M36', 'Histoire des idéespolitiques 2', 'S6', 15, '2024-01-14 22:49:34', '2024-01-14 22:49:34'),
	(93, 'ADVS6M37', 'Les organizationsinternationals', 'S6', 15, '2024-01-14 22:49:34', '2024-01-14 22:49:34'),
	(94, 'ADVS6M38', 'Projet de fin d’études', 'S6', 15, '2024-01-14 22:49:34', '2024-01-14 22:49:34'),
	(95, 'PDAS6M33', 'Histoire des idées politiques  2', 'S6', 16, '2024-01-14 22:49:34', '2024-01-14 22:49:34'),
	(96, 'PDAS6M34', 'Droit des marchés publics', 'S6', 16, '2024-01-14 22:49:34', '2024-01-14 22:49:34'),
	(97, 'PDAS6M35', 'Droit international humanitaire', 'S6', 16, '2024-01-14 22:49:34', '2024-01-14 22:49:34'),
	(98, 'PDAS6M36', 'Les organisations internationales', 'S6', 16, '2024-01-14 22:49:34', '2024-01-14 22:49:34'),
	(99, 'PDAS6M37', 'Contentieux fdministratif', 'S6', 16, '2024-01-14 22:49:34', '2024-01-14 22:49:34'),
	(100, 'PDAS6M38', 'Projet de fin d’études', 'S6', 16, '2024-01-14 22:49:34', '2024-01-14 22:49:34'),
	(101, 'EEGS1M1', 'Introduction à l’économie', 'S1', 17, '2024-01-14 22:49:34', '2024-01-14 22:49:34'),
	(102, 'EEGS1M2', 'Microéconomie 1', 'S1', 17, '2024-01-14 22:49:34', '2024-01-14 22:49:34'),
	(103, 'EEGS1M3', 'Comptabilité générale 1', 'S1', 17, '2024-01-14 22:49:34', '2024-01-14 22:49:34'),
	(104, 'EEGS1M4', 'Management 1', 'S1', 17, '2024-01-14 22:49:34', '2024-01-14 22:49:34'),
	(105, 'EEGS1M5', 'Statistique descriptive', 'S1', 17, '2024-01-14 22:49:34', '2024-01-14 22:49:34'),
	(106, 'EEGS1M6', 'Analyse mathématique', 'S1', 17, '2024-01-14 22:49:34', '2024-01-14 22:49:34'),
	(107, 'EEGS1M7', 'Terminologie', 'S1', 17, '2024-01-14 22:49:34', '2024-01-14 22:49:34'),
	(108, 'EEGS2M8', 'Macroéconomie', 'S2', 18, '2024-01-14 22:49:34', '2024-01-14 22:49:34'),
	(109, 'EEGS2M9', 'Microéconomie 2', 'S2', 18, '2024-01-14 22:49:34', '2024-01-14 22:49:34'),
	(110, 'EEGS2M10', 'Comptabilité générale 2', 'S2', 18, '2024-01-14 22:49:34', '2024-01-14 22:49:34'),
	(111, 'EEGS2M11', 'Management 2', 'S2', 18, '2024-01-14 22:49:35', '2024-01-14 22:49:35'),
	(112, 'EEGS2M12', 'Probabilité', 'S2', 18, '2024-01-14 22:49:35', '2024-01-14 22:49:35'),
	(113, 'EEGS2M13', 'Algèbre ET Math financières', 'S2', 18, '2024-01-14 22:49:35', '2024-01-14 22:49:35'),
	(114, 'EEGS2M14', 'Terminologie', 'S2', 18, '2024-01-14 22:49:35', '2024-01-14 22:49:35'),
	(115, 'EEGS3M15', 'Economie monétaire et financière', 'S3', 19, '2024-01-14 22:49:35', '2024-01-14 22:49:35'),
	(116, 'EEGS3M16', 'Problèmes économiques et sociaux', 'S3', 19, '2024-01-14 22:49:35', '2024-01-14 22:49:35'),
	(117, 'EEGS3M17', 'Comptabilité analytique', 'S3', 19, '2024-01-14 22:49:35', '2024-01-14 22:49:35'),
	(118, 'EEGS3M18', 'Marketing de base', 'S3', 19, '2024-01-14 22:49:35', '2024-01-14 22:49:35'),
	(119, 'EEGS3M19', 'Echantillonnage et estimation', 'S3', 19, '2024-01-14 22:49:35', '2024-01-14 22:49:35'),
	(120, 'EEGS3M20', 'Introduction à l’étude du droit', 'S3', 19, '2024-01-14 22:49:35', '2024-01-14 22:49:35'),
	(121, 'EEGS4M21', 'Economie monétaire et financière 2', 'S4', 20, '2024-01-14 22:49:35', '2024-01-14 22:49:35'),
	(122, 'EEGS4M22', 'Comptabilité des sociétés', 'S4', 20, '2024-01-14 22:49:35', '2024-01-14 22:49:35'),
	(123, 'EEGS4M23', 'Finances publiques', 'S4', 20, '2024-01-14 22:49:35', '2024-01-14 22:49:35'),
	(124, 'EEGS4M24', 'Informatique de gestion', 'S4', 20, '2024-01-14 22:49:35', '2024-01-14 22:49:35'),
	(125, 'EEGS4M25', 'Analyse financière', 'S4', 20, '2024-01-14 22:49:35', '2024-01-14 22:49:35'),
	(126, 'EEGS4M26', 'Droit commercial et des sociétés', 'S4', 20, '2024-01-14 22:49:35', '2024-01-14 22:49:35'),
	(127, 'GES5M27', 'Fiscalité d’entreprise', 'S5', 21, '2024-01-14 22:49:35', '2024-01-14 22:49:35'),
	(128, 'GES5M28', 'Gestion financière', 'S5', 21, '2024-01-14 22:49:35', '2024-01-14 22:49:35'),
	(129, 'GES5M29', 'Marketing Approfondi', 'S5', 21, '2024-01-14 22:49:35', '2024-01-14 22:49:35'),
	(130, 'GES5M30', 'Gestion des ressources humaines', 'S5', 21, '2024-01-14 22:49:35', '2024-01-14 22:49:35'),
	(131, 'GES5M31', 'Droit des affaires', 'S5', 21, '2024-01-14 22:49:35', '2024-01-14 22:49:35'),
	(132, 'GES5M32', 'Recherche opérationnelle ET Informatique de gestion', 'S5', 21, '2024-01-14 22:49:35', '2024-01-14 22:49:35'),
	(133, 'EEGS5M27', 'Histoire de la pensée économique', 'S5', 22, '2024-01-14 22:49:35', '2024-01-14 22:49:35'),
	(134, 'EEGS5M28', 'Politique économique', 'S5', 22, '2024-01-14 22:49:35', '2024-01-14 22:49:35'),
	(135, 'EEGS5M29', 'Comptabilité nationale 1', 'S5', 22, '2024-01-14 22:49:35', '2024-01-14 22:49:35'),
	(136, 'EEGS5M30', 'Gestion financière', 'S5', 22, '2024-01-14 22:49:35', '2024-01-14 22:49:35'),
	(137, 'EEGS5M31', 'Gestion des ressources humaines', 'S5', 22, '2024-01-14 22:49:35', '2024-01-14 22:49:35'),
	(138, 'EEGS5M32', 'Fiscalité', 'S5', 22, '2024-01-14 22:49:35', '2024-01-14 22:49:35'),
	(139, 'GES6M33', 'Audit général', 'S6', 23, '2024-01-14 22:49:35', '2024-01-14 22:49:35'),
	(140, 'GES6M34', 'Contrôle de gestion', 'S6', 23, '2024-01-14 22:49:35', '2024-01-14 22:49:35'),
	(141, 'GES6M35', 'Management stratégique', 'S6', 23, '2024-01-14 22:49:35', '2024-01-14 22:49:35'),
	(142, 'GES6M36', 'Stratégies industrielles', 'S6', 23, '2024-01-14 22:49:35', '2024-01-14 22:49:35'),
	(143, 'GES6M37', 'Projet de fin d’études', 'S6', 23, '2024-01-14 22:49:35', '2024-01-14 22:49:35'),
	(144, 'GES6M38', 'Projet de fin d’études', 'S6', 23, '2024-01-14 22:49:35', '2024-01-14 22:49:35'),
	(145, 'EEG6M33', 'Relations économiques internationales', 'S6', 24, '2024-01-14 22:49:35', '2024-01-14 22:49:35'),
	(146, 'EEG6M34', 'Méthodes économétriques ET Recherche opérationnelle', 'S6', 24, '2024-01-14 22:49:35', '2024-01-14 22:49:35'),
	(147, 'EEG6M35', 'Informatique appliquée', 'S6', 24, '2024-01-14 22:49:35', '2024-01-14 22:49:35'),
	(148, 'EEG6M36', 'Contrôle de gestion', 'S6', 24, '2024-01-14 22:49:35', '2024-01-14 22:49:35'),
	(149, 'EEG6M37', 'Projet de fin d’études', 'S6', 24, '2024-01-14 22:49:35', '2024-01-14 22:49:35'),
	(150, 'EEG6M38', 'Projet de fin d’études', 'S6', 24, '2024-01-14 22:49:35', '2024-01-14 22:49:35');

-- Dumping structure for table etudentexam.password_resets
CREATE TABLE IF NOT EXISTS `password_resets` (
  `email` varchar(255) COLLATE utf8mb4_unicode_ci NOT NULL,
  `token` varchar(255) COLLATE utf8mb4_unicode_ci NOT NULL,
  `created_at` timestamp NULL DEFAULT NULL,
  PRIMARY KEY (`email`)
) ENGINE=InnoDB DEFAULT CHARSET=utf8mb4 COLLATE=utf8mb4_unicode_ci;

-- Dumping data for table etudentexam.password_resets: ~0 rows (approximately)

-- Dumping structure for table etudentexam.personal_access_tokens
CREATE TABLE IF NOT EXISTS `personal_access_tokens` (
  `id` bigint unsigned NOT NULL AUTO_INCREMENT,
  `tokenable_type` varchar(255) COLLATE utf8mb4_unicode_ci NOT NULL,
  `tokenable_id` bigint unsigned NOT NULL,
  `name` varchar(255) COLLATE utf8mb4_unicode_ci NOT NULL,
  `token` varchar(64) COLLATE utf8mb4_unicode_ci NOT NULL,
  `abilities` text COLLATE utf8mb4_unicode_ci,
  `last_used_at` timestamp NULL DEFAULT NULL,
  `expires_at` timestamp NULL DEFAULT NULL,
  `created_at` timestamp NULL DEFAULT NULL,
  `updated_at` timestamp NULL DEFAULT NULL,
  PRIMARY KEY (`id`),
  UNIQUE KEY `personal_access_tokens_token_unique` (`token`),
  KEY `personal_access_tokens_tokenable_type_tokenable_id_index` (`tokenable_type`,`tokenable_id`)
) ENGINE=InnoDB DEFAULT CHARSET=utf8mb4 COLLATE=utf8mb4_unicode_ci;

-- Dumping data for table etudentexam.personal_access_tokens: ~0 rows (approximately)

-- Dumping structure for table etudentexam.sessions
CREATE TABLE IF NOT EXISTS `sessions` (
  `id` varchar(255) COLLATE utf8mb4_unicode_ci NOT NULL,
  `user_id` bigint unsigned DEFAULT NULL,
  `ip_address` varchar(45) COLLATE utf8mb4_unicode_ci DEFAULT NULL,
  `user_agent` text COLLATE utf8mb4_unicode_ci,
  `payload` longtext COLLATE utf8mb4_unicode_ci NOT NULL,
  `last_activity` int NOT NULL,
  PRIMARY KEY (`id`),
  KEY `sessions_user_id_index` (`user_id`),
  KEY `sessions_last_activity_index` (`last_activity`)
) ENGINE=InnoDB DEFAULT CHARSET=utf8mb4 COLLATE=utf8mb4_unicode_ci;

-- Dumping data for table etudentexam.sessions: ~2 rows (approximately)
INSERT IGNORE INTO `sessions` (`id`, `user_id`, `ip_address`, `user_agent`, `payload`, `last_activity`) VALUES
	('70WxyvifCXP74jadDdHm3BcHxIKkaUrlOuenI9MW', 2, '127.0.0.1', 'Mozilla/5.0 (Windows NT 10.0; Win64; x64) AppleWebKit/537.36 (KHTML, like Gecko) Chrome/120.0.0.0 Safari/537.36 OPR/106.0.0.0', 'YTo1OntzOjY6Il90b2tlbiI7czo0MDoidFYzbklBQVIyY2FEUjhtNEJzbXhyV3o1MzF4UW54QktaUWRzVWNBSCI7czo5OiJfcHJldmlvdXMiO2E6MTp7czozOiJ1cmwiO3M6NDI6Imh0dHA6Ly8xMjcuMC4wLjE6ODAwMC9hZG1pbi9GaWxpZXJfbW9kdWxlcyI7fXM6NjoiX2ZsYXNoIjthOjI6e3M6Mzoib2xkIjthOjA6e31zOjM6Im5ldyI7YTowOnt9fXM6MzoidXJsIjthOjA6e31zOjUwOiJsb2dpbl93ZWJfNTliYTM2YWRkYzJiMmY5NDAxNTgwZjAxNGM3ZjU4ZWE0ZTMwOTg5ZCI7aToyO30=', 1706029360),
	('oZzkOOUEHYYMU0IBu8BAMXfxjuImuT0rZNLiHhNt', 2, '127.0.0.1', 'Mozilla/5.0 (Windows NT 10.0; Win64; x64) AppleWebKit/537.36 (KHTML, like Gecko) Chrome/120.0.0.0 Safari/537.36 OPR/106.0.0.0', 'YTo1OntzOjY6Il90b2tlbiI7czo0MDoib01Ca2VUVlIyR3NBYkVTM1M5Z3g5ZVhTYVh1SGRHOGRwU25nRGZiSyI7czo2OiJfZmxhc2giO2E6Mjp7czozOiJvbGQiO2E6MDp7fXM6MzoibmV3IjthOjA6e319czo5OiJfcHJldmlvdXMiO2E6MTp7czozOiJ1cmwiO3M6NDI6Imh0dHA6Ly8xMjcuMC4wLjE6ODAwMC9hZG1pbi9pbnNlcnQtc3R1ZGVudCI7fXM6MzoidXJsIjthOjA6e31zOjUwOiJsb2dpbl93ZWJfNTliYTM2YWRkYzJiMmY5NDAxNTgwZjAxNGM3ZjU4ZWE0ZTMwOTg5ZCI7aToyO30=', 1705974171),
	('RTds6XxjZIlWOl02zSAV0XmQMLbgy6KZtPXDzDcw', NULL, '127.0.0.1', 'Mozilla/5.0 (Windows NT 10.0; Win64; x64) AppleWebKit/537.36 (KHTML, like Gecko) Chrome/120.0.0.0 Safari/537.36 OPR/106.0.0.0', 'YTozOntzOjY6Il90b2tlbiI7czo0MDoiamtXVTZlVjBHMkdEZDNOajBMT1hJNktKZkZtVk80M2JOZnFiVE96biI7czo5OiJfcHJldmlvdXMiO2E6MTp7czozOiJ1cmwiO3M6NTY6Imh0dHA6Ly8xMjcuMC4wLjE6ODAwMC9ldHVkaWFudC9zZWFyY2g/Q29kZUFwb2dlZT0yMDE4Mzk0Ijt9czo2OiJfZmxhc2giO2E6Mjp7czozOiJvbGQiO2E6MDp7fXM6MzoibmV3IjthOjA6e319fQ==', 1705997450);

-- Dumping structure for table etudentexam.users
CREATE TABLE IF NOT EXISTS `users` (
  `id` bigint unsigned NOT NULL AUTO_INCREMENT,
  `name` varchar(255) COLLATE utf8mb4_unicode_ci NOT NULL,
  `email` varchar(255) COLLATE utf8mb4_unicode_ci NOT NULL,
  `email_verified_at` timestamp NULL DEFAULT NULL,
  `password` varchar(255) COLLATE utf8mb4_unicode_ci NOT NULL,
  `two_factor_secret` text COLLATE utf8mb4_unicode_ci,
  `two_factor_recovery_codes` text COLLATE utf8mb4_unicode_ci,
  `two_factor_confirmed_at` timestamp NULL DEFAULT NULL,
  `remember_token` varchar(100) COLLATE utf8mb4_unicode_ci DEFAULT NULL,
  `current_team_id` bigint unsigned DEFAULT NULL,
  `profile_photo_path` varchar(2048) COLLATE utf8mb4_unicode_ci DEFAULT NULL,
  `created_at` timestamp NULL DEFAULT NULL,
  `updated_at` timestamp NULL DEFAULT NULL,
  PRIMARY KEY (`id`),
  UNIQUE KEY `users_email_unique` (`email`)
) ENGINE=InnoDB AUTO_INCREMENT=3 DEFAULT CHARSET=utf8mb4 COLLATE=utf8mb4_unicode_ci;

-- Dumping data for table etudentexam.users: ~2 rows (approximately)
INSERT IGNORE INTO `users` (`id`, `name`, `email`, `email_verified_at`, `password`, `two_factor_secret`, `two_factor_recovery_codes`, `two_factor_confirmed_at`, `remember_token`, `current_team_id`, `profile_photo_path`, `created_at`, `updated_at`) VALUES
	(1, 'achraf', 'achrafelabouye@gmail.com', NULL, '$2y$10$EDgykAPagtQu9x3eMGHWwONyoiimLN/Ea4B5hjeWMKwkkVYGTY/Aa', NULL, NULL, NULL, NULL, NULL, NULL, NULL, NULL),
	(2, 'admin', 'admin@gmail.com', NULL, '$2y$10$NW74nB8k0NV1bGJM9Agzb.AIS71SvE39hXNM9LM5Uae2qx9xM.6b2', NULL, NULL, NULL, NULL, NULL, NULL, '2024-01-14 23:57:49', '2024-01-14 23:57:49');

/*!40103 SET TIME_ZONE=IFNULL(@OLD_TIME_ZONE, 'system') */;
/*!40101 SET SQL_MODE=IFNULL(@OLD_SQL_MODE, '') */;
/*!40014 SET FOREIGN_KEY_CHECKS=IFNULL(@OLD_FOREIGN_KEY_CHECKS, 1) */;
/*!40101 SET CHARACTER_SET_CLIENT=@OLD_CHARACTER_SET_CLIENT */;
/*!40111 SET SQL_NOTES=IFNULL(@OLD_SQL_NOTES, 1) */;
