-- --------------------------------------------------------
-- Host:                         127.0.0.1
-- Server version:               8.0.30 - MySQL Community Server - GPL
-- Server OS:                    Win64
-- HeidiSQL Version:             12.1.0.6537
-- --------------------------------------------------------

/*!40101 SET @OLD_CHARACTER_SET_CLIENT=@@CHARACTER_SET_CLIENT */;
/*!40101 SET NAMES utf8 */;
/*!50503 SET NAMES utf8mb4 */;
/*!40103 SET @OLD_TIME_ZONE=@@TIME_ZONE */;
/*!40103 SET TIME_ZONE='+00:00' */;
/*!40014 SET @OLD_FOREIGN_KEY_CHECKS=@@FOREIGN_KEY_CHECKS, FOREIGN_KEY_CHECKS=0 */;
/*!40101 SET @OLD_SQL_MODE=@@SQL_MODE, SQL_MODE='NO_AUTO_VALUE_ON_ZERO' */;
/*!40111 SET @OLD_SQL_NOTES=@@SQL_NOTES, SQL_NOTES=0 */;


-- Dumping database structure for etudentexam
CREATE DATABASE IF NOT EXISTS `etudentexam` /*!40100 DEFAULT CHARACTER SET utf8mb4 COLLATE utf8mb4_0900_ai_ci */ /*!80016 DEFAULT ENCRYPTION='N' */;
USE `etudentexam`;

-- Dumping structure for table etudentexam.calendrier_modules
CREATE TABLE IF NOT EXISTS `calendrier_modules` (
  `id` bigint unsigned NOT NULL AUTO_INCREMENT,
  `DateExamen` date NOT NULL,
  `Houre` varchar(255) COLLATE utf8mb4_unicode_ci NOT NULL,
  `idModule` bigint unsigned NOT NULL,
  `AnneeUniversitaire` varchar(10) COLLATE utf8mb4_unicode_ci NOT NULL,
  `idSESSION` bigint unsigned NOT NULL,
  `created_at` timestamp NULL DEFAULT NULL,
  `updated_at` timestamp NULL DEFAULT NULL,
  PRIMARY KEY (`id`),
  UNIQUE KEY `calendrier_modules_unique_constraint` (`idModule`,`idSESSION`,`AnneeUniversitaire`,`Houre`),
  KEY `calendrier_modules_idsession_foreign` (`idSESSION`),
  CONSTRAINT `calendrier_modules_idmodule_foreign` FOREIGN KEY (`idModule`) REFERENCES `modules` (`id`),
  CONSTRAINT `calendrier_modules_idsession_foreign` FOREIGN KEY (`idSESSION`) REFERENCES `calendrier_sessions` (`id`)
) ENGINE=InnoDB AUTO_INCREMENT=35 DEFAULT CHARSET=utf8mb4 COLLATE=utf8mb4_unicode_ci;

-- Dumping data for table etudentexam.calendrier_modules: ~23 rows (approximately)
INSERT IGNORE INTO `calendrier_modules` (`id`, `DateExamen`, `Houre`, `idModule`, `AnneeUniversitaire`, `idSESSION`, `created_at`, `updated_at`) VALUES
	(1, '2022-09-02', '12h30mn - 13h30mn', 1, '2023-2024', 1, '2024-01-23 18:28:27', '2024-01-23 18:28:27'),
	(2, '2022-09-02', '13h30mn - 14h30mn', 2, '2023-2024', 1, '2024-01-23 18:28:27', '2024-01-23 18:28:27'),
	(3, '2022-10-02', '12h30mn - 13h30mn', 3, '2023-2024', 1, '2024-01-23 18:28:27', '2024-01-23 18:28:27'),
	(4, '2022-10-02', '13h30mn - 14h30mn', 4, '2023-2024', 1, '2024-01-23 18:28:27', '2024-01-23 18:28:27'),
	(5, '2022-11-02', '12h30mn - 13h30mn', 5, '2023-2024', 1, '2024-01-23 18:28:27', '2024-01-23 18:28:27'),
	(6, '2022-11-02', '13h30mn - 14h30mn', 6, '2023-2024', 1, '2024-01-23 18:28:27', '2024-01-23 18:28:27'),
	(7, '2022-12-02', '11h30 - 12h30', 7, '2023-2024', 1, '2024-01-23 18:28:27', '2024-01-23 18:28:27'),
	(8, '2022-09-02', '08h30mn - 9h30mn', 51, '2023-2024', 1, '2024-01-23 18:37:55', '2024-01-23 18:37:55'),
	(9, '2022-09-02', '09h30mn - 10h30mn', 52, '2023-2024', 1, '2024-01-23 18:37:55', '2024-01-23 18:37:55'),
	(10, '2022-10-02', '08h30mn - 9h30mn', 53, '2023-2024', 1, '2024-01-23 18:37:55', '2024-01-23 18:37:55'),
	(11, '2022-10-02', '09h30mn - 10h30mn', 54, '2023-2024', 1, '2024-01-23 18:37:55', '2024-01-23 18:37:55'),
	(12, '2022-11-02', '08h30mn - 9h30mn', 55, '2023-2024', 1, '2024-01-23 18:37:55', '2024-01-23 18:37:55'),
	(13, '2022-11-02', '09h30mn - 10h30mn', 56, '2023-2024', 1, '2024-01-23 18:37:55', '2024-01-23 18:37:55'),
	(14, '2022-12-02', '11h30 - 12h30', 57, '2023-2024', 1, '2024-01-23 18:37:55', '2024-01-23 18:37:55'),
	(15, '2022-05-02', '11H30-12H30', 15, '2023-2024', 1, '2024-01-23 21:21:13', '2024-01-23 21:21:13'),
	(16, '2022-05-02', '12H30-13H30', 16, '2023-2024', 1, '2024-01-23 21:21:13', '2024-01-23 21:21:13'),
	(17, '2022-07-02', '11H30-12H30', 17, '2023-2024', 1, '2024-01-23 21:21:13', '2024-01-23 21:21:13'),
	(18, '2022-07-02', '12H30-13H30', 18, '2023-2024', 1, '2024-01-23 21:21:13', '2024-01-23 21:21:13'),
	(19, '2022-08-02', '11H30-12H30', 19, '2023-2024', 1, '2024-01-23 21:21:13', '2024-01-23 21:21:13'),
	(20, '2022-08-02', '12H30-13H30', 20, '2023-2024', 1, '2024-01-23 21:21:13', '2024-01-23 21:21:13');

-- Dumping structure for table etudentexam.calendrier_module_groupes
CREATE TABLE IF NOT EXISTS `calendrier_module_groupes` (
  `idCmodule` bigint unsigned NOT NULL,
  `idGroupe` bigint unsigned NOT NULL,
  PRIMARY KEY (`idCmodule`,`idGroupe`),
  KEY `calendrier_module_groupes_idgroupe_foreign` (`idGroupe`),
  CONSTRAINT `calendrier_module_groupes_idcmodule_foreign` FOREIGN KEY (`idCmodule`) REFERENCES `calendrier_modules` (`id`),
  CONSTRAINT `calendrier_module_groupes_idgroupe_foreign` FOREIGN KEY (`idGroupe`) REFERENCES `groupes` (`id`)
) ENGINE=InnoDB DEFAULT CHARSET=utf8mb4 COLLATE=utf8mb4_unicode_ci;

-- Dumping data for table etudentexam.calendrier_module_groupes: ~23 rows (approximately)
INSERT IGNORE INTO `calendrier_module_groupes` (`idCmodule`, `idGroupe`) VALUES
	(1, 1),
	(2, 1),
	(3, 1),
	(4, 1),
	(5, 1),
	(6, 1),
	(7, 1),
	(8, 1),
	(9, 1),
	(10, 1),
	(11, 1),
	(12, 1),
	(13, 1),
	(14, 1),
	(15, 2),
	(16, 2),
	(17, 2),
	(18, 2),
	(19, 2),
	(20, 2);

-- Dumping structure for table etudentexam.calendrier_sessions
CREATE TABLE IF NOT EXISTS `calendrier_sessions` (
  `id` bigint unsigned NOT NULL AUTO_INCREMENT,
  `SESSION` enum('ORD','RAT') COLLATE utf8mb4_unicode_ci NOT NULL,
  `part_semester` int NOT NULL,
  `created_at` timestamp NULL DEFAULT NULL,
  `updated_at` timestamp NULL DEFAULT NULL,
  PRIMARY KEY (`id`)
) ENGINE=InnoDB AUTO_INCREMENT=5 DEFAULT CHARSET=utf8mb4 COLLATE=utf8mb4_unicode_ci;

-- Dumping data for table etudentexam.calendrier_sessions: ~4 rows (approximately)
INSERT IGNORE INTO `calendrier_sessions` (`id`, `SESSION`, `part_semester`, `created_at`, `updated_at`) VALUES
	(1, 'ORD', 1, NULL, NULL),
	(2, 'RAT', 1, NULL, NULL),
	(3, 'ORD', 2, NULL, NULL),
	(4, 'RAT', 2, NULL, NULL);

-- Dumping structure for table etudentexam.detail_modules
CREATE TABLE IF NOT EXISTS `detail_modules` (
  `id` bigint unsigned NOT NULL AUTO_INCREMENT,
  `idModule` bigint unsigned NOT NULL,
  `idEtudiant` bigint unsigned NOT NULL,
  `etat` enum('I','NI') COLLATE utf8mb4_unicode_ci NOT NULL,
  `AnneeUniversitaire` varchar(10) COLLATE utf8mb4_unicode_ci NOT NULL,
  `idSESSION` bigint unsigned NOT NULL,
  `created_at` timestamp NULL DEFAULT NULL,
  `updated_at` timestamp NULL DEFAULT NULL,
  PRIMARY KEY (`id`),
  KEY `detail_modules_idmodule_foreign` (`idModule`),
  KEY `detail_modules_idsession_foreign` (`idSESSION`),
  KEY `detail_modules_idetudiant_foreign` (`idEtudiant`),
  CONSTRAINT `detail_modules_idetudiant_foreign` FOREIGN KEY (`idEtudiant`) REFERENCES `etudiants` (`id`),
  CONSTRAINT `detail_modules_idmodule_foreign` FOREIGN KEY (`idModule`) REFERENCES `modules` (`id`),
  CONSTRAINT `detail_modules_idsession_foreign` FOREIGN KEY (`idSESSION`) REFERENCES `calendrier_sessions` (`id`)
) ENGINE=InnoDB AUTO_INCREMENT=1941 DEFAULT CHARSET=utf8mb4 COLLATE=utf8mb4_unicode_ci;

-- Dumping data for table etudentexam.detail_modules: ~1,898 rows (approximately)
INSERT IGNORE INTO `detail_modules` (`id`, `idModule`, `idEtudiant`, `etat`, `AnneeUniversitaire`, `idSESSION`, `created_at`, `updated_at`) VALUES
	(1, 1, 1, 'I', '2023-2024', 1, '2024-01-23 18:07:52', '2024-01-23 18:07:52'),
	(2, 2, 1, 'NI', '2023-2024', 1, '2024-01-23 18:07:52', '2024-01-23 18:07:52'),
	(3, 3, 1, 'NI', '2023-2024', 1, '2024-01-23 18:07:52', '2024-01-23 18:07:52'),
	(4, 4, 1, 'I', '2023-2024', 1, '2024-01-23 18:07:52', '2024-01-23 18:07:52'),
	(5, 5, 1, 'NI', '2023-2024', 1, '2024-01-23 18:07:52', '2024-01-23 18:07:52'),
	(6, 6, 1, 'NI', '2023-2024', 1, '2024-01-23 18:07:52', '2024-01-23 18:07:52'),
	(7, 7, 1, 'I', '2023-2024', 1, '2024-01-23 18:07:52', '2024-01-23 18:07:52'),
	(8, 1, 2, 'I', '2023-2024', 1, '2024-01-23 18:07:52', '2024-01-23 18:07:52'),
	(9, 2, 2, 'NI', '2023-2024', 1, '2024-01-23 18:07:52', '2024-01-23 18:07:52'),
	(10, 3, 2, 'NI', '2023-2024', 1, '2024-01-23 18:07:52', '2024-01-23 18:07:52'),
	(11, 4, 2, 'NI', '2023-2024', 1, '2024-01-23 18:07:52', '2024-01-23 18:07:52'),
	(12, 5, 2, 'NI', '2023-2024', 1, '2024-01-23 18:07:52', '2024-01-23 18:07:52'),
	(13, 6, 2, 'NI', '2023-2024', 1, '2024-01-23 18:07:52', '2024-01-23 18:07:52'),
	(14, 7, 2, 'I', '2023-2024', 1, '2024-01-23 18:07:52', '2024-01-23 18:07:52'),
	(15, 1, 3, 'I', '2023-2024', 1, '2024-01-23 18:07:52', '2024-01-23 18:07:52'),
	(16, 2, 3, 'NI', '2023-2024', 1, '2024-01-23 18:07:52', '2024-01-23 18:07:52'),
	(17, 3, 3, 'NI', '2023-2024', 1, '2024-01-23 18:07:52', '2024-01-23 18:07:52'),
	(18, 4, 3, 'NI', '2023-2024', 1, '2024-01-23 18:07:52', '2024-01-23 18:07:52'),
	(19, 5, 3, 'NI', '2023-2024', 1, '2024-01-23 18:07:52', '2024-01-23 18:07:52'),
	(20, 6, 3, 'NI', '2023-2024', 1, '2024-01-23 18:07:52', '2024-01-23 18:07:52'),
	(21, 7, 3, 'NI', '2023-2024', 1, '2024-01-23 18:07:52', '2024-01-23 18:07:52'),
	(22, 1, 4, 'I', '2023-2024', 1, '2024-01-23 18:07:52', '2024-01-23 18:07:52'),
	(23, 2, 4, 'NI', '2023-2024', 1, '2024-01-23 18:07:52', '2024-01-23 18:07:52'),
	(24, 3, 4, 'NI', '2023-2024', 1, '2024-01-23 18:07:52', '2024-01-23 18:07:52'),
	(25, 4, 4, 'I', '2023-2024', 1, '2024-01-23 18:07:52', '2024-01-23 18:07:52'),
	(26, 5, 4, 'NI', '2023-2024', 1, '2024-01-23 18:07:52', '2024-01-23 18:07:52'),
	(27, 6, 4, 'NI', '2023-2024', 1, '2024-01-23 18:07:52', '2024-01-23 18:07:52'),
	(28, 7, 4, 'I', '2023-2024', 1, '2024-01-23 18:07:52', '2024-01-23 18:07:52'),
	(29, 1, 5, 'I', '2023-2024', 1, '2024-01-23 18:07:52', '2024-01-23 18:07:52'),
	(30, 2, 5, 'NI', '2023-2024', 1, '2024-01-23 18:07:52', '2024-01-23 18:07:52'),
	(31, 3, 5, 'NI', '2023-2024', 1, '2024-01-23 18:07:52', '2024-01-23 18:07:52'),
	(32, 4, 5, 'I', '2023-2024', 1, '2024-01-23 18:07:52', '2024-01-23 18:07:52'),
	(33, 5, 5, 'NI', '2023-2024', 1, '2024-01-23 18:07:52', '2024-01-23 18:07:52'),
	(34, 6, 5, 'NI', '2023-2024', 1, '2024-01-23 18:07:52', '2024-01-23 18:07:52'),
	(35, 7, 5, 'I', '2023-2024', 1, '2024-01-23 18:07:52', '2024-01-23 18:07:52'),
	(36, 1, 6, 'I', '2023-2024', 1, '2024-01-23 18:07:52', '2024-01-23 18:07:52'),
	(37, 2, 6, 'I', '2023-2024', 1, '2024-01-23 18:07:52', '2024-01-23 18:07:52'),
	(38, 3, 6, 'NI', '2023-2024', 1, '2024-01-23 18:07:52', '2024-01-23 18:07:52'),
	(39, 4, 6, 'NI', '2023-2024', 1, '2024-01-23 18:07:52', '2024-01-23 18:07:52'),
	(40, 5, 6, 'NI', '2023-2024', 1, '2024-01-23 18:07:52', '2024-01-23 18:07:52'),
	(41, 6, 6, 'NI', '2023-2024', 1, '2024-01-23 18:07:52', '2024-01-23 18:07:52'),
	(42, 7, 6, 'NI', '2023-2024', 1, '2024-01-23 18:07:52', '2024-01-23 18:07:52'),
	(43, 1, 7, 'I', '2023-2024', 1, '2024-01-23 18:07:52', '2024-01-23 18:07:52'),
	(44, 2, 7, 'I', '2023-2024', 1, '2024-01-23 18:07:52', '2024-01-23 18:07:52'),
	(45, 3, 7, 'I', '2023-2024', 1, '2024-01-23 18:07:52', '2024-01-23 18:07:52'),
	(46, 4, 7, 'I', '2023-2024', 1, '2024-01-23 18:07:52', '2024-01-23 18:07:52'),
	(47, 5, 7, 'I', '2023-2024', 1, '2024-01-23 18:07:52', '2024-01-23 18:07:52'),
	(48, 6, 7, 'I', '2023-2024', 1, '2024-01-23 18:07:52', '2024-01-23 18:07:52'),
	(49, 7, 7, 'I', '2023-2024', 1, '2024-01-23 18:07:52', '2024-01-23 18:07:52'),
	(50, 1, 8, 'I', '2023-2024', 1, '2024-01-23 18:07:52', '2024-01-23 18:07:52'),
	(51, 2, 8, 'I', '2023-2024', 1, '2024-01-23 18:07:52', '2024-01-23 18:07:52'),
	(52, 3, 8, 'NI', '2023-2024', 1, '2024-01-23 18:07:52', '2024-01-23 18:07:52'),
	(53, 4, 8, 'NI', '2023-2024', 1, '2024-01-23 18:07:52', '2024-01-23 18:07:52'),
	(54, 5, 8, 'NI', '2023-2024', 1, '2024-01-23 18:07:52', '2024-01-23 18:07:52'),
	(55, 6, 8, 'NI', '2023-2024', 1, '2024-01-23 18:07:52', '2024-01-23 18:07:52'),
	(56, 7, 8, 'NI', '2023-2024', 1, '2024-01-23 18:07:52', '2024-01-23 18:07:52'),
	(57, 1, 9, 'NI', '2023-2024', 1, '2024-01-23 18:07:52', '2024-01-23 18:07:52'),
	(58, 2, 9, 'NI', '2023-2024', 1, '2024-01-23 18:07:52', '2024-01-23 18:07:52'),
	(59, 3, 9, 'NI', '2023-2024', 1, '2024-01-23 18:07:52', '2024-01-23 18:07:52'),
	(60, 4, 9, 'NI', '2023-2024', 1, '2024-01-23 18:07:52', '2024-01-23 18:07:52'),
	(61, 5, 9, 'NI', '2023-2024', 1, '2024-01-23 18:07:52', '2024-01-23 18:07:52'),
	(62, 6, 9, 'NI', '2023-2024', 1, '2024-01-23 18:07:52', '2024-01-23 18:07:52'),
	(63, 7, 9, 'I', '2023-2024', 1, '2024-01-23 18:07:52', '2024-01-23 18:07:52'),
	(64, 1, 10, 'NI', '2023-2024', 1, '2024-01-23 18:07:52', '2024-01-23 18:07:52'),
	(65, 2, 10, 'I', '2023-2024', 1, '2024-01-23 18:07:52', '2024-01-23 18:07:52'),
	(66, 3, 10, 'NI', '2023-2024', 1, '2024-01-23 18:07:52', '2024-01-23 18:07:52'),
	(67, 4, 10, 'I', '2023-2024', 1, '2024-01-23 18:07:52', '2024-01-23 18:07:52'),
	(68, 5, 10, 'NI', '2023-2024', 1, '2024-01-23 18:07:52', '2024-01-23 18:07:52'),
	(69, 6, 10, 'NI', '2023-2024', 1, '2024-01-23 18:07:52', '2024-01-23 18:07:52'),
	(70, 7, 10, 'NI', '2023-2024', 1, '2024-01-23 18:07:52', '2024-01-23 18:07:52'),
	(71, 1, 11, 'NI', '2023-2024', 1, '2024-01-23 18:07:52', '2024-01-23 18:07:52'),
	(72, 2, 11, 'I', '2023-2024', 1, '2024-01-23 18:07:52', '2024-01-23 18:07:52'),
	(73, 3, 11, 'NI', '2023-2024', 1, '2024-01-23 18:07:52', '2024-01-23 18:07:52'),
	(74, 4, 11, 'I', '2023-2024', 1, '2024-01-23 18:07:52', '2024-01-23 18:07:52'),
	(75, 5, 11, 'NI', '2023-2024', 1, '2024-01-23 18:07:52', '2024-01-23 18:07:52'),
	(76, 6, 11, 'NI', '2023-2024', 1, '2024-01-23 18:07:52', '2024-01-23 18:07:52'),
	(77, 7, 11, 'NI', '2023-2024', 1, '2024-01-23 18:07:52', '2024-01-23 18:07:52'),
	(78, 1, 12, 'I', '2023-2024', 1, '2024-01-23 18:07:52', '2024-01-23 18:07:52'),
	(79, 2, 12, 'NI', '2023-2024', 1, '2024-01-23 18:07:52', '2024-01-23 18:07:52'),
	(80, 3, 12, 'NI', '2023-2024', 1, '2024-01-23 18:07:52', '2024-01-23 18:07:52'),
	(81, 4, 12, 'I', '2023-2024', 1, '2024-01-23 18:07:52', '2024-01-23 18:07:52'),
	(82, 5, 12, 'NI', '2023-2024', 1, '2024-01-23 18:07:52', '2024-01-23 18:07:52'),
	(83, 6, 12, 'NI', '2023-2024', 1, '2024-01-23 18:07:52', '2024-01-23 18:07:52'),
	(84, 7, 12, 'NI', '2023-2024', 1, '2024-01-23 18:07:52', '2024-01-23 18:07:52'),
	(85, 1, 13, 'I', '2023-2024', 1, '2024-01-23 18:07:52', '2024-01-23 18:07:52'),
	(86, 2, 13, 'I', '2023-2024', 1, '2024-01-23 18:07:52', '2024-01-23 18:07:52'),
	(87, 3, 13, 'I', '2023-2024', 1, '2024-01-23 18:07:52', '2024-01-23 18:07:52'),
	(88, 4, 13, 'I', '2023-2024', 1, '2024-01-23 18:07:53', '2024-01-23 18:07:53'),
	(89, 5, 13, 'NI', '2023-2024', 1, '2024-01-23 18:07:53', '2024-01-23 18:07:53'),
	(90, 6, 13, 'NI', '2023-2024', 1, '2024-01-23 18:07:53', '2024-01-23 18:07:53'),
	(91, 7, 13, 'I', '2023-2024', 1, '2024-01-23 18:07:53', '2024-01-23 18:07:53'),
	(92, 1, 14, 'I', '2023-2024', 1, '2024-01-23 18:07:53', '2024-01-23 18:07:53'),
	(93, 2, 14, 'NI', '2023-2024', 1, '2024-01-23 18:07:53', '2024-01-23 18:07:53'),
	(94, 3, 14, 'NI', '2023-2024', 1, '2024-01-23 18:07:53', '2024-01-23 18:07:53'),
	(95, 4, 14, 'NI', '2023-2024', 1, '2024-01-23 18:07:53', '2024-01-23 18:07:53'),
	(96, 5, 14, 'NI', '2023-2024', 1, '2024-01-23 18:07:53', '2024-01-23 18:07:53'),
	(97, 6, 14, 'NI', '2023-2024', 1, '2024-01-23 18:07:53', '2024-01-23 18:07:53'),
	(98, 7, 14, 'I', '2023-2024', 1, '2024-01-23 18:07:53', '2024-01-23 18:07:53'),
	(99, 1, 15, 'I', '2023-2024', 1, '2024-01-23 18:07:53', '2024-01-23 18:07:53'),
	(100, 2, 15, 'NI', '2023-2024', 1, '2024-01-23 18:07:53', '2024-01-23 18:07:53'),
	(101, 3, 15, 'NI', '2023-2024', 1, '2024-01-23 18:07:53', '2024-01-23 18:07:53'),
	(102, 4, 15, 'I', '2023-2024', 1, '2024-01-23 18:07:53', '2024-01-23 18:07:53'),
	(103, 5, 15, 'NI', '2023-2024', 1, '2024-01-23 18:07:53', '2024-01-23 18:07:53'),
	(104, 6, 15, 'I', '2023-2024', 1, '2024-01-23 18:07:53', '2024-01-23 18:07:53'),
	(105, 7, 15, 'I', '2023-2024', 1, '2024-01-23 18:07:53', '2024-01-23 18:07:53'),
	(106, 1, 16, 'NI', '2023-2024', 1, '2024-01-23 18:07:53', '2024-01-23 18:07:53'),
	(107, 2, 16, 'NI', '2023-2024', 1, '2024-01-23 18:07:53', '2024-01-23 18:07:53'),
	(108, 3, 16, 'I', '2023-2024', 1, '2024-01-23 18:07:53', '2024-01-23 18:07:53'),
	(109, 4, 16, 'NI', '2023-2024', 1, '2024-01-23 18:07:53', '2024-01-23 18:07:53'),
	(110, 5, 16, 'NI', '2023-2024', 1, '2024-01-23 18:07:53', '2024-01-23 18:07:53'),
	(111, 6, 16, 'NI', '2023-2024', 1, '2024-01-23 18:07:53', '2024-01-23 18:07:53'),
	(112, 7, 16, 'I', '2023-2024', 1, '2024-01-23 18:07:53', '2024-01-23 18:07:53'),
	(113, 1, 17, 'I', '2023-2024', 1, '2024-01-23 18:07:53', '2024-01-23 18:07:53'),
	(114, 2, 17, 'NI', '2023-2024', 1, '2024-01-23 18:07:53', '2024-01-23 18:07:53'),
	(115, 3, 17, 'NI', '2023-2024', 1, '2024-01-23 18:07:53', '2024-01-23 18:07:53'),
	(116, 4, 17, 'NI', '2023-2024', 1, '2024-01-23 18:07:53', '2024-01-23 18:07:53'),
	(117, 5, 17, 'NI', '2023-2024', 1, '2024-01-23 18:07:53', '2024-01-23 18:07:53'),
	(118, 6, 17, 'NI', '2023-2024', 1, '2024-01-23 18:07:53', '2024-01-23 18:07:53'),
	(119, 7, 17, 'NI', '2023-2024', 1, '2024-01-23 18:07:53', '2024-01-23 18:07:53'),
	(120, 1, 18, 'I', '2023-2024', 1, '2024-01-23 18:07:53', '2024-01-23 18:07:53'),
	(121, 2, 18, 'NI', '2023-2024', 1, '2024-01-23 18:07:53', '2024-01-23 18:07:53'),
	(122, 3, 18, 'I', '2023-2024', 1, '2024-01-23 18:07:53', '2024-01-23 18:07:53'),
	(123, 4, 18, 'NI', '2023-2024', 1, '2024-01-23 18:07:53', '2024-01-23 18:07:53'),
	(124, 5, 18, 'NI', '2023-2024', 1, '2024-01-23 18:07:53', '2024-01-23 18:07:53'),
	(125, 6, 18, 'NI', '2023-2024', 1, '2024-01-23 18:07:53', '2024-01-23 18:07:53'),
	(126, 7, 18, 'I', '2023-2024', 1, '2024-01-23 18:07:53', '2024-01-23 18:07:53'),
	(127, 1, 19, 'NI', '2023-2024', 1, '2024-01-23 18:07:53', '2024-01-23 18:07:53'),
	(128, 2, 19, 'NI', '2023-2024', 1, '2024-01-23 18:07:53', '2024-01-23 18:07:53'),
	(129, 3, 19, 'NI', '2023-2024', 1, '2024-01-23 18:07:53', '2024-01-23 18:07:53'),
	(130, 4, 19, 'NI', '2023-2024', 1, '2024-01-23 18:07:53', '2024-01-23 18:07:53'),
	(131, 5, 19, 'NI', '2023-2024', 1, '2024-01-23 18:07:53', '2024-01-23 18:07:53'),
	(132, 6, 19, 'NI', '2023-2024', 1, '2024-01-23 18:07:53', '2024-01-23 18:07:53'),
	(133, 7, 19, 'I', '2023-2024', 1, '2024-01-23 18:07:53', '2024-01-23 18:07:53'),
	(134, 1, 20, 'I', '2023-2024', 1, '2024-01-23 18:07:53', '2024-01-23 18:07:53'),
	(135, 2, 20, 'NI', '2023-2024', 1, '2024-01-23 18:07:53', '2024-01-23 18:07:53'),
	(136, 3, 20, 'NI', '2023-2024', 1, '2024-01-23 18:07:53', '2024-01-23 18:07:53'),
	(137, 4, 20, 'NI', '2023-2024', 1, '2024-01-23 18:07:53', '2024-01-23 18:07:53'),
	(138, 5, 20, 'NI', '2023-2024', 1, '2024-01-23 18:07:53', '2024-01-23 18:07:53'),
	(139, 6, 20, 'NI', '2023-2024', 1, '2024-01-23 18:07:53', '2024-01-23 18:07:53'),
	(140, 7, 20, 'I', '2023-2024', 1, '2024-01-23 18:07:53', '2024-01-23 18:07:53'),
	(141, 1, 21, 'NI', '2023-2024', 1, '2024-01-23 18:07:53', '2024-01-23 18:07:53'),
	(142, 2, 21, 'NI', '2023-2024', 1, '2024-01-23 18:07:53', '2024-01-23 18:07:53'),
	(143, 3, 21, 'NI', '2023-2024', 1, '2024-01-23 18:07:53', '2024-01-23 18:07:53'),
	(144, 4, 21, 'I', '2023-2024', 1, '2024-01-23 18:07:53', '2024-01-23 18:07:53'),
	(145, 5, 21, 'I', '2023-2024', 1, '2024-01-23 18:07:53', '2024-01-23 18:07:53'),
	(146, 6, 21, 'I', '2023-2024', 1, '2024-01-23 18:07:53', '2024-01-23 18:07:53'),
	(147, 7, 21, 'NI', '2023-2024', 1, '2024-01-23 18:07:53', '2024-01-23 18:07:53'),
	(148, 1, 22, 'I', '2023-2024', 1, '2024-01-23 18:07:53', '2024-01-23 18:07:53'),
	(149, 2, 22, 'NI', '2023-2024', 1, '2024-01-23 18:07:53', '2024-01-23 18:07:53'),
	(150, 3, 22, 'NI', '2023-2024', 1, '2024-01-23 18:07:53', '2024-01-23 18:07:53'),
	(151, 4, 22, 'NI', '2023-2024', 1, '2024-01-23 18:07:53', '2024-01-23 18:07:53'),
	(152, 5, 22, 'NI', '2023-2024', 1, '2024-01-23 18:07:53', '2024-01-23 18:07:53'),
	(153, 6, 22, 'NI', '2023-2024', 1, '2024-01-23 18:07:53', '2024-01-23 18:07:53'),
	(154, 7, 22, 'I', '2023-2024', 1, '2024-01-23 18:07:53', '2024-01-23 18:07:53'),
	(155, 1, 23, 'I', '2023-2024', 1, '2024-01-23 18:07:53', '2024-01-23 18:07:53'),
	(156, 2, 23, 'NI', '2023-2024', 1, '2024-01-23 18:07:53', '2024-01-23 18:07:53'),
	(157, 3, 23, 'NI', '2023-2024', 1, '2024-01-23 18:07:53', '2024-01-23 18:07:53'),
	(158, 4, 23, 'I', '2023-2024', 1, '2024-01-23 18:07:53', '2024-01-23 18:07:53'),
	(159, 5, 23, 'NI', '2023-2024', 1, '2024-01-23 18:07:53', '2024-01-23 18:07:53'),
	(160, 6, 23, 'NI', '2023-2024', 1, '2024-01-23 18:07:53', '2024-01-23 18:07:53'),
	(161, 7, 23, 'I', '2023-2024', 1, '2024-01-23 18:07:53', '2024-01-23 18:07:53'),
	(162, 1, 24, 'I', '2023-2024', 1, '2024-01-23 18:07:53', '2024-01-23 18:07:53'),
	(163, 2, 24, 'I', '2023-2024', 1, '2024-01-23 18:07:53', '2024-01-23 18:07:53'),
	(164, 3, 24, 'NI', '2023-2024', 1, '2024-01-23 18:07:53', '2024-01-23 18:07:53'),
	(165, 4, 24, 'I', '2023-2024', 1, '2024-01-23 18:07:53', '2024-01-23 18:07:53'),
	(166, 5, 24, 'NI', '2023-2024', 1, '2024-01-23 18:07:53', '2024-01-23 18:07:53'),
	(167, 6, 24, 'NI', '2023-2024', 1, '2024-01-23 18:07:53', '2024-01-23 18:07:53'),
	(168, 7, 24, 'I', '2023-2024', 1, '2024-01-23 18:07:53', '2024-01-23 18:07:53'),
	(169, 1, 25, 'I', '2023-2024', 1, '2024-01-23 18:07:53', '2024-01-23 18:07:53'),
	(170, 2, 25, 'NI', '2023-2024', 1, '2024-01-23 18:07:53', '2024-01-23 18:07:53'),
	(171, 3, 25, 'NI', '2023-2024', 1, '2024-01-23 18:07:53', '2024-01-23 18:07:53'),
	(172, 4, 25, 'NI', '2023-2024', 1, '2024-01-23 18:07:53', '2024-01-23 18:07:53'),
	(173, 5, 25, 'NI', '2023-2024', 1, '2024-01-23 18:07:53', '2024-01-23 18:07:53'),
	(174, 6, 25, 'NI', '2023-2024', 1, '2024-01-23 18:07:53', '2024-01-23 18:07:53'),
	(175, 7, 25, 'NI', '2023-2024', 1, '2024-01-23 18:07:53', '2024-01-23 18:07:53'),
	(176, 1, 26, 'I', '2023-2024', 1, '2024-01-23 18:07:53', '2024-01-23 18:07:53'),
	(177, 2, 26, 'NI', '2023-2024', 1, '2024-01-23 18:07:53', '2024-01-23 18:07:53'),
	(178, 3, 26, 'NI', '2023-2024', 1, '2024-01-23 18:07:53', '2024-01-23 18:07:53'),
	(179, 4, 26, 'NI', '2023-2024', 1, '2024-01-23 18:07:53', '2024-01-23 18:07:53'),
	(180, 5, 26, 'NI', '2023-2024', 1, '2024-01-23 18:07:53', '2024-01-23 18:07:53'),
	(181, 6, 26, 'NI', '2023-2024', 1, '2024-01-23 18:07:53', '2024-01-23 18:07:53'),
	(182, 7, 26, 'NI', '2023-2024', 1, '2024-01-23 18:07:53', '2024-01-23 18:07:53'),
	(183, 1, 27, 'I', '2023-2024', 1, '2024-01-23 18:07:53', '2024-01-23 18:07:53'),
	(184, 2, 27, 'I', '2023-2024', 1, '2024-01-23 18:07:53', '2024-01-23 18:07:53'),
	(185, 3, 27, 'I', '2023-2024', 1, '2024-01-23 18:07:53', '2024-01-23 18:07:53'),
	(186, 4, 27, 'I', '2023-2024', 1, '2024-01-23 18:07:53', '2024-01-23 18:07:53'),
	(187, 5, 27, 'I', '2023-2024', 1, '2024-01-23 18:07:53', '2024-01-23 18:07:53'),
	(188, 6, 27, 'I', '2023-2024', 1, '2024-01-23 18:07:54', '2024-01-23 18:07:54'),
	(189, 7, 27, 'I', '2023-2024', 1, '2024-01-23 18:07:54', '2024-01-23 18:07:54'),
	(190, 1, 28, 'I', '2023-2024', 1, '2024-01-23 18:07:54', '2024-01-23 18:07:54'),
	(191, 2, 28, 'NI', '2023-2024', 1, '2024-01-23 18:07:54', '2024-01-23 18:07:54'),
	(192, 3, 28, 'NI', '2023-2024', 1, '2024-01-23 18:07:54', '2024-01-23 18:07:54'),
	(193, 4, 28, 'I', '2023-2024', 1, '2024-01-23 18:07:54', '2024-01-23 18:07:54'),
	(194, 5, 28, 'NI', '2023-2024', 1, '2024-01-23 18:07:54', '2024-01-23 18:07:54'),
	(195, 6, 28, 'NI', '2023-2024', 1, '2024-01-23 18:07:54', '2024-01-23 18:07:54'),
	(196, 7, 28, 'I', '2023-2024', 1, '2024-01-23 18:07:54', '2024-01-23 18:07:54'),
	(197, 1, 29, 'I', '2023-2024', 1, '2024-01-23 18:07:54', '2024-01-23 18:07:54'),
	(198, 2, 29, 'I', '2023-2024', 1, '2024-01-23 18:07:54', '2024-01-23 18:07:54'),
	(199, 3, 29, 'NI', '2023-2024', 1, '2024-01-23 18:07:54', '2024-01-23 18:07:54'),
	(200, 4, 29, 'NI', '2023-2024', 1, '2024-01-23 18:07:54', '2024-01-23 18:07:54'),
	(201, 5, 29, 'NI', '2023-2024', 1, '2024-01-23 18:07:54', '2024-01-23 18:07:54'),
	(202, 6, 29, 'NI', '2023-2024', 1, '2024-01-23 18:07:54', '2024-01-23 18:07:54'),
	(203, 7, 29, 'I', '2023-2024', 1, '2024-01-23 18:07:54', '2024-01-23 18:07:54'),
	(204, 1, 30, 'I', '2023-2024', 1, '2024-01-23 18:07:54', '2024-01-23 18:07:54'),
	(205, 2, 30, 'NI', '2023-2024', 1, '2024-01-23 18:07:54', '2024-01-23 18:07:54'),
	(206, 3, 30, 'NI', '2023-2024', 1, '2024-01-23 18:07:54', '2024-01-23 18:07:54'),
	(207, 4, 30, 'NI', '2023-2024', 1, '2024-01-23 18:07:54', '2024-01-23 18:07:54'),
	(208, 5, 30, 'NI', '2023-2024', 1, '2024-01-23 18:07:54', '2024-01-23 18:07:54'),
	(209, 6, 30, 'NI', '2023-2024', 1, '2024-01-23 18:07:54', '2024-01-23 18:07:54'),
	(210, 7, 30, 'NI', '2023-2024', 1, '2024-01-23 18:07:54', '2024-01-23 18:07:54'),
	(211, 1, 31, 'I', '2023-2024', 1, '2024-01-23 18:07:54', '2024-01-23 18:07:54'),
	(212, 2, 31, 'NI', '2023-2024', 1, '2024-01-23 18:07:54', '2024-01-23 18:07:54'),
	(213, 3, 31, 'NI', '2023-2024', 1, '2024-01-23 18:07:54', '2024-01-23 18:07:54'),
	(214, 4, 31, 'NI', '2023-2024', 1, '2024-01-23 18:07:54', '2024-01-23 18:07:54'),
	(215, 5, 31, 'NI', '2023-2024', 1, '2024-01-23 18:07:54', '2024-01-23 18:07:54'),
	(216, 6, 31, 'NI', '2023-2024', 1, '2024-01-23 18:07:54', '2024-01-23 18:07:54'),
	(217, 7, 31, 'I', '2023-2024', 1, '2024-01-23 18:07:54', '2024-01-23 18:07:54'),
	(218, 1, 32, 'I', '2023-2024', 1, '2024-01-23 18:07:54', '2024-01-23 18:07:54'),
	(219, 2, 32, 'I', '2023-2024', 1, '2024-01-23 18:07:54', '2024-01-23 18:07:54'),
	(220, 3, 32, 'NI', '2023-2024', 1, '2024-01-23 18:07:54', '2024-01-23 18:07:54'),
	(221, 4, 32, 'NI', '2023-2024', 1, '2024-01-23 18:07:54', '2024-01-23 18:07:54'),
	(222, 5, 32, 'NI', '2023-2024', 1, '2024-01-23 18:07:54', '2024-01-23 18:07:54'),
	(223, 6, 32, 'I', '2023-2024', 1, '2024-01-23 18:07:54', '2024-01-23 18:07:54'),
	(224, 7, 32, 'I', '2023-2024', 1, '2024-01-23 18:07:54', '2024-01-23 18:07:54'),
	(225, 1, 33, 'I', '2023-2024', 1, '2024-01-23 18:07:54', '2024-01-23 18:07:54'),
	(226, 2, 33, 'NI', '2023-2024', 1, '2024-01-23 18:07:54', '2024-01-23 18:07:54'),
	(227, 3, 33, 'NI', '2023-2024', 1, '2024-01-23 18:07:54', '2024-01-23 18:07:54'),
	(228, 4, 33, 'I', '2023-2024', 1, '2024-01-23 18:07:54', '2024-01-23 18:07:54'),
	(229, 5, 33, 'I', '2023-2024', 1, '2024-01-23 18:07:54', '2024-01-23 18:07:54'),
	(230, 6, 33, 'I', '2023-2024', 1, '2024-01-23 18:07:54', '2024-01-23 18:07:54'),
	(231, 7, 33, 'I', '2023-2024', 1, '2024-01-23 18:07:54', '2024-01-23 18:07:54'),
	(232, 1, 34, 'I', '2023-2024', 1, '2024-01-23 18:07:54', '2024-01-23 18:07:54'),
	(233, 2, 34, 'NI', '2023-2024', 1, '2024-01-23 18:07:54', '2024-01-23 18:07:54'),
	(234, 3, 34, 'NI', '2023-2024', 1, '2024-01-23 18:07:54', '2024-01-23 18:07:54'),
	(235, 4, 34, 'I', '2023-2024', 1, '2024-01-23 18:07:54', '2024-01-23 18:07:54'),
	(236, 5, 34, 'NI', '2023-2024', 1, '2024-01-23 18:07:54', '2024-01-23 18:07:54'),
	(237, 6, 34, 'NI', '2023-2024', 1, '2024-01-23 18:07:54', '2024-01-23 18:07:54'),
	(238, 7, 34, 'NI', '2023-2024', 1, '2024-01-23 18:07:54', '2024-01-23 18:07:54'),
	(239, 1, 35, 'NI', '2023-2024', 1, '2024-01-23 18:07:54', '2024-01-23 18:07:54'),
	(240, 2, 35, 'I', '2023-2024', 1, '2024-01-23 18:07:54', '2024-01-23 18:07:54'),
	(241, 3, 35, 'NI', '2023-2024', 1, '2024-01-23 18:07:54', '2024-01-23 18:07:54'),
	(242, 4, 35, 'NI', '2023-2024', 1, '2024-01-23 18:07:54', '2024-01-23 18:07:54'),
	(243, 5, 35, 'NI', '2023-2024', 1, '2024-01-23 18:07:54', '2024-01-23 18:07:54'),
	(244, 6, 35, 'I', '2023-2024', 1, '2024-01-23 18:07:54', '2024-01-23 18:07:54'),
	(245, 7, 35, 'I', '2023-2024', 1, '2024-01-23 18:07:54', '2024-01-23 18:07:54'),
	(246, 1, 36, 'I', '2023-2024', 1, '2024-01-23 18:07:54', '2024-01-23 18:07:54'),
	(247, 2, 36, 'NI', '2023-2024', 1, '2024-01-23 18:07:54', '2024-01-23 18:07:54'),
	(248, 3, 36, 'NI', '2023-2024', 1, '2024-01-23 18:07:54', '2024-01-23 18:07:54'),
	(249, 4, 36, 'I', '2023-2024', 1, '2024-01-23 18:07:54', '2024-01-23 18:07:54'),
	(250, 5, 36, 'NI', '2023-2024', 1, '2024-01-23 18:07:54', '2024-01-23 18:07:54'),
	(251, 6, 36, 'NI', '2023-2024', 1, '2024-01-23 18:07:54', '2024-01-23 18:07:54'),
	(252, 7, 36, 'NI', '2023-2024', 1, '2024-01-23 18:07:54', '2024-01-23 18:07:54'),
	(253, 1, 37, 'I', '2023-2024', 1, '2024-01-23 18:07:54', '2024-01-23 18:07:54'),
	(254, 2, 37, 'NI', '2023-2024', 1, '2024-01-23 18:07:54', '2024-01-23 18:07:54'),
	(255, 3, 37, 'NI', '2023-2024', 1, '2024-01-23 18:07:54', '2024-01-23 18:07:54'),
	(256, 4, 37, 'NI', '2023-2024', 1, '2024-01-23 18:07:54', '2024-01-23 18:07:54'),
	(257, 5, 37, 'NI', '2023-2024', 1, '2024-01-23 18:07:54', '2024-01-23 18:07:54'),
	(258, 6, 37, 'NI', '2023-2024', 1, '2024-01-23 18:07:54', '2024-01-23 18:07:54'),
	(259, 7, 37, 'NI', '2023-2024', 1, '2024-01-23 18:07:54', '2024-01-23 18:07:54'),
	(260, 1, 38, 'I', '2023-2024', 1, '2024-01-23 18:07:54', '2024-01-23 18:07:54'),
	(261, 2, 38, 'NI', '2023-2024', 1, '2024-01-23 18:07:54', '2024-01-23 18:07:54'),
	(262, 3, 38, 'NI', '2023-2024', 1, '2024-01-23 18:07:54', '2024-01-23 18:07:54'),
	(263, 4, 38, 'NI', '2023-2024', 1, '2024-01-23 18:07:54', '2024-01-23 18:07:54'),
	(264, 5, 38, 'NI', '2023-2024', 1, '2024-01-23 18:07:54', '2024-01-23 18:07:54'),
	(265, 6, 38, 'NI', '2023-2024', 1, '2024-01-23 18:07:54', '2024-01-23 18:07:54'),
	(266, 7, 38, 'I', '2023-2024', 1, '2024-01-23 18:07:54', '2024-01-23 18:07:54'),
	(267, 1, 39, 'I', '2023-2024', 1, '2024-01-23 18:07:54', '2024-01-23 18:07:54'),
	(268, 2, 39, 'NI', '2023-2024', 1, '2024-01-23 18:07:54', '2024-01-23 18:07:54'),
	(269, 3, 39, 'NI', '2023-2024', 1, '2024-01-23 18:07:54', '2024-01-23 18:07:54'),
	(270, 4, 39, 'NI', '2023-2024', 1, '2024-01-23 18:07:54', '2024-01-23 18:07:54'),
	(271, 5, 39, 'NI', '2023-2024', 1, '2024-01-23 18:07:54', '2024-01-23 18:07:54'),
	(272, 6, 39, 'NI', '2023-2024', 1, '2024-01-23 18:07:54', '2024-01-23 18:07:54'),
	(273, 7, 39, 'NI', '2023-2024', 1, '2024-01-23 18:07:54', '2024-01-23 18:07:54'),
	(274, 1, 40, 'NI', '2023-2024', 1, '2024-01-23 18:07:54', '2024-01-23 18:07:54'),
	(275, 2, 40, 'NI', '2023-2024', 1, '2024-01-23 18:07:54', '2024-01-23 18:07:54'),
	(276, 3, 40, 'NI', '2023-2024', 1, '2024-01-23 18:07:54', '2024-01-23 18:07:54'),
	(277, 4, 40, 'I', '2023-2024', 1, '2024-01-23 18:07:54', '2024-01-23 18:07:54'),
	(278, 5, 40, 'NI', '2023-2024', 1, '2024-01-23 18:07:54', '2024-01-23 18:07:54'),
	(279, 6, 40, 'NI', '2023-2024', 1, '2024-01-23 18:07:54', '2024-01-23 18:07:54'),
	(280, 7, 40, 'I', '2023-2024', 1, '2024-01-23 18:07:55', '2024-01-23 18:07:55'),
	(281, 1, 41, 'NI', '2023-2024', 1, '2024-01-23 18:07:55', '2024-01-23 18:07:55'),
	(282, 2, 41, 'NI', '2023-2024', 1, '2024-01-23 18:07:55', '2024-01-23 18:07:55'),
	(283, 3, 41, 'NI', '2023-2024', 1, '2024-01-23 18:07:55', '2024-01-23 18:07:55'),
	(284, 4, 41, 'I', '2023-2024', 1, '2024-01-23 18:07:55', '2024-01-23 18:07:55'),
	(285, 5, 41, 'NI', '2023-2024', 1, '2024-01-23 18:07:55', '2024-01-23 18:07:55'),
	(286, 6, 41, 'I', '2023-2024', 1, '2024-01-23 18:07:55', '2024-01-23 18:07:55'),
	(287, 7, 41, 'NI', '2023-2024', 1, '2024-01-23 18:07:55', '2024-01-23 18:07:55'),
	(288, 1, 42, 'NI', '2023-2024', 1, '2024-01-23 18:07:55', '2024-01-23 18:07:55'),
	(289, 2, 42, 'NI', '2023-2024', 1, '2024-01-23 18:07:55', '2024-01-23 18:07:55'),
	(290, 3, 42, 'NI', '2023-2024', 1, '2024-01-23 18:07:55', '2024-01-23 18:07:55'),
	(291, 4, 42, 'NI', '2023-2024', 1, '2024-01-23 18:07:55', '2024-01-23 18:07:55'),
	(292, 5, 42, 'NI', '2023-2024', 1, '2024-01-23 18:07:55', '2024-01-23 18:07:55'),
	(293, 6, 42, 'NI', '2023-2024', 1, '2024-01-23 18:07:55', '2024-01-23 18:07:55'),
	(294, 7, 42, 'I', '2023-2024', 1, '2024-01-23 18:07:55', '2024-01-23 18:07:55'),
	(295, 1, 43, 'I', '2023-2024', 1, '2024-01-23 18:07:55', '2024-01-23 18:07:55'),
	(296, 2, 43, 'NI', '2023-2024', 1, '2024-01-23 18:07:55', '2024-01-23 18:07:55'),
	(297, 3, 43, 'NI', '2023-2024', 1, '2024-01-23 18:07:55', '2024-01-23 18:07:55'),
	(298, 4, 43, 'NI', '2023-2024', 1, '2024-01-23 18:07:55', '2024-01-23 18:07:55'),
	(299, 5, 43, 'NI', '2023-2024', 1, '2024-01-23 18:07:55', '2024-01-23 18:07:55'),
	(300, 6, 43, 'NI', '2023-2024', 1, '2024-01-23 18:07:55', '2024-01-23 18:07:55'),
	(301, 7, 43, 'NI', '2023-2024', 1, '2024-01-23 18:07:55', '2024-01-23 18:07:55'),
	(302, 1, 44, 'NI', '2023-2024', 1, '2024-01-23 18:07:55', '2024-01-23 18:07:55'),
	(303, 2, 44, 'NI', '2023-2024', 1, '2024-01-23 18:07:55', '2024-01-23 18:07:55'),
	(304, 3, 44, 'NI', '2023-2024', 1, '2024-01-23 18:07:55', '2024-01-23 18:07:55'),
	(305, 4, 44, 'NI', '2023-2024', 1, '2024-01-23 18:07:55', '2024-01-23 18:07:55'),
	(306, 5, 44, 'NI', '2023-2024', 1, '2024-01-23 18:07:55', '2024-01-23 18:07:55'),
	(307, 6, 44, 'NI', '2023-2024', 1, '2024-01-23 18:07:55', '2024-01-23 18:07:55'),
	(308, 7, 44, 'I', '2023-2024', 1, '2024-01-23 18:07:55', '2024-01-23 18:07:55'),
	(309, 1, 45, 'I', '2023-2024', 1, '2024-01-23 18:07:55', '2024-01-23 18:07:55'),
	(310, 2, 45, 'NI', '2023-2024', 1, '2024-01-23 18:07:55', '2024-01-23 18:07:55'),
	(311, 3, 45, 'NI', '2023-2024', 1, '2024-01-23 18:07:55', '2024-01-23 18:07:55'),
	(312, 4, 45, 'NI', '2023-2024', 1, '2024-01-23 18:07:55', '2024-01-23 18:07:55'),
	(313, 5, 45, 'NI', '2023-2024', 1, '2024-01-23 18:07:55', '2024-01-23 18:07:55'),
	(314, 6, 45, 'NI', '2023-2024', 1, '2024-01-23 18:07:55', '2024-01-23 18:07:55'),
	(315, 7, 45, 'I', '2023-2024', 1, '2024-01-23 18:07:55', '2024-01-23 18:07:55'),
	(316, 1, 46, 'NI', '2023-2024', 1, '2024-01-23 18:07:55', '2024-01-23 18:07:55'),
	(317, 2, 46, 'NI', '2023-2024', 1, '2024-01-23 18:07:55', '2024-01-23 18:07:55'),
	(318, 3, 46, 'NI', '2023-2024', 1, '2024-01-23 18:07:55', '2024-01-23 18:07:55'),
	(319, 4, 46, 'NI', '2023-2024', 1, '2024-01-23 18:07:55', '2024-01-23 18:07:55'),
	(320, 5, 46, 'NI', '2023-2024', 1, '2024-01-23 18:07:55', '2024-01-23 18:07:55'),
	(321, 6, 46, 'NI', '2023-2024', 1, '2024-01-23 18:07:55', '2024-01-23 18:07:55'),
	(322, 7, 46, 'I', '2023-2024', 1, '2024-01-23 18:07:55', '2024-01-23 18:07:55'),
	(323, 1, 47, 'I', '2023-2024', 1, '2024-01-23 18:07:55', '2024-01-23 18:07:55'),
	(324, 2, 47, 'NI', '2023-2024', 1, '2024-01-23 18:07:55', '2024-01-23 18:07:55'),
	(325, 3, 47, 'NI', '2023-2024', 1, '2024-01-23 18:07:55', '2024-01-23 18:07:55'),
	(326, 4, 47, 'I', '2023-2024', 1, '2024-01-23 18:07:55', '2024-01-23 18:07:55'),
	(327, 5, 47, 'NI', '2023-2024', 1, '2024-01-23 18:07:55', '2024-01-23 18:07:55'),
	(328, 6, 47, 'NI', '2023-2024', 1, '2024-01-23 18:07:55', '2024-01-23 18:07:55'),
	(329, 7, 47, 'NI', '2023-2024', 1, '2024-01-23 18:07:55', '2024-01-23 18:07:55'),
	(330, 1, 48, 'I', '2023-2024', 1, '2024-01-23 18:07:55', '2024-01-23 18:07:55'),
	(331, 2, 48, 'NI', '2023-2024', 1, '2024-01-23 18:07:55', '2024-01-23 18:07:55'),
	(332, 3, 48, 'NI', '2023-2024', 1, '2024-01-23 18:07:55', '2024-01-23 18:07:55'),
	(333, 4, 48, 'I', '2023-2024', 1, '2024-01-23 18:07:55', '2024-01-23 18:07:55'),
	(334, 5, 48, 'NI', '2023-2024', 1, '2024-01-23 18:07:55', '2024-01-23 18:07:55'),
	(335, 6, 48, 'I', '2023-2024', 1, '2024-01-23 18:07:55', '2024-01-23 18:07:55'),
	(336, 7, 48, 'I', '2023-2024', 1, '2024-01-23 18:07:55', '2024-01-23 18:07:55'),
	(337, 1, 49, 'I', '2023-2024', 1, '2024-01-23 18:07:55', '2024-01-23 18:07:55'),
	(338, 2, 49, 'NI', '2023-2024', 1, '2024-01-23 18:07:55', '2024-01-23 18:07:55'),
	(339, 3, 49, 'NI', '2023-2024', 1, '2024-01-23 18:07:55', '2024-01-23 18:07:55'),
	(340, 4, 49, 'I', '2023-2024', 1, '2024-01-23 18:07:55', '2024-01-23 18:07:55'),
	(341, 5, 49, 'NI', '2023-2024', 1, '2024-01-23 18:07:55', '2024-01-23 18:07:55'),
	(342, 6, 49, 'NI', '2023-2024', 1, '2024-01-23 18:07:55', '2024-01-23 18:07:55'),
	(343, 7, 49, 'NI', '2023-2024', 1, '2024-01-23 18:07:55', '2024-01-23 18:07:55'),
	(344, 1, 50, 'I', '2023-2024', 1, '2024-01-23 18:07:55', '2024-01-23 18:07:55'),
	(345, 2, 50, 'NI', '2023-2024', 1, '2024-01-23 18:07:55', '2024-01-23 18:07:55'),
	(346, 3, 50, 'NI', '2023-2024', 1, '2024-01-23 18:07:55', '2024-01-23 18:07:55'),
	(347, 4, 50, 'NI', '2023-2024', 1, '2024-01-23 18:07:55', '2024-01-23 18:07:55'),
	(348, 5, 50, 'NI', '2023-2024', 1, '2024-01-23 18:07:55', '2024-01-23 18:07:55'),
	(349, 6, 50, 'I', '2023-2024', 1, '2024-01-23 18:07:55', '2024-01-23 18:07:55'),
	(350, 7, 50, 'NI', '2023-2024', 1, '2024-01-23 18:07:55', '2024-01-23 18:07:55'),
	(351, 1, 51, 'I', '2023-2024', 1, '2024-01-23 18:07:55', '2024-01-23 18:07:55'),
	(352, 2, 51, 'NI', '2023-2024', 1, '2024-01-23 18:07:55', '2024-01-23 18:07:55'),
	(353, 3, 51, 'NI', '2023-2024', 1, '2024-01-23 18:07:55', '2024-01-23 18:07:55'),
	(354, 4, 51, 'I', '2023-2024', 1, '2024-01-23 18:07:55', '2024-01-23 18:07:55'),
	(355, 5, 51, 'NI', '2023-2024', 1, '2024-01-23 18:07:55', '2024-01-23 18:07:55'),
	(356, 6, 51, 'I', '2023-2024', 1, '2024-01-23 18:07:55', '2024-01-23 18:07:55'),
	(357, 7, 51, 'I', '2023-2024', 1, '2024-01-23 18:07:55', '2024-01-23 18:07:55'),
	(358, 1, 52, 'NI', '2023-2024', 1, '2024-01-23 18:07:55', '2024-01-23 18:07:55'),
	(359, 2, 52, 'I', '2023-2024', 1, '2024-01-23 18:07:55', '2024-01-23 18:07:55'),
	(360, 3, 52, 'NI', '2023-2024', 1, '2024-01-23 18:07:55', '2024-01-23 18:07:55'),
	(361, 4, 52, 'NI', '2023-2024', 1, '2024-01-23 18:07:55', '2024-01-23 18:07:55'),
	(362, 5, 52, 'NI', '2023-2024', 1, '2024-01-23 18:07:55', '2024-01-23 18:07:55'),
	(363, 6, 52, 'I', '2023-2024', 1, '2024-01-23 18:07:55', '2024-01-23 18:07:55'),
	(364, 7, 52, 'NI', '2023-2024', 1, '2024-01-23 18:07:55', '2024-01-23 18:07:55'),
	(365, 1, 53, 'I', '2023-2024', 1, '2024-01-23 18:07:55', '2024-01-23 18:07:55'),
	(366, 2, 53, 'NI', '2023-2024', 1, '2024-01-23 18:07:55', '2024-01-23 18:07:55'),
	(367, 3, 53, 'I', '2023-2024', 1, '2024-01-23 18:07:55', '2024-01-23 18:07:55'),
	(368, 4, 53, 'NI', '2023-2024', 1, '2024-01-23 18:07:55', '2024-01-23 18:07:55'),
	(369, 5, 53, 'NI', '2023-2024', 1, '2024-01-23 18:07:56', '2024-01-23 18:07:56'),
	(370, 6, 53, 'NI', '2023-2024', 1, '2024-01-23 18:07:56', '2024-01-23 18:07:56'),
	(371, 7, 53, 'NI', '2023-2024', 1, '2024-01-23 18:07:56', '2024-01-23 18:07:56'),
	(372, 1, 54, 'I', '2023-2024', 1, '2024-01-23 18:07:56', '2024-01-23 18:07:56'),
	(373, 2, 54, 'NI', '2023-2024', 1, '2024-01-23 18:07:56', '2024-01-23 18:07:56'),
	(374, 3, 54, 'NI', '2023-2024', 1, '2024-01-23 18:07:56', '2024-01-23 18:07:56'),
	(375, 4, 54, 'I', '2023-2024', 1, '2024-01-23 18:07:56', '2024-01-23 18:07:56'),
	(376, 5, 54, 'NI', '2023-2024', 1, '2024-01-23 18:07:56', '2024-01-23 18:07:56'),
	(377, 6, 54, 'I', '2023-2024', 1, '2024-01-23 18:07:56', '2024-01-23 18:07:56'),
	(378, 7, 54, 'NI', '2023-2024', 1, '2024-01-23 18:07:56', '2024-01-23 18:07:56'),
	(379, 1, 55, 'I', '2023-2024', 1, '2024-01-23 18:07:56', '2024-01-23 18:07:56'),
	(380, 2, 55, 'NI', '2023-2024', 1, '2024-01-23 18:07:56', '2024-01-23 18:07:56'),
	(381, 3, 55, 'NI', '2023-2024', 1, '2024-01-23 18:07:56', '2024-01-23 18:07:56'),
	(382, 4, 55, 'NI', '2023-2024', 1, '2024-01-23 18:07:56', '2024-01-23 18:07:56'),
	(383, 5, 55, 'NI', '2023-2024', 1, '2024-01-23 18:07:56', '2024-01-23 18:07:56'),
	(384, 6, 55, 'I', '2023-2024', 1, '2024-01-23 18:07:56', '2024-01-23 18:07:56'),
	(385, 7, 55, 'I', '2023-2024', 1, '2024-01-23 18:07:56', '2024-01-23 18:07:56'),
	(386, 1, 56, 'NI', '2023-2024', 1, '2024-01-23 18:07:56', '2024-01-23 18:07:56'),
	(387, 2, 56, 'NI', '2023-2024', 1, '2024-01-23 18:07:56', '2024-01-23 18:07:56'),
	(388, 3, 56, 'NI', '2023-2024', 1, '2024-01-23 18:07:56', '2024-01-23 18:07:56'),
	(389, 4, 56, 'NI', '2023-2024', 1, '2024-01-23 18:07:56', '2024-01-23 18:07:56'),
	(390, 5, 56, 'NI', '2023-2024', 1, '2024-01-23 18:07:56', '2024-01-23 18:07:56'),
	(391, 6, 56, 'NI', '2023-2024', 1, '2024-01-23 18:07:56', '2024-01-23 18:07:56'),
	(392, 7, 56, 'NI', '2023-2024', 1, '2024-01-23 18:07:56', '2024-01-23 18:07:56'),
	(393, 1, 57, 'I', '2023-2024', 1, '2024-01-23 18:07:56', '2024-01-23 18:07:56'),
	(394, 2, 57, 'NI', '2023-2024', 1, '2024-01-23 18:07:56', '2024-01-23 18:07:56'),
	(395, 3, 57, 'NI', '2023-2024', 1, '2024-01-23 18:07:56', '2024-01-23 18:07:56'),
	(396, 4, 57, 'NI', '2023-2024', 1, '2024-01-23 18:07:56', '2024-01-23 18:07:56'),
	(397, 5, 57, 'NI', '2023-2024', 1, '2024-01-23 18:07:56', '2024-01-23 18:07:56'),
	(398, 6, 57, 'NI', '2023-2024', 1, '2024-01-23 18:07:56', '2024-01-23 18:07:56'),
	(399, 7, 57, 'NI', '2023-2024', 1, '2024-01-23 18:07:56', '2024-01-23 18:07:56'),
	(400, 1, 58, 'I', '2023-2024', 1, '2024-01-23 18:07:56', '2024-01-23 18:07:56'),
	(401, 2, 58, 'NI', '2023-2024', 1, '2024-01-23 18:07:56', '2024-01-23 18:07:56'),
	(402, 3, 58, 'NI', '2023-2024', 1, '2024-01-23 18:07:56', '2024-01-23 18:07:56'),
	(403, 4, 58, 'I', '2023-2024', 1, '2024-01-23 18:07:56', '2024-01-23 18:07:56'),
	(404, 5, 58, 'NI', '2023-2024', 1, '2024-01-23 18:07:56', '2024-01-23 18:07:56'),
	(405, 6, 58, 'NI', '2023-2024', 1, '2024-01-23 18:07:56', '2024-01-23 18:07:56'),
	(406, 7, 58, 'I', '2023-2024', 1, '2024-01-23 18:07:56', '2024-01-23 18:07:56'),
	(407, 1, 59, 'I', '2023-2024', 1, '2024-01-23 18:07:56', '2024-01-23 18:07:56'),
	(408, 2, 59, 'NI', '2023-2024', 1, '2024-01-23 18:07:56', '2024-01-23 18:07:56'),
	(409, 3, 59, 'NI', '2023-2024', 1, '2024-01-23 18:07:56', '2024-01-23 18:07:56'),
	(410, 4, 59, 'I', '2023-2024', 1, '2024-01-23 18:07:56', '2024-01-23 18:07:56'),
	(411, 5, 59, 'I', '2023-2024', 1, '2024-01-23 18:07:56', '2024-01-23 18:07:56'),
	(412, 6, 59, 'NI', '2023-2024', 1, '2024-01-23 18:07:56', '2024-01-23 18:07:56'),
	(413, 7, 59, 'NI', '2023-2024', 1, '2024-01-23 18:07:56', '2024-01-23 18:07:56'),
	(414, 1, 60, 'I', '2023-2024', 1, '2024-01-23 18:07:56', '2024-01-23 18:07:56'),
	(415, 2, 60, 'NI', '2023-2024', 1, '2024-01-23 18:07:56', '2024-01-23 18:07:56'),
	(416, 3, 60, 'NI', '2023-2024', 1, '2024-01-23 18:07:56', '2024-01-23 18:07:56'),
	(417, 4, 60, 'I', '2023-2024', 1, '2024-01-23 18:07:56', '2024-01-23 18:07:56'),
	(418, 5, 60, 'NI', '2023-2024', 1, '2024-01-23 18:07:56', '2024-01-23 18:07:56'),
	(419, 6, 60, 'NI', '2023-2024', 1, '2024-01-23 18:07:56', '2024-01-23 18:07:56'),
	(420, 7, 60, 'NI', '2023-2024', 1, '2024-01-23 18:07:56', '2024-01-23 18:07:56'),
	(421, 1, 61, 'NI', '2023-2024', 1, '2024-01-23 18:07:56', '2024-01-23 18:07:56'),
	(422, 2, 61, 'NI', '2023-2024', 1, '2024-01-23 18:07:56', '2024-01-23 18:07:56'),
	(423, 3, 61, 'NI', '2023-2024', 1, '2024-01-23 18:07:56', '2024-01-23 18:07:56'),
	(424, 4, 61, 'NI', '2023-2024', 1, '2024-01-23 18:07:56', '2024-01-23 18:07:56'),
	(425, 5, 61, 'NI', '2023-2024', 1, '2024-01-23 18:07:56', '2024-01-23 18:07:56'),
	(426, 6, 61, 'NI', '2023-2024', 1, '2024-01-23 18:07:56', '2024-01-23 18:07:56'),
	(427, 7, 61, 'I', '2023-2024', 1, '2024-01-23 18:07:56', '2024-01-23 18:07:56'),
	(428, 1, 62, 'NI', '2023-2024', 1, '2024-01-23 18:07:56', '2024-01-23 18:07:56'),
	(429, 2, 62, 'I', '2023-2024', 1, '2024-01-23 18:07:56', '2024-01-23 18:07:56'),
	(430, 3, 62, 'NI', '2023-2024', 1, '2024-01-23 18:07:56', '2024-01-23 18:07:56'),
	(431, 4, 62, 'I', '2023-2024', 1, '2024-01-23 18:07:56', '2024-01-23 18:07:56'),
	(432, 5, 62, 'NI', '2023-2024', 1, '2024-01-23 18:07:56', '2024-01-23 18:07:56'),
	(433, 6, 62, 'I', '2023-2024', 1, '2024-01-23 18:07:56', '2024-01-23 18:07:56'),
	(434, 7, 62, 'I', '2023-2024', 1, '2024-01-23 18:07:56', '2024-01-23 18:07:56'),
	(435, 1, 63, 'I', '2023-2024', 1, '2024-01-23 18:07:56', '2024-01-23 18:07:56'),
	(436, 2, 63, 'NI', '2023-2024', 1, '2024-01-23 18:07:56', '2024-01-23 18:07:56'),
	(437, 3, 63, 'NI', '2023-2024', 1, '2024-01-23 18:07:56', '2024-01-23 18:07:56'),
	(438, 4, 63, 'NI', '2023-2024', 1, '2024-01-23 18:07:56', '2024-01-23 18:07:56'),
	(439, 5, 63, 'NI', '2023-2024', 1, '2024-01-23 18:07:56', '2024-01-23 18:07:56'),
	(440, 6, 63, 'NI', '2023-2024', 1, '2024-01-23 18:07:56', '2024-01-23 18:07:56'),
	(441, 7, 63, 'NI', '2023-2024', 1, '2024-01-23 18:07:56', '2024-01-23 18:07:56'),
	(442, 1, 64, 'NI', '2023-2024', 1, '2024-01-23 18:07:56', '2024-01-23 18:07:56'),
	(443, 2, 64, 'NI', '2023-2024', 1, '2024-01-23 18:07:56', '2024-01-23 18:07:56'),
	(444, 3, 64, 'NI', '2023-2024', 1, '2024-01-23 18:07:56', '2024-01-23 18:07:56'),
	(445, 4, 64, 'I', '2023-2024', 1, '2024-01-23 18:07:56', '2024-01-23 18:07:56'),
	(446, 5, 64, 'NI', '2023-2024', 1, '2024-01-23 18:07:56', '2024-01-23 18:07:56'),
	(447, 6, 64, 'I', '2023-2024', 1, '2024-01-23 18:07:56', '2024-01-23 18:07:56'),
	(448, 7, 64, 'NI', '2023-2024', 1, '2024-01-23 18:07:56', '2024-01-23 18:07:56'),
	(449, 1, 65, 'I', '2023-2024', 1, '2024-01-23 18:07:56', '2024-01-23 18:07:56'),
	(450, 2, 65, 'I', '2023-2024', 1, '2024-01-23 18:07:56', '2024-01-23 18:07:56'),
	(451, 3, 65, 'NI', '2023-2024', 1, '2024-01-23 18:07:56', '2024-01-23 18:07:56'),
	(452, 4, 65, 'I', '2023-2024', 1, '2024-01-23 18:07:56', '2024-01-23 18:07:56'),
	(453, 5, 65, 'I', '2023-2024', 1, '2024-01-23 18:07:56', '2024-01-23 18:07:56'),
	(454, 6, 65, 'I', '2023-2024', 1, '2024-01-23 18:07:56', '2024-01-23 18:07:56'),
	(455, 7, 65, 'I', '2023-2024', 1, '2024-01-23 18:07:56', '2024-01-23 18:07:56'),
	(456, 1, 66, 'NI', '2023-2024', 1, '2024-01-23 18:07:56', '2024-01-23 18:07:56'),
	(457, 2, 66, 'I', '2023-2024', 1, '2024-01-23 18:07:56', '2024-01-23 18:07:56'),
	(458, 3, 66, 'NI', '2023-2024', 1, '2024-01-23 18:07:56', '2024-01-23 18:07:56'),
	(459, 4, 66, 'I', '2023-2024', 1, '2024-01-23 18:07:56', '2024-01-23 18:07:56'),
	(460, 5, 66, 'NI', '2023-2024', 1, '2024-01-23 18:07:56', '2024-01-23 18:07:56'),
	(461, 6, 66, 'NI', '2023-2024', 1, '2024-01-23 18:07:56', '2024-01-23 18:07:56'),
	(462, 7, 66, 'NI', '2023-2024', 1, '2024-01-23 18:07:56', '2024-01-23 18:07:56'),
	(463, 1, 67, 'NI', '2023-2024', 1, '2024-01-23 18:07:56', '2024-01-23 18:07:56'),
	(464, 2, 67, 'I', '2023-2024', 1, '2024-01-23 18:07:57', '2024-01-23 18:07:57'),
	(465, 3, 67, 'NI', '2023-2024', 1, '2024-01-23 18:07:57', '2024-01-23 18:07:57'),
	(466, 4, 67, 'I', '2023-2024', 1, '2024-01-23 18:07:57', '2024-01-23 18:07:57'),
	(467, 5, 67, 'NI', '2023-2024', 1, '2024-01-23 18:07:57', '2024-01-23 18:07:57'),
	(468, 6, 67, 'NI', '2023-2024', 1, '2024-01-23 18:07:57', '2024-01-23 18:07:57'),
	(469, 7, 67, 'I', '2023-2024', 1, '2024-01-23 18:07:57', '2024-01-23 18:07:57'),
	(470, 1, 68, 'I', '2023-2024', 1, '2024-01-23 18:07:57', '2024-01-23 18:07:57'),
	(471, 2, 68, 'I', '2023-2024', 1, '2024-01-23 18:07:57', '2024-01-23 18:07:57'),
	(472, 3, 68, 'NI', '2023-2024', 1, '2024-01-23 18:07:57', '2024-01-23 18:07:57'),
	(473, 4, 68, 'NI', '2023-2024', 1, '2024-01-23 18:07:57', '2024-01-23 18:07:57'),
	(474, 5, 68, 'NI', '2023-2024', 1, '2024-01-23 18:07:57', '2024-01-23 18:07:57'),
	(475, 6, 68, 'NI', '2023-2024', 1, '2024-01-23 18:07:57', '2024-01-23 18:07:57'),
	(476, 7, 68, 'I', '2023-2024', 1, '2024-01-23 18:07:57', '2024-01-23 18:07:57'),
	(477, 1, 69, 'I', '2023-2024', 1, '2024-01-23 18:07:57', '2024-01-23 18:07:57'),
	(478, 2, 69, 'NI', '2023-2024', 1, '2024-01-23 18:07:57', '2024-01-23 18:07:57'),
	(479, 3, 69, 'NI', '2023-2024', 1, '2024-01-23 18:07:57', '2024-01-23 18:07:57'),
	(480, 4, 69, 'NI', '2023-2024', 1, '2024-01-23 18:07:57', '2024-01-23 18:07:57'),
	(481, 5, 69, 'NI', '2023-2024', 1, '2024-01-23 18:07:57', '2024-01-23 18:07:57'),
	(482, 6, 69, 'NI', '2023-2024', 1, '2024-01-23 18:07:57', '2024-01-23 18:07:57'),
	(483, 7, 69, 'I', '2023-2024', 1, '2024-01-23 18:07:57', '2024-01-23 18:07:57'),
	(484, 1, 70, 'I', '2023-2024', 1, '2024-01-23 18:07:57', '2024-01-23 18:07:57'),
	(485, 2, 70, 'NI', '2023-2024', 1, '2024-01-23 18:07:57', '2024-01-23 18:07:57'),
	(486, 3, 70, 'I', '2023-2024', 1, '2024-01-23 18:07:57', '2024-01-23 18:07:57'),
	(487, 4, 70, 'NI', '2023-2024', 1, '2024-01-23 18:07:57', '2024-01-23 18:07:57'),
	(488, 5, 70, 'NI', '2023-2024', 1, '2024-01-23 18:07:57', '2024-01-23 18:07:57'),
	(489, 6, 70, 'I', '2023-2024', 1, '2024-01-23 18:07:57', '2024-01-23 18:07:57'),
	(490, 7, 70, 'NI', '2023-2024', 1, '2024-01-23 18:07:57', '2024-01-23 18:07:57'),
	(491, 1, 71, 'I', '2023-2024', 1, '2024-01-23 18:07:57', '2024-01-23 18:07:57'),
	(492, 2, 71, 'NI', '2023-2024', 1, '2024-01-23 18:07:57', '2024-01-23 18:07:57'),
	(493, 3, 71, 'NI', '2023-2024', 1, '2024-01-23 18:07:57', '2024-01-23 18:07:57'),
	(494, 4, 71, 'NI', '2023-2024', 1, '2024-01-23 18:07:57', '2024-01-23 18:07:57'),
	(495, 5, 71, 'NI', '2023-2024', 1, '2024-01-23 18:07:57', '2024-01-23 18:07:57'),
	(496, 6, 71, 'I', '2023-2024', 1, '2024-01-23 18:07:57', '2024-01-23 18:07:57'),
	(497, 7, 71, 'I', '2023-2024', 1, '2024-01-23 18:07:57', '2024-01-23 18:07:57'),
	(498, 1, 72, 'I', '2023-2024', 1, '2024-01-23 18:07:57', '2024-01-23 18:07:57'),
	(499, 2, 72, 'NI', '2023-2024', 1, '2024-01-23 18:07:57', '2024-01-23 18:07:57'),
	(500, 3, 72, 'NI', '2023-2024', 1, '2024-01-23 18:07:57', '2024-01-23 18:07:57'),
	(501, 4, 72, 'NI', '2023-2024', 1, '2024-01-23 18:07:57', '2024-01-23 18:07:57'),
	(502, 5, 72, 'NI', '2023-2024', 1, '2024-01-23 18:07:57', '2024-01-23 18:07:57'),
	(503, 6, 72, 'NI', '2023-2024', 1, '2024-01-23 18:07:57', '2024-01-23 18:07:57'),
	(504, 7, 72, 'NI', '2023-2024', 1, '2024-01-23 18:07:57', '2024-01-23 18:07:57'),
	(505, 1, 73, 'I', '2023-2024', 1, '2024-01-23 18:07:57', '2024-01-23 18:07:57'),
	(506, 2, 73, 'NI', '2023-2024', 1, '2024-01-23 18:07:57', '2024-01-23 18:07:57'),
	(507, 3, 73, 'NI', '2023-2024', 1, '2024-01-23 18:07:57', '2024-01-23 18:07:57'),
	(508, 4, 73, 'I', '2023-2024', 1, '2024-01-23 18:07:57', '2024-01-23 18:07:57'),
	(509, 5, 73, 'NI', '2023-2024', 1, '2024-01-23 18:07:57', '2024-01-23 18:07:57'),
	(510, 6, 73, 'NI', '2023-2024', 1, '2024-01-23 18:07:57', '2024-01-23 18:07:57'),
	(511, 7, 73, 'I', '2023-2024', 1, '2024-01-23 18:07:57', '2024-01-23 18:07:57'),
	(512, 1, 74, 'NI', '2023-2024', 1, '2024-01-23 18:07:57', '2024-01-23 18:07:57'),
	(513, 2, 74, 'I', '2023-2024', 1, '2024-01-23 18:07:57', '2024-01-23 18:07:57'),
	(514, 3, 74, 'I', '2023-2024', 1, '2024-01-23 18:07:57', '2024-01-23 18:07:57'),
	(515, 4, 74, 'NI', '2023-2024', 1, '2024-01-23 18:07:57', '2024-01-23 18:07:57'),
	(516, 5, 74, 'NI', '2023-2024', 1, '2024-01-23 18:07:57', '2024-01-23 18:07:57'),
	(517, 6, 74, 'NI', '2023-2024', 1, '2024-01-23 18:07:57', '2024-01-23 18:07:57'),
	(518, 7, 74, 'NI', '2023-2024', 1, '2024-01-23 18:07:57', '2024-01-23 18:07:57'),
	(519, 1, 75, 'I', '2023-2024', 1, '2024-01-23 18:07:57', '2024-01-23 18:07:57'),
	(520, 2, 75, 'NI', '2023-2024', 1, '2024-01-23 18:07:57', '2024-01-23 18:07:57'),
	(521, 3, 75, 'NI', '2023-2024', 1, '2024-01-23 18:07:57', '2024-01-23 18:07:57'),
	(522, 4, 75, 'NI', '2023-2024', 1, '2024-01-23 18:07:57', '2024-01-23 18:07:57'),
	(523, 5, 75, 'NI', '2023-2024', 1, '2024-01-23 18:07:57', '2024-01-23 18:07:57'),
	(524, 6, 75, 'NI', '2023-2024', 1, '2024-01-23 18:07:57', '2024-01-23 18:07:57'),
	(525, 7, 75, 'NI', '2023-2024', 1, '2024-01-23 18:07:57', '2024-01-23 18:07:57'),
	(526, 1, 76, 'I', '2023-2024', 1, '2024-01-23 18:07:57', '2024-01-23 18:07:57'),
	(527, 2, 76, 'I', '2023-2024', 1, '2024-01-23 18:07:57', '2024-01-23 18:07:57'),
	(528, 3, 76, 'NI', '2023-2024', 1, '2024-01-23 18:07:57', '2024-01-23 18:07:57'),
	(529, 4, 76, 'NI', '2023-2024', 1, '2024-01-23 18:07:57', '2024-01-23 18:07:57'),
	(530, 5, 76, 'NI', '2023-2024', 1, '2024-01-23 18:07:57', '2024-01-23 18:07:57'),
	(531, 6, 76, 'NI', '2023-2024', 1, '2024-01-23 18:07:57', '2024-01-23 18:07:57'),
	(532, 7, 76, 'I', '2023-2024', 1, '2024-01-23 18:07:57', '2024-01-23 18:07:57'),
	(533, 1, 77, 'NI', '2023-2024', 1, '2024-01-23 18:07:57', '2024-01-23 18:07:57'),
	(534, 2, 77, 'I', '2023-2024', 1, '2024-01-23 18:07:57', '2024-01-23 18:07:57'),
	(535, 3, 77, 'NI', '2023-2024', 1, '2024-01-23 18:07:57', '2024-01-23 18:07:57'),
	(536, 4, 77, 'I', '2023-2024', 1, '2024-01-23 18:07:57', '2024-01-23 18:07:57'),
	(537, 5, 77, 'NI', '2023-2024', 1, '2024-01-23 18:07:57', '2024-01-23 18:07:57'),
	(538, 6, 77, 'NI', '2023-2024', 1, '2024-01-23 18:07:57', '2024-01-23 18:07:57'),
	(539, 7, 77, 'NI', '2023-2024', 1, '2024-01-23 18:07:57', '2024-01-23 18:07:57'),
	(540, 1, 78, 'I', '2023-2024', 1, '2024-01-23 18:07:57', '2024-01-23 18:07:57'),
	(541, 2, 78, 'I', '2023-2024', 1, '2024-01-23 18:07:57', '2024-01-23 18:07:57'),
	(542, 3, 78, 'NI', '2023-2024', 1, '2024-01-23 18:07:57', '2024-01-23 18:07:57'),
	(543, 4, 78, 'NI', '2023-2024', 1, '2024-01-23 18:07:57', '2024-01-23 18:07:57'),
	(544, 5, 78, 'NI', '2023-2024', 1, '2024-01-23 18:07:57', '2024-01-23 18:07:57'),
	(545, 6, 78, 'NI', '2023-2024', 1, '2024-01-23 18:07:57', '2024-01-23 18:07:57'),
	(546, 7, 78, 'NI', '2023-2024', 1, '2024-01-23 18:07:57', '2024-01-23 18:07:57'),
	(547, 1, 79, 'NI', '2023-2024', 1, '2024-01-23 18:07:57', '2024-01-23 18:07:57'),
	(548, 2, 79, 'NI', '2023-2024', 1, '2024-01-23 18:07:57', '2024-01-23 18:07:57'),
	(549, 3, 79, 'NI', '2023-2024', 1, '2024-01-23 18:07:57', '2024-01-23 18:07:57'),
	(550, 4, 79, 'I', '2023-2024', 1, '2024-01-23 18:07:57', '2024-01-23 18:07:57'),
	(551, 5, 79, 'NI', '2023-2024', 1, '2024-01-23 18:07:57', '2024-01-23 18:07:57'),
	(552, 6, 79, 'NI', '2023-2024', 1, '2024-01-23 18:07:57', '2024-01-23 18:07:57'),
	(553, 7, 79, 'NI', '2023-2024', 1, '2024-01-23 18:07:57', '2024-01-23 18:07:57'),
	(554, 1, 80, 'NI', '2023-2024', 1, '2024-01-23 18:07:57', '2024-01-23 18:07:57'),
	(555, 2, 80, 'NI', '2023-2024', 1, '2024-01-23 18:07:57', '2024-01-23 18:07:57'),
	(556, 3, 80, 'NI', '2023-2024', 1, '2024-01-23 18:07:57', '2024-01-23 18:07:57'),
	(557, 4, 80, 'NI', '2023-2024', 1, '2024-01-23 18:07:58', '2024-01-23 18:07:58'),
	(558, 5, 80, 'I', '2023-2024', 1, '2024-01-23 18:07:58', '2024-01-23 18:07:58'),
	(559, 6, 80, 'NI', '2023-2024', 1, '2024-01-23 18:07:58', '2024-01-23 18:07:58'),
	(560, 7, 80, 'NI', '2023-2024', 1, '2024-01-23 18:07:58', '2024-01-23 18:07:58'),
	(561, 1, 81, 'NI', '2023-2024', 1, '2024-01-23 18:07:58', '2024-01-23 18:07:58'),
	(562, 2, 81, 'NI', '2023-2024', 1, '2024-01-23 18:07:58', '2024-01-23 18:07:58'),
	(563, 3, 81, 'I', '2023-2024', 1, '2024-01-23 18:07:58', '2024-01-23 18:07:58'),
	(564, 4, 81, 'NI', '2023-2024', 1, '2024-01-23 18:07:58', '2024-01-23 18:07:58'),
	(565, 5, 81, 'NI', '2023-2024', 1, '2024-01-23 18:07:58', '2024-01-23 18:07:58'),
	(566, 6, 81, 'NI', '2023-2024', 1, '2024-01-23 18:07:58', '2024-01-23 18:07:58'),
	(567, 7, 81, 'I', '2023-2024', 1, '2024-01-23 18:07:58', '2024-01-23 18:07:58'),
	(568, 1, 82, 'I', '2023-2024', 1, '2024-01-23 18:07:58', '2024-01-23 18:07:58'),
	(569, 2, 82, 'NI', '2023-2024', 1, '2024-01-23 18:07:58', '2024-01-23 18:07:58'),
	(570, 3, 82, 'NI', '2023-2024', 1, '2024-01-23 18:07:58', '2024-01-23 18:07:58'),
	(571, 4, 82, 'I', '2023-2024', 1, '2024-01-23 18:07:58', '2024-01-23 18:07:58'),
	(572, 5, 82, 'NI', '2023-2024', 1, '2024-01-23 18:07:58', '2024-01-23 18:07:58'),
	(573, 6, 82, 'I', '2023-2024', 1, '2024-01-23 18:07:58', '2024-01-23 18:07:58'),
	(574, 7, 82, 'NI', '2023-2024', 1, '2024-01-23 18:07:58', '2024-01-23 18:07:58'),
	(575, 1, 83, 'NI', '2023-2024', 1, '2024-01-23 18:07:58', '2024-01-23 18:07:58'),
	(576, 2, 83, 'NI', '2023-2024', 1, '2024-01-23 18:07:58', '2024-01-23 18:07:58'),
	(577, 3, 83, 'NI', '2023-2024', 1, '2024-01-23 18:07:58', '2024-01-23 18:07:58'),
	(578, 4, 83, 'NI', '2023-2024', 1, '2024-01-23 18:07:58', '2024-01-23 18:07:58'),
	(579, 5, 83, 'NI', '2023-2024', 1, '2024-01-23 18:07:58', '2024-01-23 18:07:58'),
	(580, 6, 83, 'NI', '2023-2024', 1, '2024-01-23 18:07:58', '2024-01-23 18:07:58'),
	(581, 7, 83, 'I', '2023-2024', 1, '2024-01-23 18:07:58', '2024-01-23 18:07:58'),
	(582, 1, 84, 'I', '2023-2024', 1, '2024-01-23 18:07:58', '2024-01-23 18:07:58'),
	(583, 2, 84, 'NI', '2023-2024', 1, '2024-01-23 18:07:58', '2024-01-23 18:07:58'),
	(584, 3, 84, 'NI', '2023-2024', 1, '2024-01-23 18:07:58', '2024-01-23 18:07:58'),
	(585, 4, 84, 'I', '2023-2024', 1, '2024-01-23 18:07:58', '2024-01-23 18:07:58'),
	(586, 5, 84, 'NI', '2023-2024', 1, '2024-01-23 18:07:58', '2024-01-23 18:07:58'),
	(587, 6, 84, 'NI', '2023-2024', 1, '2024-01-23 18:07:58', '2024-01-23 18:07:58'),
	(588, 7, 84, 'I', '2023-2024', 1, '2024-01-23 18:07:58', '2024-01-23 18:07:58'),
	(589, 1, 85, 'NI', '2023-2024', 1, '2024-01-23 18:07:58', '2024-01-23 18:07:58'),
	(590, 2, 85, 'NI', '2023-2024', 1, '2024-01-23 18:07:58', '2024-01-23 18:07:58'),
	(591, 3, 85, 'NI', '2023-2024', 1, '2024-01-23 18:07:58', '2024-01-23 18:07:58'),
	(592, 4, 85, 'NI', '2023-2024', 1, '2024-01-23 18:07:58', '2024-01-23 18:07:58'),
	(593, 5, 85, 'NI', '2023-2024', 1, '2024-01-23 18:07:58', '2024-01-23 18:07:58'),
	(594, 6, 85, 'NI', '2023-2024', 1, '2024-01-23 18:07:58', '2024-01-23 18:07:58'),
	(595, 7, 85, 'I', '2023-2024', 1, '2024-01-23 18:07:58', '2024-01-23 18:07:58'),
	(596, 1, 86, 'I', '2023-2024', 1, '2024-01-23 18:07:58', '2024-01-23 18:07:58'),
	(597, 2, 86, 'NI', '2023-2024', 1, '2024-01-23 18:07:58', '2024-01-23 18:07:58'),
	(598, 3, 86, 'NI', '2023-2024', 1, '2024-01-23 18:07:58', '2024-01-23 18:07:58'),
	(599, 4, 86, 'NI', '2023-2024', 1, '2024-01-23 18:07:58', '2024-01-23 18:07:58'),
	(600, 5, 86, 'NI', '2023-2024', 1, '2024-01-23 18:07:58', '2024-01-23 18:07:58'),
	(601, 6, 86, 'NI', '2023-2024', 1, '2024-01-23 18:07:58', '2024-01-23 18:07:58'),
	(602, 7, 86, 'NI', '2023-2024', 1, '2024-01-23 18:07:58', '2024-01-23 18:07:58'),
	(603, 1, 87, 'NI', '2023-2024', 1, '2024-01-23 18:07:58', '2024-01-23 18:07:58'),
	(604, 2, 87, 'NI', '2023-2024', 1, '2024-01-23 18:07:58', '2024-01-23 18:07:58'),
	(605, 3, 87, 'I', '2023-2024', 1, '2024-01-23 18:07:58', '2024-01-23 18:07:58'),
	(606, 4, 87, 'NI', '2023-2024', 1, '2024-01-23 18:07:58', '2024-01-23 18:07:58'),
	(607, 5, 87, 'NI', '2023-2024', 1, '2024-01-23 18:07:58', '2024-01-23 18:07:58'),
	(608, 6, 87, 'NI', '2023-2024', 1, '2024-01-23 18:07:58', '2024-01-23 18:07:58'),
	(609, 7, 87, 'NI', '2023-2024', 1, '2024-01-23 18:07:58', '2024-01-23 18:07:58'),
	(610, 1, 88, 'I', '2023-2024', 1, '2024-01-23 18:07:58', '2024-01-23 18:07:58'),
	(611, 2, 88, 'NI', '2023-2024', 1, '2024-01-23 18:07:58', '2024-01-23 18:07:58'),
	(612, 3, 88, 'NI', '2023-2024', 1, '2024-01-23 18:07:58', '2024-01-23 18:07:58'),
	(613, 4, 88, 'NI', '2023-2024', 1, '2024-01-23 18:07:58', '2024-01-23 18:07:58'),
	(614, 5, 88, 'NI', '2023-2024', 1, '2024-01-23 18:07:58', '2024-01-23 18:07:58'),
	(615, 6, 88, 'NI', '2023-2024', 1, '2024-01-23 18:07:58', '2024-01-23 18:07:58'),
	(616, 7, 88, 'I', '2023-2024', 1, '2024-01-23 18:07:58', '2024-01-23 18:07:58'),
	(617, 1, 89, 'I', '2023-2024', 1, '2024-01-23 18:07:58', '2024-01-23 18:07:58'),
	(618, 2, 89, 'NI', '2023-2024', 1, '2024-01-23 18:07:58', '2024-01-23 18:07:58'),
	(619, 3, 89, 'NI', '2023-2024', 1, '2024-01-23 18:07:58', '2024-01-23 18:07:58'),
	(620, 4, 89, 'NI', '2023-2024', 1, '2024-01-23 18:07:58', '2024-01-23 18:07:58'),
	(621, 5, 89, 'NI', '2023-2024', 1, '2024-01-23 18:07:58', '2024-01-23 18:07:58'),
	(622, 6, 89, 'I', '2023-2024', 1, '2024-01-23 18:07:58', '2024-01-23 18:07:58'),
	(623, 7, 89, 'I', '2023-2024', 1, '2024-01-23 18:07:58', '2024-01-23 18:07:58'),
	(624, 1, 90, 'I', '2023-2024', 1, '2024-01-23 18:07:58', '2024-01-23 18:07:58'),
	(625, 2, 90, 'NI', '2023-2024', 1, '2024-01-23 18:07:58', '2024-01-23 18:07:58'),
	(626, 3, 90, 'NI', '2023-2024', 1, '2024-01-23 18:07:58', '2024-01-23 18:07:58'),
	(627, 4, 90, 'NI', '2023-2024', 1, '2024-01-23 18:07:58', '2024-01-23 18:07:58'),
	(628, 5, 90, 'NI', '2023-2024', 1, '2024-01-23 18:07:58', '2024-01-23 18:07:58'),
	(629, 6, 90, 'NI', '2023-2024', 1, '2024-01-23 18:07:58', '2024-01-23 18:07:58'),
	(630, 7, 90, 'NI', '2023-2024', 1, '2024-01-23 18:07:58', '2024-01-23 18:07:58'),
	(631, 1, 91, 'I', '2023-2024', 1, '2024-01-23 18:07:58', '2024-01-23 18:07:58'),
	(632, 2, 91, 'NI', '2023-2024', 1, '2024-01-23 18:07:58', '2024-01-23 18:07:58'),
	(633, 3, 91, 'NI', '2023-2024', 1, '2024-01-23 18:07:58', '2024-01-23 18:07:58'),
	(634, 4, 91, 'NI', '2023-2024', 1, '2024-01-23 18:07:58', '2024-01-23 18:07:58'),
	(635, 5, 91, 'NI', '2023-2024', 1, '2024-01-23 18:07:58', '2024-01-23 18:07:58'),
	(636, 6, 91, 'NI', '2023-2024', 1, '2024-01-23 18:07:58', '2024-01-23 18:07:58'),
	(637, 7, 91, 'NI', '2023-2024', 1, '2024-01-23 18:07:58', '2024-01-23 18:07:58'),
	(638, 1, 92, 'NI', '2023-2024', 1, '2024-01-23 18:07:58', '2024-01-23 18:07:58'),
	(639, 2, 92, 'NI', '2023-2024', 1, '2024-01-23 18:07:58', '2024-01-23 18:07:58'),
	(640, 3, 92, 'I', '2023-2024', 1, '2024-01-23 18:07:58', '2024-01-23 18:07:58'),
	(641, 4, 92, 'NI', '2023-2024', 1, '2024-01-23 18:07:58', '2024-01-23 18:07:58'),
	(642, 5, 92, 'NI', '2023-2024', 1, '2024-01-23 18:07:58', '2024-01-23 18:07:58'),
	(643, 6, 92, 'I', '2023-2024', 1, '2024-01-23 18:07:58', '2024-01-23 18:07:58'),
	(644, 7, 92, 'I', '2023-2024', 1, '2024-01-23 18:07:58', '2024-01-23 18:07:58'),
	(645, 1, 93, 'I', '2023-2024', 1, '2024-01-23 18:07:58', '2024-01-23 18:07:58'),
	(646, 2, 93, 'I', '2023-2024', 1, '2024-01-23 18:07:58', '2024-01-23 18:07:58'),
	(647, 3, 93, 'I', '2023-2024', 1, '2024-01-23 18:07:59', '2024-01-23 18:07:59'),
	(648, 4, 93, 'I', '2023-2024', 1, '2024-01-23 18:07:59', '2024-01-23 18:07:59'),
	(649, 5, 93, 'I', '2023-2024', 1, '2024-01-23 18:07:59', '2024-01-23 18:07:59'),
	(650, 6, 93, 'I', '2023-2024', 1, '2024-01-23 18:07:59', '2024-01-23 18:07:59'),
	(651, 7, 93, 'NI', '2023-2024', 1, '2024-01-23 18:07:59', '2024-01-23 18:07:59'),
	(652, 1, 94, 'I', '2023-2024', 1, '2024-01-23 18:07:59', '2024-01-23 18:07:59'),
	(653, 2, 94, 'I', '2023-2024', 1, '2024-01-23 18:07:59', '2024-01-23 18:07:59'),
	(654, 3, 94, 'I', '2023-2024', 1, '2024-01-23 18:07:59', '2024-01-23 18:07:59'),
	(655, 4, 94, 'NI', '2023-2024', 1, '2024-01-23 18:07:59', '2024-01-23 18:07:59'),
	(656, 5, 94, 'I', '2023-2024', 1, '2024-01-23 18:07:59', '2024-01-23 18:07:59'),
	(657, 6, 94, 'I', '2023-2024', 1, '2024-01-23 18:07:59', '2024-01-23 18:07:59'),
	(658, 7, 94, 'I', '2023-2024', 1, '2024-01-23 18:07:59', '2024-01-23 18:07:59'),
	(659, 1, 95, 'NI', '2023-2024', 1, '2024-01-23 18:07:59', '2024-01-23 18:07:59'),
	(660, 2, 95, 'NI', '2023-2024', 1, '2024-01-23 18:07:59', '2024-01-23 18:07:59'),
	(661, 3, 95, 'I', '2023-2024', 1, '2024-01-23 18:07:59', '2024-01-23 18:07:59'),
	(662, 4, 95, 'I', '2023-2024', 1, '2024-01-23 18:07:59', '2024-01-23 18:07:59'),
	(663, 5, 95, 'NI', '2023-2024', 1, '2024-01-23 18:07:59', '2024-01-23 18:07:59'),
	(664, 6, 95, 'I', '2023-2024', 1, '2024-01-23 18:07:59', '2024-01-23 18:07:59'),
	(665, 7, 95, 'NI', '2023-2024', 1, '2024-01-23 18:07:59', '2024-01-23 18:07:59'),
	(666, 1, 96, 'NI', '2023-2024', 1, '2024-01-23 18:07:59', '2024-01-23 18:07:59'),
	(667, 2, 96, 'NI', '2023-2024', 1, '2024-01-23 18:07:59', '2024-01-23 18:07:59'),
	(668, 3, 96, 'I', '2023-2024', 1, '2024-01-23 18:07:59', '2024-01-23 18:07:59'),
	(669, 4, 96, 'I', '2023-2024', 1, '2024-01-23 18:07:59', '2024-01-23 18:07:59'),
	(670, 5, 96, 'I', '2023-2024', 1, '2024-01-23 18:07:59', '2024-01-23 18:07:59'),
	(671, 6, 96, 'NI', '2023-2024', 1, '2024-01-23 18:07:59', '2024-01-23 18:07:59'),
	(672, 7, 96, 'NI', '2023-2024', 1, '2024-01-23 18:07:59', '2024-01-23 18:07:59'),
	(673, 1, 97, 'NI', '2023-2024', 1, '2024-01-23 18:07:59', '2024-01-23 18:07:59'),
	(674, 2, 97, 'NI', '2023-2024', 1, '2024-01-23 18:07:59', '2024-01-23 18:07:59'),
	(675, 3, 97, 'NI', '2023-2024', 1, '2024-01-23 18:07:59', '2024-01-23 18:07:59'),
	(676, 4, 97, 'I', '2023-2024', 1, '2024-01-23 18:07:59', '2024-01-23 18:07:59'),
	(677, 5, 97, 'NI', '2023-2024', 1, '2024-01-23 18:07:59', '2024-01-23 18:07:59'),
	(678, 6, 97, 'NI', '2023-2024', 1, '2024-01-23 18:07:59', '2024-01-23 18:07:59'),
	(679, 7, 97, 'NI', '2023-2024', 1, '2024-01-23 18:07:59', '2024-01-23 18:07:59'),
	(680, 1, 98, 'NI', '2023-2024', 1, '2024-01-23 18:07:59', '2024-01-23 18:07:59'),
	(681, 2, 98, 'NI', '2023-2024', 1, '2024-01-23 18:07:59', '2024-01-23 18:07:59'),
	(682, 3, 98, 'NI', '2023-2024', 1, '2024-01-23 18:07:59', '2024-01-23 18:07:59'),
	(683, 4, 98, 'I', '2023-2024', 1, '2024-01-23 18:07:59', '2024-01-23 18:07:59'),
	(684, 5, 98, 'NI', '2023-2024', 1, '2024-01-23 18:07:59', '2024-01-23 18:07:59'),
	(685, 6, 98, 'NI', '2023-2024', 1, '2024-01-23 18:07:59', '2024-01-23 18:07:59'),
	(686, 7, 98, 'NI', '2023-2024', 1, '2024-01-23 18:07:59', '2024-01-23 18:07:59'),
	(687, 1, 99, 'NI', '2023-2024', 1, '2024-01-23 18:07:59', '2024-01-23 18:07:59'),
	(688, 2, 99, 'NI', '2023-2024', 1, '2024-01-23 18:07:59', '2024-01-23 18:07:59'),
	(689, 3, 99, 'NI', '2023-2024', 1, '2024-01-23 18:07:59', '2024-01-23 18:07:59'),
	(690, 4, 99, 'I', '2023-2024', 1, '2024-01-23 18:07:59', '2024-01-23 18:07:59'),
	(691, 5, 99, 'NI', '2023-2024', 1, '2024-01-23 18:07:59', '2024-01-23 18:07:59'),
	(692, 6, 99, 'NI', '2023-2024', 1, '2024-01-23 18:07:59', '2024-01-23 18:07:59'),
	(693, 7, 99, 'NI', '2023-2024', 1, '2024-01-23 18:07:59', '2024-01-23 18:07:59'),
	(694, 1, 100, 'NI', '2023-2024', 1, '2024-01-23 18:07:59', '2024-01-23 18:07:59'),
	(695, 2, 100, 'NI', '2023-2024', 1, '2024-01-23 18:07:59', '2024-01-23 18:07:59'),
	(696, 3, 100, 'NI', '2023-2024', 1, '2024-01-23 18:07:59', '2024-01-23 18:07:59'),
	(697, 4, 100, 'I', '2023-2024', 1, '2024-01-23 18:07:59', '2024-01-23 18:07:59'),
	(698, 5, 100, 'NI', '2023-2024', 1, '2024-01-23 18:07:59', '2024-01-23 18:07:59'),
	(699, 6, 100, 'NI', '2023-2024', 1, '2024-01-23 18:07:59', '2024-01-23 18:07:59'),
	(700, 7, 100, 'NI', '2023-2024', 1, '2024-01-23 18:07:59', '2024-01-23 18:07:59'),
	(701, 1, 101, 'NI', '2023-2024', 1, '2024-01-23 18:07:59', '2024-01-23 18:07:59'),
	(702, 2, 101, 'NI', '2023-2024', 1, '2024-01-23 18:07:59', '2024-01-23 18:07:59'),
	(703, 3, 101, 'NI', '2023-2024', 1, '2024-01-23 18:07:59', '2024-01-23 18:07:59'),
	(704, 4, 101, 'I', '2023-2024', 1, '2024-01-23 18:07:59', '2024-01-23 18:07:59'),
	(705, 5, 101, 'NI', '2023-2024', 1, '2024-01-23 18:07:59', '2024-01-23 18:07:59'),
	(706, 6, 101, 'NI', '2023-2024', 1, '2024-01-23 18:07:59', '2024-01-23 18:07:59'),
	(707, 7, 101, 'NI', '2023-2024', 1, '2024-01-23 18:07:59', '2024-01-23 18:07:59'),
	(708, 1, 102, 'NI', '2023-2024', 1, '2024-01-23 18:07:59', '2024-01-23 18:07:59'),
	(709, 2, 102, 'NI', '2023-2024', 1, '2024-01-23 18:07:59', '2024-01-23 18:07:59'),
	(710, 3, 102, 'NI', '2023-2024', 1, '2024-01-23 18:07:59', '2024-01-23 18:07:59'),
	(711, 4, 102, 'I', '2023-2024', 1, '2024-01-23 18:07:59', '2024-01-23 18:07:59'),
	(712, 5, 102, 'NI', '2023-2024', 1, '2024-01-23 18:07:59', '2024-01-23 18:07:59'),
	(713, 6, 102, 'NI', '2023-2024', 1, '2024-01-23 18:07:59', '2024-01-23 18:07:59'),
	(714, 7, 102, 'NI', '2023-2024', 1, '2024-01-23 18:07:59', '2024-01-23 18:07:59'),
	(715, 1, 103, 'NI', '2023-2024', 1, '2024-01-23 18:07:59', '2024-01-23 18:07:59'),
	(716, 2, 103, 'NI', '2023-2024', 1, '2024-01-23 18:07:59', '2024-01-23 18:07:59'),
	(717, 3, 103, 'NI', '2023-2024', 1, '2024-01-23 18:07:59', '2024-01-23 18:07:59'),
	(718, 4, 103, 'I', '2023-2024', 1, '2024-01-23 18:07:59', '2024-01-23 18:07:59'),
	(719, 5, 103, 'NI', '2023-2024', 1, '2024-01-23 18:07:59', '2024-01-23 18:07:59'),
	(720, 6, 103, 'NI', '2023-2024', 1, '2024-01-23 18:07:59', '2024-01-23 18:07:59'),
	(721, 7, 103, 'NI', '2023-2024', 1, '2024-01-23 18:07:59', '2024-01-23 18:07:59'),
	(722, 1, 104, 'NI', '2023-2024', 1, '2024-01-23 18:07:59', '2024-01-23 18:07:59'),
	(723, 2, 104, 'NI', '2023-2024', 1, '2024-01-23 18:07:59', '2024-01-23 18:07:59'),
	(724, 3, 104, 'NI', '2023-2024', 1, '2024-01-23 18:07:59', '2024-01-23 18:07:59'),
	(725, 4, 104, 'I', '2023-2024', 1, '2024-01-23 18:07:59', '2024-01-23 18:07:59'),
	(726, 5, 104, 'NI', '2023-2024', 1, '2024-01-23 18:07:59', '2024-01-23 18:07:59'),
	(727, 6, 104, 'NI', '2023-2024', 1, '2024-01-23 18:07:59', '2024-01-23 18:07:59'),
	(728, 7, 104, 'NI', '2023-2024', 1, '2024-01-23 18:07:59', '2024-01-23 18:07:59'),
	(729, 15, 1, 'NI', '2023-2024', 1, '2024-01-23 18:44:08', '2024-01-23 18:44:08'),
	(730, 16, 1, 'NI', '2023-2024', 1, '2024-01-23 18:44:08', '2024-01-23 18:44:08'),
	(731, 17, 1, 'NI', '2023-2024', 1, '2024-01-23 18:44:08', '2024-01-23 18:44:08'),
	(732, 18, 1, 'I', '2023-2024', 1, '2024-01-23 18:44:08', '2024-01-23 18:44:08'),
	(733, 19, 1, 'I', '2023-2024', 1, '2024-01-23 18:44:08', '2024-01-23 18:44:08'),
	(734, 20, 1, 'NI', '2023-2024', 1, '2024-01-23 18:44:08', '2024-01-23 18:44:08'),
	(735, 15, 105, 'I', '2023-2024', 1, '2024-01-23 18:50:08', '2024-01-23 18:50:08'),
	(736, 16, 105, 'I', '2023-2024', 1, '2024-01-23 18:50:08', '2024-01-23 18:50:08'),
	(737, 17, 105, 'NI', '2023-2024', 1, '2024-01-23 18:50:08', '2024-01-23 18:50:08'),
	(738, 18, 105, 'I', '2023-2024', 1, '2024-01-23 18:50:08', '2024-01-23 18:50:08'),
	(739, 19, 105, 'I', '2023-2024', 1, '2024-01-23 18:50:08', '2024-01-23 18:50:08'),
	(740, 20, 105, 'I', '2023-2024', 1, '2024-01-23 18:50:08', '2024-01-23 18:50:08'),
	(741, 15, 2, 'I', '2023-2024', 1, '2024-01-23 18:50:08', '2024-01-23 18:50:08'),
	(742, 16, 2, 'NI', '2023-2024', 1, '2024-01-23 18:50:08', '2024-01-23 18:50:08'),
	(743, 17, 2, 'NI', '2023-2024', 1, '2024-01-23 18:50:08', '2024-01-23 18:50:08'),
	(744, 18, 2, 'NI', '2023-2024', 1, '2024-01-23 18:50:08', '2024-01-23 18:50:08'),
	(745, 19, 2, 'I', '2023-2024', 1, '2024-01-23 18:50:08', '2024-01-23 18:50:08'),
	(746, 20, 2, 'NI', '2023-2024', 1, '2024-01-23 18:50:08', '2024-01-23 18:50:08'),
	(747, 15, 106, 'I', '2023-2024', 1, '2024-01-23 18:50:08', '2024-01-23 18:50:08'),
	(748, 16, 106, 'NI', '2023-2024', 1, '2024-01-23 18:50:08', '2024-01-23 18:50:08'),
	(749, 17, 106, 'I', '2023-2024', 1, '2024-01-23 18:50:08', '2024-01-23 18:50:08'),
	(750, 18, 106, 'NI', '2023-2024', 1, '2024-01-23 18:50:08', '2024-01-23 18:50:08'),
	(751, 19, 106, 'I', '2023-2024', 1, '2024-01-23 18:50:08', '2024-01-23 18:50:08'),
	(752, 20, 106, 'I', '2023-2024', 1, '2024-01-23 18:50:08', '2024-01-23 18:50:08'),
	(753, 15, 4, 'I', '2023-2024', 1, '2024-01-23 18:50:08', '2024-01-23 18:50:08'),
	(754, 16, 4, 'NI', '2023-2024', 1, '2024-01-23 18:50:08', '2024-01-23 18:50:08'),
	(755, 17, 4, 'I', '2023-2024', 1, '2024-01-23 18:50:08', '2024-01-23 18:50:08'),
	(756, 18, 4, 'I', '2023-2024', 1, '2024-01-23 18:50:08', '2024-01-23 18:50:08'),
	(757, 19, 4, 'I', '2023-2024', 1, '2024-01-23 18:50:08', '2024-01-23 18:50:08'),
	(758, 20, 4, 'NI', '2023-2024', 1, '2024-01-23 18:50:08', '2024-01-23 18:50:08'),
	(759, 15, 107, 'I', '2023-2024', 1, '2024-01-23 18:50:08', '2024-01-23 18:50:08'),
	(760, 16, 107, 'I', '2023-2024', 1, '2024-01-23 18:50:08', '2024-01-23 18:50:08'),
	(761, 17, 107, 'I', '2023-2024', 1, '2024-01-23 18:50:08', '2024-01-23 18:50:08'),
	(762, 18, 107, 'I', '2023-2024', 1, '2024-01-23 18:50:08', '2024-01-23 18:50:08'),
	(763, 19, 107, 'I', '2023-2024', 1, '2024-01-23 18:50:08', '2024-01-23 18:50:08'),
	(764, 20, 107, 'NI', '2023-2024', 1, '2024-01-23 18:50:08', '2024-01-23 18:50:08'),
	(765, 15, 5, 'I', '2023-2024', 1, '2024-01-23 18:50:08', '2024-01-23 18:50:08'),
	(766, 16, 5, 'NI', '2023-2024', 1, '2024-01-23 18:50:08', '2024-01-23 18:50:08'),
	(767, 17, 5, 'I', '2023-2024', 1, '2024-01-23 18:50:08', '2024-01-23 18:50:08'),
	(768, 18, 5, 'I', '2023-2024', 1, '2024-01-23 18:50:08', '2024-01-23 18:50:08'),
	(769, 19, 5, 'I', '2023-2024', 1, '2024-01-23 18:50:08', '2024-01-23 18:50:08'),
	(770, 20, 5, 'I', '2023-2024', 1, '2024-01-23 18:50:08', '2024-01-23 18:50:08'),
	(771, 15, 6, 'I', '2023-2024', 1, '2024-01-23 18:50:08', '2024-01-23 18:50:08'),
	(772, 16, 6, 'I', '2023-2024', 1, '2024-01-23 18:50:08', '2024-01-23 18:50:08'),
	(773, 17, 6, 'I', '2023-2024', 1, '2024-01-23 18:50:08', '2024-01-23 18:50:08'),
	(774, 18, 6, 'I', '2023-2024', 1, '2024-01-23 18:50:08', '2024-01-23 18:50:08'),
	(775, 19, 6, 'I', '2023-2024', 1, '2024-01-23 18:50:08', '2024-01-23 18:50:08'),
	(776, 20, 6, 'I', '2023-2024', 1, '2024-01-23 18:50:08', '2024-01-23 18:50:08'),
	(777, 15, 108, 'I', '2023-2024', 1, '2024-01-23 18:50:08', '2024-01-23 18:50:08'),
	(778, 16, 108, 'I', '2023-2024', 1, '2024-01-23 18:50:08', '2024-01-23 18:50:08'),
	(779, 17, 108, 'I', '2023-2024', 1, '2024-01-23 18:50:08', '2024-01-23 18:50:08'),
	(780, 18, 108, 'I', '2023-2024', 1, '2024-01-23 18:50:09', '2024-01-23 18:50:09'),
	(781, 19, 108, 'I', '2023-2024', 1, '2024-01-23 18:50:09', '2024-01-23 18:50:09'),
	(782, 20, 108, 'I', '2023-2024', 1, '2024-01-23 18:50:09', '2024-01-23 18:50:09'),
	(783, 15, 8, 'I', '2023-2024', 1, '2024-01-23 18:50:09', '2024-01-23 18:50:09'),
	(784, 16, 8, 'NI', '2023-2024', 1, '2024-01-23 18:50:09', '2024-01-23 18:50:09'),
	(785, 17, 8, 'I', '2023-2024', 1, '2024-01-23 18:50:09', '2024-01-23 18:50:09'),
	(786, 18, 8, 'NI', '2023-2024', 1, '2024-01-23 18:50:09', '2024-01-23 18:50:09'),
	(787, 19, 8, 'I', '2023-2024', 1, '2024-01-23 18:50:09', '2024-01-23 18:50:09'),
	(788, 20, 8, 'NI', '2023-2024', 1, '2024-01-23 18:50:09', '2024-01-23 18:50:09'),
	(789, 15, 109, 'I', '2023-2024', 1, '2024-01-23 18:50:09', '2024-01-23 18:50:09'),
	(790, 16, 109, 'NI', '2023-2024', 1, '2024-01-23 18:50:09', '2024-01-23 18:50:09'),
	(791, 17, 109, 'NI', '2023-2024', 1, '2024-01-23 18:50:09', '2024-01-23 18:50:09'),
	(792, 18, 109, 'NI', '2023-2024', 1, '2024-01-23 18:50:09', '2024-01-23 18:50:09'),
	(793, 19, 109, 'I', '2023-2024', 1, '2024-01-23 18:50:09', '2024-01-23 18:50:09'),
	(794, 20, 109, 'NI', '2023-2024', 1, '2024-01-23 18:50:09', '2024-01-23 18:50:09'),
	(795, 15, 110, 'I', '2023-2024', 1, '2024-01-23 18:50:09', '2024-01-23 18:50:09'),
	(796, 16, 110, 'I', '2023-2024', 1, '2024-01-23 18:50:09', '2024-01-23 18:50:09'),
	(797, 17, 110, 'I', '2023-2024', 1, '2024-01-23 18:50:09', '2024-01-23 18:50:09'),
	(798, 18, 110, 'I', '2023-2024', 1, '2024-01-23 18:50:09', '2024-01-23 18:50:09'),
	(799, 19, 110, 'I', '2023-2024', 1, '2024-01-23 18:50:09', '2024-01-23 18:50:09'),
	(800, 20, 110, 'I', '2023-2024', 1, '2024-01-23 18:50:09', '2024-01-23 18:50:09'),
	(801, 15, 9, 'I', '2023-2024', 1, '2024-01-23 18:50:09', '2024-01-23 18:50:09'),
	(802, 16, 9, 'I', '2023-2024', 1, '2024-01-23 18:50:09', '2024-01-23 18:50:09'),
	(803, 17, 9, 'NI', '2023-2024', 1, '2024-01-23 18:50:09', '2024-01-23 18:50:09'),
	(804, 18, 9, 'NI', '2023-2024', 1, '2024-01-23 18:50:09', '2024-01-23 18:50:09'),
	(805, 19, 9, 'I', '2023-2024', 1, '2024-01-23 18:50:09', '2024-01-23 18:50:09'),
	(806, 20, 9, 'I', '2023-2024', 1, '2024-01-23 18:50:09', '2024-01-23 18:50:09'),
	(807, 15, 111, 'I', '2023-2024', 1, '2024-01-23 18:50:09', '2024-01-23 18:50:09'),
	(808, 16, 111, 'I', '2023-2024', 1, '2024-01-23 18:50:09', '2024-01-23 18:50:09'),
	(809, 17, 111, 'NI', '2023-2024', 1, '2024-01-23 18:50:09', '2024-01-23 18:50:09'),
	(810, 18, 111, 'I', '2023-2024', 1, '2024-01-23 18:50:09', '2024-01-23 18:50:09'),
	(811, 19, 111, 'I', '2023-2024', 1, '2024-01-23 18:50:09', '2024-01-23 18:50:09'),
	(812, 20, 111, 'NI', '2023-2024', 1, '2024-01-23 18:50:09', '2024-01-23 18:50:09'),
	(813, 15, 112, 'I', '2023-2024', 1, '2024-01-23 18:50:09', '2024-01-23 18:50:09'),
	(814, 16, 112, 'I', '2023-2024', 1, '2024-01-23 18:50:09', '2024-01-23 18:50:09'),
	(815, 17, 112, 'I', '2023-2024', 1, '2024-01-23 18:50:09', '2024-01-23 18:50:09'),
	(816, 18, 112, 'I', '2023-2024', 1, '2024-01-23 18:50:09', '2024-01-23 18:50:09'),
	(817, 19, 112, 'NI', '2023-2024', 1, '2024-01-23 18:50:09', '2024-01-23 18:50:09'),
	(818, 20, 112, 'I', '2023-2024', 1, '2024-01-23 18:50:09', '2024-01-23 18:50:09'),
	(819, 15, 113, 'NI', '2023-2024', 1, '2024-01-23 18:50:09', '2024-01-23 18:50:09'),
	(820, 16, 113, 'I', '2023-2024', 1, '2024-01-23 18:50:09', '2024-01-23 18:50:09'),
	(821, 17, 113, 'I', '2023-2024', 1, '2024-01-23 18:50:09', '2024-01-23 18:50:09'),
	(822, 18, 113, 'I', '2023-2024', 1, '2024-01-23 18:50:09', '2024-01-23 18:50:09'),
	(823, 19, 113, 'NI', '2023-2024', 1, '2024-01-23 18:50:09', '2024-01-23 18:50:09'),
	(824, 20, 113, 'NI', '2023-2024', 1, '2024-01-23 18:50:09', '2024-01-23 18:50:09'),
	(825, 15, 10, 'I', '2023-2024', 1, '2024-01-23 18:50:09', '2024-01-23 18:50:09'),
	(826, 16, 10, 'I', '2023-2024', 1, '2024-01-23 18:50:09', '2024-01-23 18:50:09'),
	(827, 17, 10, 'I', '2023-2024', 1, '2024-01-23 18:50:09', '2024-01-23 18:50:09'),
	(828, 18, 10, 'I', '2023-2024', 1, '2024-01-23 18:50:09', '2024-01-23 18:50:09'),
	(829, 19, 10, 'I', '2023-2024', 1, '2024-01-23 18:50:09', '2024-01-23 18:50:09'),
	(830, 20, 10, 'I', '2023-2024', 1, '2024-01-23 18:50:09', '2024-01-23 18:50:09'),
	(831, 15, 114, 'NI', '2023-2024', 1, '2024-01-23 18:50:09', '2024-01-23 18:50:09'),
	(832, 16, 114, 'NI', '2023-2024', 1, '2024-01-23 18:50:09', '2024-01-23 18:50:09'),
	(833, 17, 114, 'I', '2023-2024', 1, '2024-01-23 18:50:09', '2024-01-23 18:50:09'),
	(834, 18, 114, 'NI', '2023-2024', 1, '2024-01-23 18:50:09', '2024-01-23 18:50:09'),
	(835, 19, 114, 'NI', '2023-2024', 1, '2024-01-23 18:50:09', '2024-01-23 18:50:09'),
	(836, 20, 114, 'NI', '2023-2024', 1, '2024-01-23 18:50:09', '2024-01-23 18:50:09'),
	(837, 15, 115, 'NI', '2023-2024', 1, '2024-01-23 18:50:09', '2024-01-23 18:50:09'),
	(838, 16, 115, 'NI', '2023-2024', 1, '2024-01-23 18:50:09', '2024-01-23 18:50:09'),
	(839, 17, 115, 'I', '2023-2024', 1, '2024-01-23 18:50:09', '2024-01-23 18:50:09'),
	(840, 18, 115, 'I', '2023-2024', 1, '2024-01-23 18:50:09', '2024-01-23 18:50:09'),
	(841, 19, 115, 'I', '2023-2024', 1, '2024-01-23 18:50:09', '2024-01-23 18:50:09'),
	(842, 20, 115, 'NI', '2023-2024', 1, '2024-01-23 18:50:09', '2024-01-23 18:50:09'),
	(843, 15, 11, 'I', '2023-2024', 1, '2024-01-23 18:50:09', '2024-01-23 18:50:09'),
	(844, 16, 11, 'NI', '2023-2024', 1, '2024-01-23 18:50:09', '2024-01-23 18:50:09'),
	(845, 17, 11, 'NI', '2023-2024', 1, '2024-01-23 18:50:09', '2024-01-23 18:50:09'),
	(846, 18, 11, 'NI', '2023-2024', 1, '2024-01-23 18:50:09', '2024-01-23 18:50:09'),
	(847, 19, 11, 'I', '2023-2024', 1, '2024-01-23 18:50:09', '2024-01-23 18:50:09'),
	(848, 20, 11, 'I', '2023-2024', 1, '2024-01-23 18:50:09', '2024-01-23 18:50:09'),
	(849, 15, 116, 'I', '2023-2024', 1, '2024-01-23 18:50:09', '2024-01-23 18:50:09'),
	(850, 16, 116, 'I', '2023-2024', 1, '2024-01-23 18:50:09', '2024-01-23 18:50:09'),
	(851, 17, 116, 'I', '2023-2024', 1, '2024-01-23 18:50:09', '2024-01-23 18:50:09'),
	(852, 18, 116, 'I', '2023-2024', 1, '2024-01-23 18:50:09', '2024-01-23 18:50:09'),
	(853, 19, 116, 'I', '2023-2024', 1, '2024-01-23 18:50:09', '2024-01-23 18:50:09'),
	(854, 20, 116, 'I', '2023-2024', 1, '2024-01-23 18:50:09', '2024-01-23 18:50:09'),
	(855, 15, 12, 'I', '2023-2024', 1, '2024-01-23 18:50:09', '2024-01-23 18:50:09'),
	(856, 16, 12, 'I', '2023-2024', 1, '2024-01-23 18:50:09', '2024-01-23 18:50:09'),
	(857, 17, 12, 'I', '2023-2024', 1, '2024-01-23 18:50:09', '2024-01-23 18:50:09'),
	(858, 18, 12, 'I', '2023-2024', 1, '2024-01-23 18:50:09', '2024-01-23 18:50:09'),
	(859, 19, 12, 'I', '2023-2024', 1, '2024-01-23 18:50:09', '2024-01-23 18:50:09'),
	(860, 20, 12, 'I', '2023-2024', 1, '2024-01-23 18:50:09', '2024-01-23 18:50:09'),
	(861, 15, 117, 'NI', '2023-2024', 1, '2024-01-23 18:50:09', '2024-01-23 18:50:09'),
	(862, 16, 117, 'NI', '2023-2024', 1, '2024-01-23 18:50:09', '2024-01-23 18:50:09'),
	(863, 17, 117, 'I', '2023-2024', 1, '2024-01-23 18:50:09', '2024-01-23 18:50:09'),
	(864, 18, 117, 'NI', '2023-2024', 1, '2024-01-23 18:50:09', '2024-01-23 18:50:09'),
	(865, 19, 117, 'NI', '2023-2024', 1, '2024-01-23 18:50:09', '2024-01-23 18:50:09'),
	(866, 20, 117, 'NI', '2023-2024', 1, '2024-01-23 18:50:09', '2024-01-23 18:50:09'),
	(867, 15, 118, 'I', '2023-2024', 1, '2024-01-23 18:50:09', '2024-01-23 18:50:09'),
	(868, 16, 118, 'I', '2023-2024', 1, '2024-01-23 18:50:09', '2024-01-23 18:50:09'),
	(869, 17, 118, 'I', '2023-2024', 1, '2024-01-23 18:50:09', '2024-01-23 18:50:09'),
	(870, 18, 118, 'I', '2023-2024', 1, '2024-01-23 18:50:09', '2024-01-23 18:50:09'),
	(871, 19, 118, 'I', '2023-2024', 1, '2024-01-23 18:50:09', '2024-01-23 18:50:09'),
	(872, 20, 118, 'I', '2023-2024', 1, '2024-01-23 18:50:09', '2024-01-23 18:50:09'),
	(873, 15, 13, 'I', '2023-2024', 1, '2024-01-23 18:50:10', '2024-01-23 18:50:10'),
	(874, 16, 13, 'I', '2023-2024', 1, '2024-01-23 18:50:10', '2024-01-23 18:50:10'),
	(875, 17, 13, 'I', '2023-2024', 1, '2024-01-23 18:50:10', '2024-01-23 18:50:10'),
	(876, 18, 13, 'I', '2023-2024', 1, '2024-01-23 18:50:10', '2024-01-23 18:50:10'),
	(877, 19, 13, 'NI', '2023-2024', 1, '2024-01-23 18:50:10', '2024-01-23 18:50:10'),
	(878, 20, 13, 'NI', '2023-2024', 1, '2024-01-23 18:50:10', '2024-01-23 18:50:10'),
	(879, 15, 14, 'I', '2023-2024', 1, '2024-01-23 18:50:10', '2024-01-23 18:50:10'),
	(880, 16, 14, 'I', '2023-2024', 1, '2024-01-23 18:50:10', '2024-01-23 18:50:10'),
	(881, 17, 14, 'I', '2023-2024', 1, '2024-01-23 18:50:10', '2024-01-23 18:50:10'),
	(882, 18, 14, 'I', '2023-2024', 1, '2024-01-23 18:50:10', '2024-01-23 18:50:10'),
	(883, 19, 14, 'I', '2023-2024', 1, '2024-01-23 18:50:10', '2024-01-23 18:50:10'),
	(884, 20, 14, 'I', '2023-2024', 1, '2024-01-23 18:50:10', '2024-01-23 18:50:10'),
	(885, 15, 15, 'I', '2023-2024', 1, '2024-01-23 18:50:10', '2024-01-23 18:50:10'),
	(886, 16, 15, 'NI', '2023-2024', 1, '2024-01-23 18:50:10', '2024-01-23 18:50:10'),
	(887, 17, 15, 'NI', '2023-2024', 1, '2024-01-23 18:50:10', '2024-01-23 18:50:10'),
	(888, 18, 15, 'NI', '2023-2024', 1, '2024-01-23 18:50:10', '2024-01-23 18:50:10'),
	(889, 19, 15, 'I', '2023-2024', 1, '2024-01-23 18:50:10', '2024-01-23 18:50:10'),
	(890, 20, 15, 'NI', '2023-2024', 1, '2024-01-23 18:50:10', '2024-01-23 18:50:10'),
	(891, 15, 119, 'NI', '2023-2024', 1, '2024-01-23 18:50:10', '2024-01-23 18:50:10'),
	(892, 16, 119, 'I', '2023-2024', 1, '2024-01-23 18:50:10', '2024-01-23 18:50:10'),
	(893, 17, 119, 'I', '2023-2024', 1, '2024-01-23 18:50:10', '2024-01-23 18:50:10'),
	(894, 18, 119, 'I', '2023-2024', 1, '2024-01-23 18:50:10', '2024-01-23 18:50:10'),
	(895, 19, 119, 'I', '2023-2024', 1, '2024-01-23 18:50:10', '2024-01-23 18:50:10'),
	(896, 20, 119, 'I', '2023-2024', 1, '2024-01-23 18:50:10', '2024-01-23 18:50:10'),
	(897, 15, 16, 'I', '2023-2024', 1, '2024-01-23 18:50:10', '2024-01-23 18:50:10'),
	(898, 16, 16, 'I', '2023-2024', 1, '2024-01-23 18:50:10', '2024-01-23 18:50:10'),
	(899, 17, 16, 'NI', '2023-2024', 1, '2024-01-23 18:50:10', '2024-01-23 18:50:10'),
	(900, 18, 16, 'I', '2023-2024', 1, '2024-01-23 18:50:10', '2024-01-23 18:50:10'),
	(901, 19, 16, 'NI', '2023-2024', 1, '2024-01-23 18:50:10', '2024-01-23 18:50:10'),
	(902, 20, 16, 'NI', '2023-2024', 1, '2024-01-23 18:50:10', '2024-01-23 18:50:10'),
	(903, 15, 120, 'NI', '2023-2024', 1, '2024-01-23 18:50:10', '2024-01-23 18:50:10'),
	(904, 16, 120, 'I', '2023-2024', 1, '2024-01-23 18:50:10', '2024-01-23 18:50:10'),
	(905, 17, 120, 'I', '2023-2024', 1, '2024-01-23 18:50:10', '2024-01-23 18:50:10'),
	(906, 18, 120, 'NI', '2023-2024', 1, '2024-01-23 18:50:10', '2024-01-23 18:50:10'),
	(907, 19, 120, 'I', '2023-2024', 1, '2024-01-23 18:50:10', '2024-01-23 18:50:10'),
	(908, 20, 120, 'I', '2023-2024', 1, '2024-01-23 18:50:10', '2024-01-23 18:50:10'),
	(909, 15, 121, 'I', '2023-2024', 1, '2024-01-23 18:50:10', '2024-01-23 18:50:10'),
	(910, 16, 121, 'NI', '2023-2024', 1, '2024-01-23 18:50:10', '2024-01-23 18:50:10'),
	(911, 17, 121, 'NI', '2023-2024', 1, '2024-01-23 18:50:10', '2024-01-23 18:50:10'),
	(912, 18, 121, 'NI', '2023-2024', 1, '2024-01-23 18:50:10', '2024-01-23 18:50:10'),
	(913, 19, 121, 'NI', '2023-2024', 1, '2024-01-23 18:50:10', '2024-01-23 18:50:10'),
	(914, 20, 121, 'NI', '2023-2024', 1, '2024-01-23 18:50:10', '2024-01-23 18:50:10'),
	(915, 15, 122, 'NI', '2023-2024', 1, '2024-01-23 18:50:10', '2024-01-23 18:50:10'),
	(916, 16, 122, 'NI', '2023-2024', 1, '2024-01-23 18:50:10', '2024-01-23 18:50:10'),
	(917, 17, 122, 'NI', '2023-2024', 1, '2024-01-23 18:50:10', '2024-01-23 18:50:10'),
	(918, 18, 122, 'NI', '2023-2024', 1, '2024-01-23 18:50:10', '2024-01-23 18:50:10'),
	(919, 19, 122, 'I', '2023-2024', 1, '2024-01-23 18:50:10', '2024-01-23 18:50:10'),
	(920, 20, 122, 'NI', '2023-2024', 1, '2024-01-23 18:50:10', '2024-01-23 18:50:10'),
	(921, 15, 123, 'I', '2023-2024', 1, '2024-01-23 18:50:10', '2024-01-23 18:50:10'),
	(922, 16, 123, 'I', '2023-2024', 1, '2024-01-23 18:50:10', '2024-01-23 18:50:10'),
	(923, 17, 123, 'I', '2023-2024', 1, '2024-01-23 18:50:10', '2024-01-23 18:50:10'),
	(924, 18, 123, 'I', '2023-2024', 1, '2024-01-23 18:50:10', '2024-01-23 18:50:10'),
	(925, 19, 123, 'I', '2023-2024', 1, '2024-01-23 18:50:10', '2024-01-23 18:50:10'),
	(926, 20, 123, 'I', '2023-2024', 1, '2024-01-23 18:50:10', '2024-01-23 18:50:10'),
	(927, 15, 124, 'I', '2023-2024', 1, '2024-01-23 18:50:10', '2024-01-23 18:50:10'),
	(928, 16, 124, 'I', '2023-2024', 1, '2024-01-23 18:50:10', '2024-01-23 18:50:10'),
	(929, 17, 124, 'I', '2023-2024', 1, '2024-01-23 18:50:10', '2024-01-23 18:50:10'),
	(930, 18, 124, 'I', '2023-2024', 1, '2024-01-23 18:50:10', '2024-01-23 18:50:10'),
	(931, 19, 124, 'I', '2023-2024', 1, '2024-01-23 18:50:10', '2024-01-23 18:50:10'),
	(932, 20, 124, 'I', '2023-2024', 1, '2024-01-23 18:50:10', '2024-01-23 18:50:10'),
	(933, 15, 125, 'I', '2023-2024', 1, '2024-01-23 18:50:10', '2024-01-23 18:50:10'),
	(934, 16, 125, 'I', '2023-2024', 1, '2024-01-23 18:50:10', '2024-01-23 18:50:10'),
	(935, 17, 125, 'I', '2023-2024', 1, '2024-01-23 18:50:10', '2024-01-23 18:50:10'),
	(936, 18, 125, 'I', '2023-2024', 1, '2024-01-23 18:50:10', '2024-01-23 18:50:10'),
	(937, 19, 125, 'I', '2023-2024', 1, '2024-01-23 18:50:10', '2024-01-23 18:50:10'),
	(938, 20, 125, 'I', '2023-2024', 1, '2024-01-23 18:50:10', '2024-01-23 18:50:10'),
	(939, 15, 126, 'I', '2023-2024', 1, '2024-01-23 18:50:10', '2024-01-23 18:50:10'),
	(940, 16, 126, 'NI', '2023-2024', 1, '2024-01-23 18:50:10', '2024-01-23 18:50:10'),
	(941, 17, 126, 'NI', '2023-2024', 1, '2024-01-23 18:50:10', '2024-01-23 18:50:10'),
	(942, 18, 126, 'NI', '2023-2024', 1, '2024-01-23 18:50:10', '2024-01-23 18:50:10'),
	(943, 19, 126, 'NI', '2023-2024', 1, '2024-01-23 18:50:10', '2024-01-23 18:50:10'),
	(944, 20, 126, 'NI', '2023-2024', 1, '2024-01-23 18:50:10', '2024-01-23 18:50:10'),
	(945, 15, 127, 'NI', '2023-2024', 1, '2024-01-23 18:50:10', '2024-01-23 18:50:10'),
	(946, 16, 127, 'I', '2023-2024', 1, '2024-01-23 18:50:10', '2024-01-23 18:50:10'),
	(947, 17, 127, 'NI', '2023-2024', 1, '2024-01-23 18:50:10', '2024-01-23 18:50:10'),
	(948, 18, 127, 'I', '2023-2024', 1, '2024-01-23 18:50:10', '2024-01-23 18:50:10'),
	(949, 19, 127, 'I', '2023-2024', 1, '2024-01-23 18:50:10', '2024-01-23 18:50:10'),
	(950, 20, 127, 'NI', '2023-2024', 1, '2024-01-23 18:50:10', '2024-01-23 18:50:10'),
	(951, 15, 17, 'I', '2023-2024', 1, '2024-01-23 18:50:10', '2024-01-23 18:50:10'),
	(952, 16, 17, 'I', '2023-2024', 1, '2024-01-23 18:50:10', '2024-01-23 18:50:10'),
	(953, 17, 17, 'I', '2023-2024', 1, '2024-01-23 18:50:10', '2024-01-23 18:50:10'),
	(954, 18, 17, 'I', '2023-2024', 1, '2024-01-23 18:50:10', '2024-01-23 18:50:10'),
	(955, 19, 17, 'I', '2023-2024', 1, '2024-01-23 18:50:10', '2024-01-23 18:50:10'),
	(956, 20, 17, 'I', '2023-2024', 1, '2024-01-23 18:50:10', '2024-01-23 18:50:10'),
	(957, 15, 128, 'NI', '2023-2024', 1, '2024-01-23 18:50:10', '2024-01-23 18:50:10'),
	(958, 16, 128, 'I', '2023-2024', 1, '2024-01-23 18:50:10', '2024-01-23 18:50:10'),
	(959, 17, 128, 'I', '2023-2024', 1, '2024-01-23 18:50:10', '2024-01-23 18:50:10'),
	(960, 18, 128, 'I', '2023-2024', 1, '2024-01-23 18:50:10', '2024-01-23 18:50:10'),
	(961, 19, 128, 'I', '2023-2024', 1, '2024-01-23 18:50:10', '2024-01-23 18:50:10'),
	(962, 20, 128, 'NI', '2023-2024', 1, '2024-01-23 18:50:10', '2024-01-23 18:50:10'),
	(963, 15, 129, 'I', '2023-2024', 1, '2024-01-23 18:50:10', '2024-01-23 18:50:10'),
	(964, 16, 129, 'NI', '2023-2024', 1, '2024-01-23 18:50:10', '2024-01-23 18:50:10'),
	(965, 17, 129, 'I', '2023-2024', 1, '2024-01-23 18:50:10', '2024-01-23 18:50:10'),
	(966, 18, 129, 'NI', '2023-2024', 1, '2024-01-23 18:50:10', '2024-01-23 18:50:10'),
	(967, 19, 129, 'NI', '2023-2024', 1, '2024-01-23 18:50:10', '2024-01-23 18:50:10'),
	(968, 20, 129, 'NI', '2023-2024', 1, '2024-01-23 18:50:10', '2024-01-23 18:50:10'),
	(969, 15, 20, 'I', '2023-2024', 1, '2024-01-23 18:50:10', '2024-01-23 18:50:10'),
	(970, 16, 20, 'I', '2023-2024', 1, '2024-01-23 18:50:10', '2024-01-23 18:50:10'),
	(971, 17, 20, 'I', '2023-2024', 1, '2024-01-23 18:50:10', '2024-01-23 18:50:10'),
	(972, 18, 20, 'I', '2023-2024', 1, '2024-01-23 18:50:10', '2024-01-23 18:50:10'),
	(973, 19, 20, 'I', '2023-2024', 1, '2024-01-23 18:50:10', '2024-01-23 18:50:10'),
	(974, 20, 20, 'I', '2023-2024', 1, '2024-01-23 18:50:10', '2024-01-23 18:50:10'),
	(975, 15, 21, 'I', '2023-2024', 1, '2024-01-23 18:50:10', '2024-01-23 18:50:10'),
	(976, 16, 21, 'I', '2023-2024', 1, '2024-01-23 18:50:10', '2024-01-23 18:50:10'),
	(977, 17, 21, 'I', '2023-2024', 1, '2024-01-23 18:50:10', '2024-01-23 18:50:10'),
	(978, 18, 21, 'I', '2023-2024', 1, '2024-01-23 18:50:10', '2024-01-23 18:50:10'),
	(979, 19, 21, 'NI', '2023-2024', 1, '2024-01-23 18:50:10', '2024-01-23 18:50:10'),
	(980, 20, 21, 'I', '2023-2024', 1, '2024-01-23 18:50:10', '2024-01-23 18:50:10'),
	(981, 15, 22, 'I', '2023-2024', 1, '2024-01-23 18:50:10', '2024-01-23 18:50:10'),
	(982, 16, 22, 'NI', '2023-2024', 1, '2024-01-23 18:50:10', '2024-01-23 18:50:10'),
	(983, 17, 22, 'NI', '2023-2024', 1, '2024-01-23 18:50:10', '2024-01-23 18:50:10'),
	(984, 18, 22, 'I', '2023-2024', 1, '2024-01-23 18:50:11', '2024-01-23 18:50:11'),
	(985, 19, 22, 'NI', '2023-2024', 1, '2024-01-23 18:50:11', '2024-01-23 18:50:11'),
	(986, 20, 22, 'NI', '2023-2024', 1, '2024-01-23 18:50:11', '2024-01-23 18:50:11'),
	(987, 15, 23, 'I', '2023-2024', 1, '2024-01-23 18:50:11', '2024-01-23 18:50:11'),
	(988, 16, 23, 'I', '2023-2024', 1, '2024-01-23 18:50:11', '2024-01-23 18:50:11'),
	(989, 17, 23, 'I', '2023-2024', 1, '2024-01-23 18:50:11', '2024-01-23 18:50:11'),
	(990, 18, 23, 'I', '2023-2024', 1, '2024-01-23 18:50:11', '2024-01-23 18:50:11'),
	(991, 19, 23, 'I', '2023-2024', 1, '2024-01-23 18:50:11', '2024-01-23 18:50:11'),
	(992, 20, 23, 'I', '2023-2024', 1, '2024-01-23 18:50:11', '2024-01-23 18:50:11'),
	(993, 15, 130, 'NI', '2023-2024', 1, '2024-01-23 18:50:11', '2024-01-23 18:50:11'),
	(994, 16, 130, 'NI', '2023-2024', 1, '2024-01-23 18:50:11', '2024-01-23 18:50:11'),
	(995, 17, 130, 'NI', '2023-2024', 1, '2024-01-23 18:50:11', '2024-01-23 18:50:11'),
	(996, 18, 130, 'NI', '2023-2024', 1, '2024-01-23 18:50:11', '2024-01-23 18:50:11'),
	(997, 19, 130, 'I', '2023-2024', 1, '2024-01-23 18:50:11', '2024-01-23 18:50:11'),
	(998, 20, 130, 'NI', '2023-2024', 1, '2024-01-23 18:50:11', '2024-01-23 18:50:11'),
	(999, 15, 24, 'I', '2023-2024', 1, '2024-01-23 18:50:11', '2024-01-23 18:50:11'),
	(1000, 16, 24, 'NI', '2023-2024', 1, '2024-01-23 18:50:11', '2024-01-23 18:50:11'),
	(1001, 17, 24, 'I', '2023-2024', 1, '2024-01-23 18:50:11', '2024-01-23 18:50:11'),
	(1002, 18, 24, 'I', '2023-2024', 1, '2024-01-23 18:50:11', '2024-01-23 18:50:11'),
	(1003, 19, 24, 'I', '2023-2024', 1, '2024-01-23 18:50:11', '2024-01-23 18:50:11'),
	(1004, 20, 24, 'I', '2023-2024', 1, '2024-01-23 18:50:11', '2024-01-23 18:50:11'),
	(1005, 15, 25, 'I', '2023-2024', 1, '2024-01-23 18:50:11', '2024-01-23 18:50:11'),
	(1006, 16, 25, 'I', '2023-2024', 1, '2024-01-23 18:50:11', '2024-01-23 18:50:11'),
	(1007, 17, 25, 'I', '2023-2024', 1, '2024-01-23 18:50:11', '2024-01-23 18:50:11'),
	(1008, 18, 25, 'I', '2023-2024', 1, '2024-01-23 18:50:11', '2024-01-23 18:50:11'),
	(1009, 19, 25, 'I', '2023-2024', 1, '2024-01-23 18:50:11', '2024-01-23 18:50:11'),
	(1010, 20, 25, 'I', '2023-2024', 1, '2024-01-23 18:50:11', '2024-01-23 18:50:11'),
	(1011, 15, 131, 'I', '2023-2024', 1, '2024-01-23 18:50:11', '2024-01-23 18:50:11'),
	(1012, 16, 131, 'I', '2023-2024', 1, '2024-01-23 18:50:11', '2024-01-23 18:50:11'),
	(1013, 17, 131, 'I', '2023-2024', 1, '2024-01-23 18:50:11', '2024-01-23 18:50:11'),
	(1014, 18, 131, 'I', '2023-2024', 1, '2024-01-23 18:50:11', '2024-01-23 18:50:11'),
	(1015, 19, 131, 'I', '2023-2024', 1, '2024-01-23 18:50:11', '2024-01-23 18:50:11'),
	(1016, 20, 131, 'I', '2023-2024', 1, '2024-01-23 18:50:11', '2024-01-23 18:50:11'),
	(1017, 15, 132, 'I', '2023-2024', 1, '2024-01-23 18:50:11', '2024-01-23 18:50:11'),
	(1018, 16, 132, 'I', '2023-2024', 1, '2024-01-23 18:50:11', '2024-01-23 18:50:11'),
	(1019, 17, 132, 'I', '2023-2024', 1, '2024-01-23 18:50:11', '2024-01-23 18:50:11'),
	(1020, 18, 132, 'I', '2023-2024', 1, '2024-01-23 18:50:11', '2024-01-23 18:50:11'),
	(1021, 19, 132, 'I', '2023-2024', 1, '2024-01-23 18:50:11', '2024-01-23 18:50:11'),
	(1022, 20, 132, 'I', '2023-2024', 1, '2024-01-23 18:50:11', '2024-01-23 18:50:11'),
	(1023, 15, 26, 'I', '2023-2024', 1, '2024-01-23 18:50:11', '2024-01-23 18:50:11'),
	(1024, 16, 26, 'I', '2023-2024', 1, '2024-01-23 18:50:11', '2024-01-23 18:50:11'),
	(1025, 17, 26, 'I', '2023-2024', 1, '2024-01-23 18:50:11', '2024-01-23 18:50:11'),
	(1026, 18, 26, 'I', '2023-2024', 1, '2024-01-23 18:50:11', '2024-01-23 18:50:11'),
	(1027, 19, 26, 'I', '2023-2024', 1, '2024-01-23 18:50:11', '2024-01-23 18:50:11'),
	(1028, 20, 26, 'I', '2023-2024', 1, '2024-01-23 18:50:11', '2024-01-23 18:50:11'),
	(1029, 15, 133, 'I', '2023-2024', 1, '2024-01-23 18:50:11', '2024-01-23 18:50:11'),
	(1030, 16, 133, 'NI', '2023-2024', 1, '2024-01-23 18:50:11', '2024-01-23 18:50:11'),
	(1031, 17, 133, 'I', '2023-2024', 1, '2024-01-23 18:50:11', '2024-01-23 18:50:11'),
	(1032, 18, 133, 'NI', '2023-2024', 1, '2024-01-23 18:50:11', '2024-01-23 18:50:11'),
	(1033, 19, 133, 'I', '2023-2024', 1, '2024-01-23 18:50:11', '2024-01-23 18:50:11'),
	(1034, 20, 133, 'NI', '2023-2024', 1, '2024-01-23 18:50:11', '2024-01-23 18:50:11'),
	(1035, 15, 134, 'I', '2023-2024', 1, '2024-01-23 18:50:11', '2024-01-23 18:50:11'),
	(1036, 16, 134, 'I', '2023-2024', 1, '2024-01-23 18:50:11', '2024-01-23 18:50:11'),
	(1037, 17, 134, 'NI', '2023-2024', 1, '2024-01-23 18:50:11', '2024-01-23 18:50:11'),
	(1038, 18, 134, 'NI', '2023-2024', 1, '2024-01-23 18:50:11', '2024-01-23 18:50:11'),
	(1039, 19, 134, 'NI', '2023-2024', 1, '2024-01-23 18:50:11', '2024-01-23 18:50:11'),
	(1040, 20, 134, 'NI', '2023-2024', 1, '2024-01-23 18:50:11', '2024-01-23 18:50:11'),
	(1041, 15, 135, 'I', '2023-2024', 1, '2024-01-23 18:50:11', '2024-01-23 18:50:11'),
	(1042, 16, 135, 'NI', '2023-2024', 1, '2024-01-23 18:50:11', '2024-01-23 18:50:11'),
	(1043, 17, 135, 'I', '2023-2024', 1, '2024-01-23 18:50:11', '2024-01-23 18:50:11'),
	(1044, 18, 135, 'NI', '2023-2024', 1, '2024-01-23 18:50:11', '2024-01-23 18:50:11'),
	(1045, 19, 135, 'NI', '2023-2024', 1, '2024-01-23 18:50:11', '2024-01-23 18:50:11'),
	(1046, 20, 135, 'NI', '2023-2024', 1, '2024-01-23 18:50:11', '2024-01-23 18:50:11'),
	(1047, 15, 136, 'I', '2023-2024', 1, '2024-01-23 18:50:11', '2024-01-23 18:50:11'),
	(1048, 16, 136, 'I', '2023-2024', 1, '2024-01-23 18:50:11', '2024-01-23 18:50:11'),
	(1049, 17, 136, 'I', '2023-2024', 1, '2024-01-23 18:50:11', '2024-01-23 18:50:11'),
	(1050, 18, 136, 'I', '2023-2024', 1, '2024-01-23 18:50:11', '2024-01-23 18:50:11'),
	(1051, 19, 136, 'I', '2023-2024', 1, '2024-01-23 18:50:11', '2024-01-23 18:50:11'),
	(1052, 20, 136, 'I', '2023-2024', 1, '2024-01-23 18:50:11', '2024-01-23 18:50:11'),
	(1053, 15, 137, 'I', '2023-2024', 1, '2024-01-23 18:50:11', '2024-01-23 18:50:11'),
	(1054, 16, 137, 'I', '2023-2024', 1, '2024-01-23 18:50:11', '2024-01-23 18:50:11'),
	(1055, 17, 137, 'I', '2023-2024', 1, '2024-01-23 18:50:11', '2024-01-23 18:50:11'),
	(1056, 18, 137, 'I', '2023-2024', 1, '2024-01-23 18:50:11', '2024-01-23 18:50:11'),
	(1057, 19, 137, 'I', '2023-2024', 1, '2024-01-23 18:50:11', '2024-01-23 18:50:11'),
	(1058, 20, 137, 'I', '2023-2024', 1, '2024-01-23 18:50:11', '2024-01-23 18:50:11'),
	(1059, 15, 138, 'I', '2023-2024', 1, '2024-01-23 18:50:11', '2024-01-23 18:50:11'),
	(1060, 16, 138, 'NI', '2023-2024', 1, '2024-01-23 18:50:11', '2024-01-23 18:50:11'),
	(1061, 17, 138, 'NI', '2023-2024', 1, '2024-01-23 18:50:11', '2024-01-23 18:50:11'),
	(1062, 18, 138, 'NI', '2023-2024', 1, '2024-01-23 18:50:11', '2024-01-23 18:50:11'),
	(1063, 19, 138, 'NI', '2023-2024', 1, '2024-01-23 18:50:11', '2024-01-23 18:50:11'),
	(1064, 20, 138, 'I', '2023-2024', 1, '2024-01-23 18:50:11', '2024-01-23 18:50:11'),
	(1065, 15, 28, 'I', '2023-2024', 1, '2024-01-23 18:50:11', '2024-01-23 18:50:11'),
	(1066, 16, 28, 'I', '2023-2024', 1, '2024-01-23 18:50:11', '2024-01-23 18:50:11'),
	(1067, 17, 28, 'I', '2023-2024', 1, '2024-01-23 18:50:11', '2024-01-23 18:50:11'),
	(1068, 18, 28, 'I', '2023-2024', 1, '2024-01-23 18:50:11', '2024-01-23 18:50:11'),
	(1069, 19, 28, 'I', '2023-2024', 1, '2024-01-23 18:50:11', '2024-01-23 18:50:11'),
	(1070, 20, 28, 'I', '2023-2024', 1, '2024-01-23 18:50:11', '2024-01-23 18:50:11'),
	(1071, 15, 97, 'I', '2023-2024', 1, '2024-01-23 18:50:11', '2024-01-23 18:50:11'),
	(1072, 16, 97, 'NI', '2023-2024', 1, '2024-01-23 18:50:11', '2024-01-23 18:50:11'),
	(1073, 17, 97, 'NI', '2023-2024', 1, '2024-01-23 18:50:11', '2024-01-23 18:50:11'),
	(1074, 18, 97, 'I', '2023-2024', 1, '2024-01-23 18:50:11', '2024-01-23 18:50:11'),
	(1075, 19, 97, 'NI', '2023-2024', 1, '2024-01-23 18:50:11', '2024-01-23 18:50:11'),
	(1076, 20, 97, 'NI', '2023-2024', 1, '2024-01-23 18:50:11', '2024-01-23 18:50:11'),
	(1077, 15, 29, 'I', '2023-2024', 1, '2024-01-23 18:50:11', '2024-01-23 18:50:11'),
	(1078, 16, 29, 'I', '2023-2024', 1, '2024-01-23 18:50:11', '2024-01-23 18:50:11'),
	(1079, 17, 29, 'I', '2023-2024', 1, '2024-01-23 18:50:11', '2024-01-23 18:50:11'),
	(1080, 18, 29, 'I', '2023-2024', 1, '2024-01-23 18:50:11', '2024-01-23 18:50:11'),
	(1081, 19, 29, 'I', '2023-2024', 1, '2024-01-23 18:50:11', '2024-01-23 18:50:11'),
	(1082, 20, 29, 'I', '2023-2024', 1, '2024-01-23 18:50:11', '2024-01-23 18:50:11'),
	(1083, 15, 30, 'I', '2023-2024', 1, '2024-01-23 18:50:11', '2024-01-23 18:50:11'),
	(1084, 16, 30, 'I', '2023-2024', 1, '2024-01-23 18:50:11', '2024-01-23 18:50:11'),
	(1085, 17, 30, 'I', '2023-2024', 1, '2024-01-23 18:50:11', '2024-01-23 18:50:11'),
	(1086, 18, 30, 'I', '2023-2024', 1, '2024-01-23 18:50:11', '2024-01-23 18:50:11'),
	(1087, 19, 30, 'NI', '2023-2024', 1, '2024-01-23 18:50:11', '2024-01-23 18:50:11'),
	(1088, 20, 30, 'NI', '2023-2024', 1, '2024-01-23 18:50:11', '2024-01-23 18:50:11'),
	(1089, 15, 31, 'I', '2023-2024', 1, '2024-01-23 18:50:11', '2024-01-23 18:50:11'),
	(1090, 16, 31, 'I', '2023-2024', 1, '2024-01-23 18:50:11', '2024-01-23 18:50:11'),
	(1091, 17, 31, 'I', '2023-2024', 1, '2024-01-23 18:50:11', '2024-01-23 18:50:11'),
	(1092, 18, 31, 'I', '2023-2024', 1, '2024-01-23 18:50:11', '2024-01-23 18:50:11'),
	(1093, 19, 31, 'I', '2023-2024', 1, '2024-01-23 18:50:11', '2024-01-23 18:50:11'),
	(1094, 20, 31, 'NI', '2023-2024', 1, '2024-01-23 18:50:11', '2024-01-23 18:50:11'),
	(1095, 15, 32, 'NI', '2023-2024', 1, '2024-01-23 18:50:11', '2024-01-23 18:50:11'),
	(1096, 16, 32, 'I', '2023-2024', 1, '2024-01-23 18:50:11', '2024-01-23 18:50:11'),
	(1097, 17, 32, 'I', '2023-2024', 1, '2024-01-23 18:50:11', '2024-01-23 18:50:11'),
	(1098, 18, 32, 'I', '2023-2024', 1, '2024-01-23 18:50:11', '2024-01-23 18:50:11'),
	(1099, 19, 32, 'I', '2023-2024', 1, '2024-01-23 18:50:11', '2024-01-23 18:50:11'),
	(1100, 20, 32, 'NI', '2023-2024', 1, '2024-01-23 18:50:11', '2024-01-23 18:50:11'),
	(1101, 15, 139, 'I', '2023-2024', 1, '2024-01-23 18:50:11', '2024-01-23 18:50:11'),
	(1102, 16, 139, 'NI', '2023-2024', 1, '2024-01-23 18:50:12', '2024-01-23 18:50:12'),
	(1103, 17, 139, 'I', '2023-2024', 1, '2024-01-23 18:50:12', '2024-01-23 18:50:12'),
	(1104, 18, 139, 'I', '2023-2024', 1, '2024-01-23 18:50:12', '2024-01-23 18:50:12'),
	(1105, 19, 139, 'I', '2023-2024', 1, '2024-01-23 18:50:12', '2024-01-23 18:50:12'),
	(1106, 20, 139, 'I', '2023-2024', 1, '2024-01-23 18:50:12', '2024-01-23 18:50:12'),
	(1107, 15, 33, 'NI', '2023-2024', 1, '2024-01-23 18:50:12', '2024-01-23 18:50:12'),
	(1108, 16, 33, 'I', '2023-2024', 1, '2024-01-23 18:50:12', '2024-01-23 18:50:12'),
	(1109, 17, 33, 'NI', '2023-2024', 1, '2024-01-23 18:50:12', '2024-01-23 18:50:12'),
	(1110, 18, 33, 'I', '2023-2024', 1, '2024-01-23 18:50:12', '2024-01-23 18:50:12'),
	(1111, 19, 33, 'NI', '2023-2024', 1, '2024-01-23 18:50:12', '2024-01-23 18:50:12'),
	(1112, 20, 33, 'I', '2023-2024', 1, '2024-01-23 18:50:12', '2024-01-23 18:50:12'),
	(1113, 15, 34, 'NI', '2023-2024', 1, '2024-01-23 18:50:12', '2024-01-23 18:50:12'),
	(1114, 16, 34, 'NI', '2023-2024', 1, '2024-01-23 18:50:12', '2024-01-23 18:50:12'),
	(1115, 17, 34, 'I', '2023-2024', 1, '2024-01-23 18:50:12', '2024-01-23 18:50:12'),
	(1116, 18, 34, 'NI', '2023-2024', 1, '2024-01-23 18:50:12', '2024-01-23 18:50:12'),
	(1117, 19, 34, 'NI', '2023-2024', 1, '2024-01-23 18:50:12', '2024-01-23 18:50:12'),
	(1118, 20, 34, 'NI', '2023-2024', 1, '2024-01-23 18:50:12', '2024-01-23 18:50:12'),
	(1119, 15, 35, 'I', '2023-2024', 1, '2024-01-23 18:50:12', '2024-01-23 18:50:12'),
	(1120, 16, 35, 'I', '2023-2024', 1, '2024-01-23 18:50:12', '2024-01-23 18:50:12'),
	(1121, 17, 35, 'I', '2023-2024', 1, '2024-01-23 18:50:12', '2024-01-23 18:50:12'),
	(1122, 18, 35, 'I', '2023-2024', 1, '2024-01-23 18:50:12', '2024-01-23 18:50:12'),
	(1123, 19, 35, 'I', '2023-2024', 1, '2024-01-23 18:50:12', '2024-01-23 18:50:12'),
	(1124, 20, 35, 'I', '2023-2024', 1, '2024-01-23 18:50:12', '2024-01-23 18:50:12'),
	(1125, 15, 140, 'I', '2023-2024', 1, '2024-01-23 18:50:12', '2024-01-23 18:50:12'),
	(1126, 16, 140, 'I', '2023-2024', 1, '2024-01-23 18:50:12', '2024-01-23 18:50:12'),
	(1127, 17, 140, 'I', '2023-2024', 1, '2024-01-23 18:50:12', '2024-01-23 18:50:12'),
	(1128, 18, 140, 'I', '2023-2024', 1, '2024-01-23 18:50:12', '2024-01-23 18:50:12'),
	(1129, 19, 140, 'I', '2023-2024', 1, '2024-01-23 18:50:12', '2024-01-23 18:50:12'),
	(1130, 20, 140, 'I', '2023-2024', 1, '2024-01-23 18:50:12', '2024-01-23 18:50:12'),
	(1131, 15, 141, 'I', '2023-2024', 1, '2024-01-23 18:50:12', '2024-01-23 18:50:12'),
	(1132, 16, 141, 'NI', '2023-2024', 1, '2024-01-23 18:50:12', '2024-01-23 18:50:12'),
	(1133, 17, 141, 'I', '2023-2024', 1, '2024-01-23 18:50:12', '2024-01-23 18:50:12'),
	(1134, 18, 141, 'NI', '2023-2024', 1, '2024-01-23 18:50:12', '2024-01-23 18:50:12'),
	(1135, 19, 141, 'I', '2023-2024', 1, '2024-01-23 18:50:12', '2024-01-23 18:50:12'),
	(1136, 20, 141, 'NI', '2023-2024', 1, '2024-01-23 18:50:12', '2024-01-23 18:50:12'),
	(1137, 15, 142, 'I', '2023-2024', 1, '2024-01-23 18:50:12', '2024-01-23 18:50:12'),
	(1138, 16, 142, 'NI', '2023-2024', 1, '2024-01-23 18:50:12', '2024-01-23 18:50:12'),
	(1139, 17, 142, 'NI', '2023-2024', 1, '2024-01-23 18:50:12', '2024-01-23 18:50:12'),
	(1140, 18, 142, 'NI', '2023-2024', 1, '2024-01-23 18:50:12', '2024-01-23 18:50:12'),
	(1141, 19, 142, 'I', '2023-2024', 1, '2024-01-23 18:50:12', '2024-01-23 18:50:12'),
	(1142, 20, 142, 'NI', '2023-2024', 1, '2024-01-23 18:50:12', '2024-01-23 18:50:12'),
	(1143, 15, 143, 'I', '2023-2024', 1, '2024-01-23 18:50:12', '2024-01-23 18:50:12'),
	(1144, 16, 143, 'I', '2023-2024', 1, '2024-01-23 18:50:12', '2024-01-23 18:50:12'),
	(1145, 17, 143, 'I', '2023-2024', 1, '2024-01-23 18:50:12', '2024-01-23 18:50:12'),
	(1146, 18, 143, 'I', '2023-2024', 1, '2024-01-23 18:50:12', '2024-01-23 18:50:12'),
	(1147, 19, 143, 'I', '2023-2024', 1, '2024-01-23 18:50:12', '2024-01-23 18:50:12'),
	(1148, 20, 143, 'I', '2023-2024', 1, '2024-01-23 18:50:12', '2024-01-23 18:50:12'),
	(1149, 15, 144, 'I', '2023-2024', 1, '2024-01-23 18:50:12', '2024-01-23 18:50:12'),
	(1150, 16, 144, 'NI', '2023-2024', 1, '2024-01-23 18:50:12', '2024-01-23 18:50:12'),
	(1151, 17, 144, 'NI', '2023-2024', 1, '2024-01-23 18:50:12', '2024-01-23 18:50:12'),
	(1152, 18, 144, 'NI', '2023-2024', 1, '2024-01-23 18:50:12', '2024-01-23 18:50:12'),
	(1153, 19, 144, 'NI', '2023-2024', 1, '2024-01-23 18:50:12', '2024-01-23 18:50:12'),
	(1154, 20, 144, 'I', '2023-2024', 1, '2024-01-23 18:50:12', '2024-01-23 18:50:12'),
	(1155, 15, 36, 'I', '2023-2024', 1, '2024-01-23 18:50:12', '2024-01-23 18:50:12'),
	(1156, 16, 36, 'I', '2023-2024', 1, '2024-01-23 18:50:12', '2024-01-23 18:50:12'),
	(1157, 17, 36, 'I', '2023-2024', 1, '2024-01-23 18:50:12', '2024-01-23 18:50:12'),
	(1158, 18, 36, 'I', '2023-2024', 1, '2024-01-23 18:50:12', '2024-01-23 18:50:12'),
	(1159, 19, 36, 'I', '2023-2024', 1, '2024-01-23 18:50:12', '2024-01-23 18:50:12'),
	(1160, 20, 36, 'I', '2023-2024', 1, '2024-01-23 18:50:12', '2024-01-23 18:50:12'),
	(1161, 15, 145, 'I', '2023-2024', 1, '2024-01-23 18:50:12', '2024-01-23 18:50:12'),
	(1162, 16, 145, 'NI', '2023-2024', 1, '2024-01-23 18:50:12', '2024-01-23 18:50:12'),
	(1163, 17, 145, 'I', '2023-2024', 1, '2024-01-23 18:50:12', '2024-01-23 18:50:12'),
	(1164, 18, 145, 'I', '2023-2024', 1, '2024-01-23 18:50:12', '2024-01-23 18:50:12'),
	(1165, 19, 145, 'I', '2023-2024', 1, '2024-01-23 18:50:12', '2024-01-23 18:50:12'),
	(1166, 20, 145, 'NI', '2023-2024', 1, '2024-01-23 18:50:12', '2024-01-23 18:50:12'),
	(1167, 15, 146, 'I', '2023-2024', 1, '2024-01-23 18:50:12', '2024-01-23 18:50:12'),
	(1168, 16, 146, 'NI', '2023-2024', 1, '2024-01-23 18:50:12', '2024-01-23 18:50:12'),
	(1169, 17, 146, 'I', '2023-2024', 1, '2024-01-23 18:50:12', '2024-01-23 18:50:12'),
	(1170, 18, 146, 'I', '2023-2024', 1, '2024-01-23 18:50:12', '2024-01-23 18:50:12'),
	(1171, 19, 146, 'NI', '2023-2024', 1, '2024-01-23 18:50:12', '2024-01-23 18:50:12'),
	(1172, 20, 146, 'NI', '2023-2024', 1, '2024-01-23 18:50:12', '2024-01-23 18:50:12'),
	(1173, 15, 147, 'NI', '2023-2024', 1, '2024-01-23 18:50:12', '2024-01-23 18:50:12'),
	(1174, 16, 147, 'NI', '2023-2024', 1, '2024-01-23 18:50:12', '2024-01-23 18:50:12'),
	(1175, 17, 147, 'I', '2023-2024', 1, '2024-01-23 18:50:12', '2024-01-23 18:50:12'),
	(1176, 18, 147, 'NI', '2023-2024', 1, '2024-01-23 18:50:12', '2024-01-23 18:50:12'),
	(1177, 19, 147, 'NI', '2023-2024', 1, '2024-01-23 18:50:12', '2024-01-23 18:50:12'),
	(1178, 20, 147, 'I', '2023-2024', 1, '2024-01-23 18:50:12', '2024-01-23 18:50:12'),
	(1179, 15, 39, 'I', '2023-2024', 1, '2024-01-23 18:50:12', '2024-01-23 18:50:12'),
	(1180, 16, 39, 'I', '2023-2024', 1, '2024-01-23 18:50:12', '2024-01-23 18:50:12'),
	(1181, 17, 39, 'NI', '2023-2024', 1, '2024-01-23 18:50:12', '2024-01-23 18:50:12'),
	(1182, 18, 39, 'NI', '2023-2024', 1, '2024-01-23 18:50:12', '2024-01-23 18:50:12'),
	(1183, 19, 39, 'I', '2023-2024', 1, '2024-01-23 18:50:12', '2024-01-23 18:50:12'),
	(1184, 20, 39, 'NI', '2023-2024', 1, '2024-01-23 18:50:12', '2024-01-23 18:50:12'),
	(1185, 15, 40, 'I', '2023-2024', 1, '2024-01-23 18:50:12', '2024-01-23 18:50:12'),
	(1186, 16, 40, 'I', '2023-2024', 1, '2024-01-23 18:50:12', '2024-01-23 18:50:12'),
	(1187, 17, 40, 'I', '2023-2024', 1, '2024-01-23 18:50:12', '2024-01-23 18:50:12'),
	(1188, 18, 40, 'NI', '2023-2024', 1, '2024-01-23 18:50:12', '2024-01-23 18:50:12'),
	(1189, 19, 40, 'I', '2023-2024', 1, '2024-01-23 18:50:12', '2024-01-23 18:50:12'),
	(1190, 20, 40, 'I', '2023-2024', 1, '2024-01-23 18:50:12', '2024-01-23 18:50:12'),
	(1191, 15, 41, 'I', '2023-2024', 1, '2024-01-23 18:50:12', '2024-01-23 18:50:12'),
	(1192, 16, 41, 'I', '2023-2024', 1, '2024-01-23 18:50:12', '2024-01-23 18:50:12'),
	(1193, 17, 41, 'I', '2023-2024', 1, '2024-01-23 18:50:12', '2024-01-23 18:50:12'),
	(1194, 18, 41, 'I', '2023-2024', 1, '2024-01-23 18:50:12', '2024-01-23 18:50:12'),
	(1195, 19, 41, 'I', '2023-2024', 1, '2024-01-23 18:50:12', '2024-01-23 18:50:12'),
	(1196, 20, 41, 'I', '2023-2024', 1, '2024-01-23 18:50:12', '2024-01-23 18:50:12'),
	(1197, 15, 148, 'I', '2023-2024', 1, '2024-01-23 18:50:12', '2024-01-23 18:50:12'),
	(1198, 16, 148, 'I', '2023-2024', 1, '2024-01-23 18:50:12', '2024-01-23 18:50:12'),
	(1199, 17, 148, 'NI', '2023-2024', 1, '2024-01-23 18:50:12', '2024-01-23 18:50:12'),
	(1200, 18, 148, 'I', '2023-2024', 1, '2024-01-23 18:50:12', '2024-01-23 18:50:12'),
	(1201, 19, 148, 'I', '2023-2024', 1, '2024-01-23 18:50:12', '2024-01-23 18:50:12'),
	(1202, 20, 148, 'NI', '2023-2024', 1, '2024-01-23 18:50:12', '2024-01-23 18:50:12'),
	(1203, 15, 42, 'I', '2023-2024', 1, '2024-01-23 18:50:12', '2024-01-23 18:50:12'),
	(1204, 16, 42, 'I', '2023-2024', 1, '2024-01-23 18:50:12', '2024-01-23 18:50:12'),
	(1205, 17, 42, 'NI', '2023-2024', 1, '2024-01-23 18:50:12', '2024-01-23 18:50:12'),
	(1206, 18, 42, 'I', '2023-2024', 1, '2024-01-23 18:50:12', '2024-01-23 18:50:12'),
	(1207, 19, 42, 'I', '2023-2024', 1, '2024-01-23 18:50:12', '2024-01-23 18:50:12'),
	(1208, 20, 42, 'I', '2023-2024', 1, '2024-01-23 18:50:12', '2024-01-23 18:50:12'),
	(1209, 15, 149, 'I', '2023-2024', 1, '2024-01-23 18:50:12', '2024-01-23 18:50:12'),
	(1210, 16, 149, 'I', '2023-2024', 1, '2024-01-23 18:50:12', '2024-01-23 18:50:12'),
	(1211, 17, 149, 'I', '2023-2024', 1, '2024-01-23 18:50:12', '2024-01-23 18:50:12'),
	(1212, 18, 149, 'I', '2023-2024', 1, '2024-01-23 18:50:12', '2024-01-23 18:50:12'),
	(1213, 19, 149, 'NI', '2023-2024', 1, '2024-01-23 18:50:12', '2024-01-23 18:50:12'),
	(1214, 20, 149, 'NI', '2023-2024', 1, '2024-01-23 18:50:12', '2024-01-23 18:50:12'),
	(1215, 15, 150, 'I', '2023-2024', 1, '2024-01-23 18:50:12', '2024-01-23 18:50:12'),
	(1216, 16, 150, 'I', '2023-2024', 1, '2024-01-23 18:50:12', '2024-01-23 18:50:12'),
	(1217, 17, 150, 'I', '2023-2024', 1, '2024-01-23 18:50:12', '2024-01-23 18:50:12'),
	(1218, 18, 150, 'I', '2023-2024', 1, '2024-01-23 18:50:12', '2024-01-23 18:50:12'),
	(1219, 19, 150, 'I', '2023-2024', 1, '2024-01-23 18:50:12', '2024-01-23 18:50:12'),
	(1220, 20, 150, 'I', '2023-2024', 1, '2024-01-23 18:50:12', '2024-01-23 18:50:12'),
	(1221, 15, 43, 'I', '2023-2024', 1, '2024-01-23 18:50:13', '2024-01-23 18:50:13'),
	(1222, 16, 43, 'NI', '2023-2024', 1, '2024-01-23 18:50:13', '2024-01-23 18:50:13'),
	(1223, 17, 43, 'I', '2023-2024', 1, '2024-01-23 18:50:13', '2024-01-23 18:50:13'),
	(1224, 18, 43, 'NI', '2023-2024', 1, '2024-01-23 18:50:13', '2024-01-23 18:50:13'),
	(1225, 19, 43, 'NI', '2023-2024', 1, '2024-01-23 18:50:13', '2024-01-23 18:50:13'),
	(1226, 20, 43, 'NI', '2023-2024', 1, '2024-01-23 18:50:13', '2024-01-23 18:50:13'),
	(1227, 15, 44, 'I', '2023-2024', 1, '2024-01-23 18:50:13', '2024-01-23 18:50:13'),
	(1228, 16, 44, 'I', '2023-2024', 1, '2024-01-23 18:50:13', '2024-01-23 18:50:13'),
	(1229, 17, 44, 'I', '2023-2024', 1, '2024-01-23 18:50:13', '2024-01-23 18:50:13'),
	(1230, 18, 44, 'I', '2023-2024', 1, '2024-01-23 18:50:13', '2024-01-23 18:50:13'),
	(1231, 19, 44, 'I', '2023-2024', 1, '2024-01-23 18:50:13', '2024-01-23 18:50:13'),
	(1232, 20, 44, 'I', '2023-2024', 1, '2024-01-23 18:50:13', '2024-01-23 18:50:13'),
	(1233, 15, 151, 'I', '2023-2024', 1, '2024-01-23 18:50:13', '2024-01-23 18:50:13'),
	(1234, 16, 151, 'I', '2023-2024', 1, '2024-01-23 18:50:13', '2024-01-23 18:50:13'),
	(1235, 17, 151, 'I', '2023-2024', 1, '2024-01-23 18:50:13', '2024-01-23 18:50:13'),
	(1236, 18, 151, 'I', '2023-2024', 1, '2024-01-23 18:50:13', '2024-01-23 18:50:13'),
	(1237, 19, 151, 'I', '2023-2024', 1, '2024-01-23 18:50:13', '2024-01-23 18:50:13'),
	(1238, 20, 151, 'I', '2023-2024', 1, '2024-01-23 18:50:13', '2024-01-23 18:50:13'),
	(1239, 15, 152, 'I', '2023-2024', 1, '2024-01-23 18:50:13', '2024-01-23 18:50:13'),
	(1240, 16, 152, 'NI', '2023-2024', 1, '2024-01-23 18:50:13', '2024-01-23 18:50:13'),
	(1241, 17, 152, 'NI', '2023-2024', 1, '2024-01-23 18:50:13', '2024-01-23 18:50:13'),
	(1242, 18, 152, 'NI', '2023-2024', 1, '2024-01-23 18:50:13', '2024-01-23 18:50:13'),
	(1243, 19, 152, 'NI', '2023-2024', 1, '2024-01-23 18:50:13', '2024-01-23 18:50:13'),
	(1244, 20, 152, 'NI', '2023-2024', 1, '2024-01-23 18:50:13', '2024-01-23 18:50:13'),
	(1245, 15, 45, 'I', '2023-2024', 1, '2024-01-23 18:50:13', '2024-01-23 18:50:13'),
	(1246, 16, 45, 'I', '2023-2024', 1, '2024-01-23 18:50:13', '2024-01-23 18:50:13'),
	(1247, 17, 45, 'I', '2023-2024', 1, '2024-01-23 18:50:13', '2024-01-23 18:50:13'),
	(1248, 18, 45, 'I', '2023-2024', 1, '2024-01-23 18:50:13', '2024-01-23 18:50:13'),
	(1249, 19, 45, 'I', '2023-2024', 1, '2024-01-23 18:50:13', '2024-01-23 18:50:13'),
	(1250, 20, 45, 'I', '2023-2024', 1, '2024-01-23 18:50:13', '2024-01-23 18:50:13'),
	(1251, 15, 153, 'I', '2023-2024', 1, '2024-01-23 18:50:13', '2024-01-23 18:50:13'),
	(1252, 16, 153, 'NI', '2023-2024', 1, '2024-01-23 18:50:13', '2024-01-23 18:50:13'),
	(1253, 17, 153, 'I', '2023-2024', 1, '2024-01-23 18:50:13', '2024-01-23 18:50:13'),
	(1254, 18, 153, 'NI', '2023-2024', 1, '2024-01-23 18:50:13', '2024-01-23 18:50:13'),
	(1255, 19, 153, 'I', '2023-2024', 1, '2024-01-23 18:50:13', '2024-01-23 18:50:13'),
	(1256, 20, 153, 'I', '2023-2024', 1, '2024-01-23 18:50:13', '2024-01-23 18:50:13'),
	(1257, 15, 154, 'I', '2023-2024', 1, '2024-01-23 18:50:13', '2024-01-23 18:50:13'),
	(1258, 16, 154, 'NI', '2023-2024', 1, '2024-01-23 18:50:13', '2024-01-23 18:50:13'),
	(1259, 17, 154, 'I', '2023-2024', 1, '2024-01-23 18:50:13', '2024-01-23 18:50:13'),
	(1260, 18, 154, 'I', '2023-2024', 1, '2024-01-23 18:50:13', '2024-01-23 18:50:13'),
	(1261, 19, 154, 'I', '2023-2024', 1, '2024-01-23 18:50:13', '2024-01-23 18:50:13'),
	(1262, 20, 154, 'NI', '2023-2024', 1, '2024-01-23 18:50:13', '2024-01-23 18:50:13'),
	(1263, 15, 46, 'I', '2023-2024', 1, '2024-01-23 18:50:13', '2024-01-23 18:50:13'),
	(1264, 16, 46, 'NI', '2023-2024', 1, '2024-01-23 18:50:13', '2024-01-23 18:50:13'),
	(1265, 17, 46, 'NI', '2023-2024', 1, '2024-01-23 18:50:13', '2024-01-23 18:50:13'),
	(1266, 18, 46, 'NI', '2023-2024', 1, '2024-01-23 18:50:13', '2024-01-23 18:50:13'),
	(1267, 19, 46, 'NI', '2023-2024', 1, '2024-01-23 18:50:13', '2024-01-23 18:50:13'),
	(1268, 20, 46, 'NI', '2023-2024', 1, '2024-01-23 18:50:13', '2024-01-23 18:50:13'),
	(1269, 15, 47, 'I', '2023-2024', 1, '2024-01-23 18:50:13', '2024-01-23 18:50:13'),
	(1270, 16, 47, 'I', '2023-2024', 1, '2024-01-23 18:50:13', '2024-01-23 18:50:13'),
	(1271, 17, 47, 'NI', '2023-2024', 1, '2024-01-23 18:50:13', '2024-01-23 18:50:13'),
	(1272, 18, 47, 'I', '2023-2024', 1, '2024-01-23 18:50:13', '2024-01-23 18:50:13'),
	(1273, 19, 47, 'I', '2023-2024', 1, '2024-01-23 18:50:13', '2024-01-23 18:50:13'),
	(1274, 20, 47, 'I', '2023-2024', 1, '2024-01-23 18:50:13', '2024-01-23 18:50:13'),
	(1275, 15, 155, 'I', '2023-2024', 1, '2024-01-23 18:50:13', '2024-01-23 18:50:13'),
	(1276, 16, 155, 'NI', '2023-2024', 1, '2024-01-23 18:50:13', '2024-01-23 18:50:13'),
	(1277, 17, 155, 'I', '2023-2024', 1, '2024-01-23 18:50:13', '2024-01-23 18:50:13'),
	(1278, 18, 155, 'I', '2023-2024', 1, '2024-01-23 18:50:13', '2024-01-23 18:50:13'),
	(1279, 19, 155, 'I', '2023-2024', 1, '2024-01-23 18:50:13', '2024-01-23 18:50:13'),
	(1280, 20, 155, 'NI', '2023-2024', 1, '2024-01-23 18:50:13', '2024-01-23 18:50:13'),
	(1281, 15, 156, 'I', '2023-2024', 1, '2024-01-23 18:50:13', '2024-01-23 18:50:13'),
	(1282, 16, 156, 'I', '2023-2024', 1, '2024-01-23 18:50:13', '2024-01-23 18:50:13'),
	(1283, 17, 156, 'I', '2023-2024', 1, '2024-01-23 18:50:13', '2024-01-23 18:50:13'),
	(1284, 18, 156, 'I', '2023-2024', 1, '2024-01-23 18:50:13', '2024-01-23 18:50:13'),
	(1285, 19, 156, 'I', '2023-2024', 1, '2024-01-23 18:50:13', '2024-01-23 18:50:13'),
	(1286, 20, 156, 'I', '2023-2024', 1, '2024-01-23 18:50:13', '2024-01-23 18:50:13'),
	(1287, 15, 48, 'I', '2023-2024', 1, '2024-01-23 18:50:13', '2024-01-23 18:50:13'),
	(1288, 16, 48, 'I', '2023-2024', 1, '2024-01-23 18:50:13', '2024-01-23 18:50:13'),
	(1289, 17, 48, 'I', '2023-2024', 1, '2024-01-23 18:50:13', '2024-01-23 18:50:13'),
	(1290, 18, 48, 'I', '2023-2024', 1, '2024-01-23 18:50:13', '2024-01-23 18:50:13'),
	(1291, 19, 48, 'I', '2023-2024', 1, '2024-01-23 18:50:13', '2024-01-23 18:50:13'),
	(1292, 20, 48, 'I', '2023-2024', 1, '2024-01-23 18:50:13', '2024-01-23 18:50:13'),
	(1293, 15, 157, 'I', '2023-2024', 1, '2024-01-23 18:50:13', '2024-01-23 18:50:13'),
	(1294, 16, 157, 'I', '2023-2024', 1, '2024-01-23 18:50:13', '2024-01-23 18:50:13'),
	(1295, 17, 157, 'I', '2023-2024', 1, '2024-01-23 18:50:13', '2024-01-23 18:50:13'),
	(1296, 18, 157, 'I', '2023-2024', 1, '2024-01-23 18:50:13', '2024-01-23 18:50:13'),
	(1297, 19, 157, 'I', '2023-2024', 1, '2024-01-23 18:50:13', '2024-01-23 18:50:13'),
	(1298, 20, 157, 'I', '2023-2024', 1, '2024-01-23 18:50:13', '2024-01-23 18:50:13'),
	(1299, 15, 49, 'I', '2023-2024', 1, '2024-01-23 18:50:13', '2024-01-23 18:50:13'),
	(1300, 16, 49, 'I', '2023-2024', 1, '2024-01-23 18:50:13', '2024-01-23 18:50:13'),
	(1301, 17, 49, 'I', '2023-2024', 1, '2024-01-23 18:50:13', '2024-01-23 18:50:13'),
	(1302, 18, 49, 'I', '2023-2024', 1, '2024-01-23 18:50:13', '2024-01-23 18:50:13'),
	(1303, 19, 49, 'I', '2023-2024', 1, '2024-01-23 18:50:13', '2024-01-23 18:50:13'),
	(1304, 20, 49, 'I', '2023-2024', 1, '2024-01-23 18:50:13', '2024-01-23 18:50:13'),
	(1305, 15, 50, 'I', '2023-2024', 1, '2024-01-23 18:50:13', '2024-01-23 18:50:13'),
	(1306, 16, 50, 'I', '2023-2024', 1, '2024-01-23 18:50:13', '2024-01-23 18:50:13'),
	(1307, 17, 50, 'I', '2023-2024', 1, '2024-01-23 18:50:13', '2024-01-23 18:50:13'),
	(1308, 18, 50, 'I', '2023-2024', 1, '2024-01-23 18:50:13', '2024-01-23 18:50:13'),
	(1309, 19, 50, 'I', '2023-2024', 1, '2024-01-23 18:50:13', '2024-01-23 18:50:13'),
	(1310, 20, 50, 'I', '2023-2024', 1, '2024-01-23 18:50:13', '2024-01-23 18:50:13'),
	(1311, 15, 51, 'I', '2023-2024', 1, '2024-01-23 18:50:13', '2024-01-23 18:50:13'),
	(1312, 16, 51, 'I', '2023-2024', 1, '2024-01-23 18:50:13', '2024-01-23 18:50:13'),
	(1313, 17, 51, 'I', '2023-2024', 1, '2024-01-23 18:50:13', '2024-01-23 18:50:13'),
	(1314, 18, 51, 'I', '2023-2024', 1, '2024-01-23 18:50:13', '2024-01-23 18:50:13'),
	(1315, 19, 51, 'I', '2023-2024', 1, '2024-01-23 18:50:13', '2024-01-23 18:50:13'),
	(1316, 20, 51, 'I', '2023-2024', 1, '2024-01-23 18:50:13', '2024-01-23 18:50:13'),
	(1317, 15, 158, 'I', '2023-2024', 1, '2024-01-23 18:50:13', '2024-01-23 18:50:13'),
	(1318, 16, 158, 'I', '2023-2024', 1, '2024-01-23 18:50:13', '2024-01-23 18:50:13'),
	(1319, 17, 158, 'I', '2023-2024', 1, '2024-01-23 18:50:13', '2024-01-23 18:50:13'),
	(1320, 18, 158, 'I', '2023-2024', 1, '2024-01-23 18:50:13', '2024-01-23 18:50:13'),
	(1321, 19, 158, 'I', '2023-2024', 1, '2024-01-23 18:50:13', '2024-01-23 18:50:13'),
	(1322, 20, 158, 'I', '2023-2024', 1, '2024-01-23 18:50:13', '2024-01-23 18:50:13'),
	(1323, 15, 52, 'I', '2023-2024', 1, '2024-01-23 18:50:13', '2024-01-23 18:50:13'),
	(1324, 16, 52, 'I', '2023-2024', 1, '2024-01-23 18:50:13', '2024-01-23 18:50:13'),
	(1325, 17, 52, 'I', '2023-2024', 1, '2024-01-23 18:50:13', '2024-01-23 18:50:13'),
	(1326, 18, 52, 'I', '2023-2024', 1, '2024-01-23 18:50:13', '2024-01-23 18:50:13'),
	(1327, 19, 52, 'I', '2023-2024', 1, '2024-01-23 18:50:13', '2024-01-23 18:50:13'),
	(1328, 20, 52, 'I', '2023-2024', 1, '2024-01-23 18:50:13', '2024-01-23 18:50:13'),
	(1329, 15, 159, 'I', '2023-2024', 1, '2024-01-23 18:50:13', '2024-01-23 18:50:13'),
	(1330, 16, 159, 'I', '2023-2024', 1, '2024-01-23 18:50:13', '2024-01-23 18:50:13'),
	(1331, 17, 159, 'I', '2023-2024', 1, '2024-01-23 18:50:13', '2024-01-23 18:50:13'),
	(1332, 18, 159, 'I', '2023-2024', 1, '2024-01-23 18:50:13', '2024-01-23 18:50:13'),
	(1333, 19, 159, 'I', '2023-2024', 1, '2024-01-23 18:50:13', '2024-01-23 18:50:13'),
	(1334, 20, 159, 'I', '2023-2024', 1, '2024-01-23 18:50:13', '2024-01-23 18:50:13'),
	(1335, 15, 53, 'I', '2023-2024', 1, '2024-01-23 18:50:13', '2024-01-23 18:50:13'),
	(1336, 16, 53, 'NI', '2023-2024', 1, '2024-01-23 18:50:13', '2024-01-23 18:50:13'),
	(1337, 17, 53, 'I', '2023-2024', 1, '2024-01-23 18:50:13', '2024-01-23 18:50:13'),
	(1338, 18, 53, 'I', '2023-2024', 1, '2024-01-23 18:50:13', '2024-01-23 18:50:13'),
	(1339, 19, 53, 'I', '2023-2024', 1, '2024-01-23 18:50:13', '2024-01-23 18:50:13'),
	(1340, 20, 53, 'NI', '2023-2024', 1, '2024-01-23 18:50:13', '2024-01-23 18:50:13'),
	(1341, 15, 160, 'I', '2023-2024', 1, '2024-01-23 18:50:13', '2024-01-23 18:50:13'),
	(1342, 16, 160, 'I', '2023-2024', 1, '2024-01-23 18:50:13', '2024-01-23 18:50:13'),
	(1343, 17, 160, 'I', '2023-2024', 1, '2024-01-23 18:50:13', '2024-01-23 18:50:13'),
	(1344, 18, 160, 'I', '2023-2024', 1, '2024-01-23 18:50:13', '2024-01-23 18:50:13'),
	(1345, 19, 160, 'I', '2023-2024', 1, '2024-01-23 18:50:13', '2024-01-23 18:50:13'),
	(1346, 20, 160, 'I', '2023-2024', 1, '2024-01-23 18:50:14', '2024-01-23 18:50:14'),
	(1347, 15, 161, 'I', '2023-2024', 1, '2024-01-23 18:50:14', '2024-01-23 18:50:14'),
	(1348, 16, 161, 'I', '2023-2024', 1, '2024-01-23 18:50:14', '2024-01-23 18:50:14'),
	(1349, 17, 161, 'I', '2023-2024', 1, '2024-01-23 18:50:14', '2024-01-23 18:50:14'),
	(1350, 18, 161, 'I', '2023-2024', 1, '2024-01-23 18:50:14', '2024-01-23 18:50:14'),
	(1351, 19, 161, 'I', '2023-2024', 1, '2024-01-23 18:50:14', '2024-01-23 18:50:14'),
	(1352, 20, 161, 'I', '2023-2024', 1, '2024-01-23 18:50:14', '2024-01-23 18:50:14'),
	(1353, 15, 54, 'I', '2023-2024', 1, '2024-01-23 18:50:14', '2024-01-23 18:50:14'),
	(1354, 16, 54, 'I', '2023-2024', 1, '2024-01-23 18:50:14', '2024-01-23 18:50:14'),
	(1355, 17, 54, 'I', '2023-2024', 1, '2024-01-23 18:50:14', '2024-01-23 18:50:14'),
	(1356, 18, 54, 'I', '2023-2024', 1, '2024-01-23 18:50:14', '2024-01-23 18:50:14'),
	(1357, 19, 54, 'I', '2023-2024', 1, '2024-01-23 18:50:14', '2024-01-23 18:50:14'),
	(1358, 20, 54, 'NI', '2023-2024', 1, '2024-01-23 18:50:14', '2024-01-23 18:50:14'),
	(1359, 15, 99, 'NI', '2023-2024', 1, '2024-01-23 18:50:14', '2024-01-23 18:50:14'),
	(1360, 16, 99, 'NI', '2023-2024', 1, '2024-01-23 18:50:14', '2024-01-23 18:50:14'),
	(1361, 17, 99, 'I', '2023-2024', 1, '2024-01-23 18:50:14', '2024-01-23 18:50:14'),
	(1362, 18, 99, 'I', '2023-2024', 1, '2024-01-23 18:50:14', '2024-01-23 18:50:14'),
	(1363, 19, 99, 'I', '2023-2024', 1, '2024-01-23 18:50:14', '2024-01-23 18:50:14'),
	(1364, 20, 99, 'NI', '2023-2024', 1, '2024-01-23 18:50:14', '2024-01-23 18:50:14'),
	(1365, 15, 162, 'I', '2023-2024', 1, '2024-01-23 18:50:14', '2024-01-23 18:50:14'),
	(1366, 16, 162, 'I', '2023-2024', 1, '2024-01-23 18:50:14', '2024-01-23 18:50:14'),
	(1367, 17, 162, 'I', '2023-2024', 1, '2024-01-23 18:50:14', '2024-01-23 18:50:14'),
	(1368, 18, 162, 'I', '2023-2024', 1, '2024-01-23 18:50:14', '2024-01-23 18:50:14'),
	(1369, 19, 162, 'I', '2023-2024', 1, '2024-01-23 18:50:14', '2024-01-23 18:50:14'),
	(1370, 20, 162, 'I', '2023-2024', 1, '2024-01-23 18:50:14', '2024-01-23 18:50:14'),
	(1371, 15, 163, 'I', '2023-2024', 1, '2024-01-23 18:50:14', '2024-01-23 18:50:14'),
	(1372, 16, 163, 'NI', '2023-2024', 1, '2024-01-23 18:50:14', '2024-01-23 18:50:14'),
	(1373, 17, 163, 'I', '2023-2024', 1, '2024-01-23 18:50:14', '2024-01-23 18:50:14'),
	(1374, 18, 163, 'NI', '2023-2024', 1, '2024-01-23 18:50:14', '2024-01-23 18:50:14'),
	(1375, 19, 163, 'NI', '2023-2024', 1, '2024-01-23 18:50:14', '2024-01-23 18:50:14'),
	(1376, 20, 163, 'I', '2023-2024', 1, '2024-01-23 18:50:14', '2024-01-23 18:50:14'),
	(1377, 15, 164, 'I', '2023-2024', 1, '2024-01-23 18:50:14', '2024-01-23 18:50:14'),
	(1378, 16, 164, 'I', '2023-2024', 1, '2024-01-23 18:50:14', '2024-01-23 18:50:14'),
	(1379, 17, 164, 'I', '2023-2024', 1, '2024-01-23 18:50:14', '2024-01-23 18:50:14'),
	(1380, 18, 164, 'I', '2023-2024', 1, '2024-01-23 18:50:14', '2024-01-23 18:50:14'),
	(1381, 19, 164, 'I', '2023-2024', 1, '2024-01-23 18:50:14', '2024-01-23 18:50:14'),
	(1382, 20, 164, 'I', '2023-2024', 1, '2024-01-23 18:50:14', '2024-01-23 18:50:14'),
	(1383, 15, 165, 'I', '2023-2024', 1, '2024-01-23 18:50:14', '2024-01-23 18:50:14'),
	(1384, 16, 165, 'NI', '2023-2024', 1, '2024-01-23 18:50:14', '2024-01-23 18:50:14'),
	(1385, 17, 165, 'NI', '2023-2024', 1, '2024-01-23 18:50:14', '2024-01-23 18:50:14'),
	(1386, 18, 165, 'NI', '2023-2024', 1, '2024-01-23 18:50:14', '2024-01-23 18:50:14'),
	(1387, 19, 165, 'NI', '2023-2024', 1, '2024-01-23 18:50:14', '2024-01-23 18:50:14'),
	(1388, 20, 165, 'NI', '2023-2024', 1, '2024-01-23 18:50:14', '2024-01-23 18:50:14'),
	(1389, 15, 55, 'I', '2023-2024', 1, '2024-01-23 18:50:14', '2024-01-23 18:50:14'),
	(1390, 16, 55, 'I', '2023-2024', 1, '2024-01-23 18:50:14', '2024-01-23 18:50:14'),
	(1391, 17, 55, 'I', '2023-2024', 1, '2024-01-23 18:50:14', '2024-01-23 18:50:14'),
	(1392, 18, 55, 'I', '2023-2024', 1, '2024-01-23 18:50:14', '2024-01-23 18:50:14'),
	(1393, 19, 55, 'I', '2023-2024', 1, '2024-01-23 18:50:14', '2024-01-23 18:50:14'),
	(1394, 20, 55, 'I', '2023-2024', 1, '2024-01-23 18:50:14', '2024-01-23 18:50:14'),
	(1395, 15, 166, 'NI', '2023-2024', 1, '2024-01-23 18:50:14', '2024-01-23 18:50:14'),
	(1396, 16, 166, 'I', '2023-2024', 1, '2024-01-23 18:50:14', '2024-01-23 18:50:14'),
	(1397, 17, 166, 'I', '2023-2024', 1, '2024-01-23 18:50:14', '2024-01-23 18:50:14'),
	(1398, 18, 166, 'I', '2023-2024', 1, '2024-01-23 18:50:14', '2024-01-23 18:50:14'),
	(1399, 19, 166, 'NI', '2023-2024', 1, '2024-01-23 18:50:14', '2024-01-23 18:50:14'),
	(1400, 20, 166, 'NI', '2023-2024', 1, '2024-01-23 18:50:14', '2024-01-23 18:50:14'),
	(1401, 15, 56, 'I', '2023-2024', 1, '2024-01-23 18:50:14', '2024-01-23 18:50:14'),
	(1402, 16, 56, 'I', '2023-2024', 1, '2024-01-23 18:50:14', '2024-01-23 18:50:14'),
	(1403, 17, 56, 'I', '2023-2024', 1, '2024-01-23 18:50:14', '2024-01-23 18:50:14'),
	(1404, 18, 56, 'I', '2023-2024', 1, '2024-01-23 18:50:14', '2024-01-23 18:50:14'),
	(1405, 19, 56, 'I', '2023-2024', 1, '2024-01-23 18:50:14', '2024-01-23 18:50:14'),
	(1406, 20, 56, 'I', '2023-2024', 1, '2024-01-23 18:50:14', '2024-01-23 18:50:14'),
	(1407, 15, 167, 'I', '2023-2024', 1, '2024-01-23 18:50:14', '2024-01-23 18:50:14'),
	(1408, 16, 167, 'I', '2023-2024', 1, '2024-01-23 18:50:14', '2024-01-23 18:50:14'),
	(1409, 17, 167, 'I', '2023-2024', 1, '2024-01-23 18:50:14', '2024-01-23 18:50:14'),
	(1410, 18, 167, 'I', '2023-2024', 1, '2024-01-23 18:50:14', '2024-01-23 18:50:14'),
	(1411, 19, 167, 'I', '2023-2024', 1, '2024-01-23 18:50:14', '2024-01-23 18:50:14'),
	(1412, 20, 167, 'I', '2023-2024', 1, '2024-01-23 18:50:14', '2024-01-23 18:50:14'),
	(1413, 15, 168, 'I', '2023-2024', 1, '2024-01-23 18:50:14', '2024-01-23 18:50:14'),
	(1414, 16, 168, 'I', '2023-2024', 1, '2024-01-23 18:50:14', '2024-01-23 18:50:14'),
	(1415, 17, 168, 'I', '2023-2024', 1, '2024-01-23 18:50:14', '2024-01-23 18:50:14'),
	(1416, 18, 168, 'I', '2023-2024', 1, '2024-01-23 18:50:14', '2024-01-23 18:50:14'),
	(1417, 19, 168, 'I', '2023-2024', 1, '2024-01-23 18:50:14', '2024-01-23 18:50:14'),
	(1418, 20, 168, 'I', '2023-2024', 1, '2024-01-23 18:50:14', '2024-01-23 18:50:14'),
	(1419, 15, 58, 'I', '2023-2024', 1, '2024-01-23 18:50:14', '2024-01-23 18:50:14'),
	(1420, 16, 58, 'NI', '2023-2024', 1, '2024-01-23 18:50:14', '2024-01-23 18:50:14'),
	(1421, 17, 58, 'NI', '2023-2024', 1, '2024-01-23 18:50:14', '2024-01-23 18:50:14'),
	(1422, 18, 58, 'I', '2023-2024', 1, '2024-01-23 18:50:14', '2024-01-23 18:50:14'),
	(1423, 19, 58, 'NI', '2023-2024', 1, '2024-01-23 18:50:14', '2024-01-23 18:50:14'),
	(1424, 20, 58, 'I', '2023-2024', 1, '2024-01-23 18:50:14', '2024-01-23 18:50:14'),
	(1425, 15, 59, 'I', '2023-2024', 1, '2024-01-23 18:50:14', '2024-01-23 18:50:14'),
	(1426, 16, 59, 'I', '2023-2024', 1, '2024-01-23 18:50:14', '2024-01-23 18:50:14'),
	(1427, 17, 59, 'NI', '2023-2024', 1, '2024-01-23 18:50:14', '2024-01-23 18:50:14'),
	(1428, 18, 59, 'NI', '2023-2024', 1, '2024-01-23 18:50:14', '2024-01-23 18:50:14'),
	(1429, 19, 59, 'NI', '2023-2024', 1, '2024-01-23 18:50:14', '2024-01-23 18:50:14'),
	(1430, 20, 59, 'I', '2023-2024', 1, '2024-01-23 18:50:14', '2024-01-23 18:50:14'),
	(1431, 15, 169, 'I', '2023-2024', 1, '2024-01-23 18:50:14', '2024-01-23 18:50:14'),
	(1432, 16, 169, 'NI', '2023-2024', 1, '2024-01-23 18:50:14', '2024-01-23 18:50:14'),
	(1433, 17, 169, 'NI', '2023-2024', 1, '2024-01-23 18:50:14', '2024-01-23 18:50:14'),
	(1434, 18, 169, 'I', '2023-2024', 1, '2024-01-23 18:50:14', '2024-01-23 18:50:14'),
	(1435, 19, 169, 'I', '2023-2024', 1, '2024-01-23 18:50:14', '2024-01-23 18:50:14'),
	(1436, 20, 169, 'NI', '2023-2024', 1, '2024-01-23 18:50:14', '2024-01-23 18:50:14'),
	(1437, 15, 170, 'I', '2023-2024', 1, '2024-01-23 18:50:14', '2024-01-23 18:50:14'),
	(1438, 16, 170, 'NI', '2023-2024', 1, '2024-01-23 18:50:14', '2024-01-23 18:50:14'),
	(1439, 17, 170, 'I', '2023-2024', 1, '2024-01-23 18:50:14', '2024-01-23 18:50:14'),
	(1440, 18, 170, 'NI', '2023-2024', 1, '2024-01-23 18:50:14', '2024-01-23 18:50:14'),
	(1441, 19, 170, 'I', '2023-2024', 1, '2024-01-23 18:50:14', '2024-01-23 18:50:14'),
	(1442, 20, 170, 'NI', '2023-2024', 1, '2024-01-23 18:50:14', '2024-01-23 18:50:14'),
	(1443, 15, 60, 'I', '2023-2024', 1, '2024-01-23 18:50:14', '2024-01-23 18:50:14'),
	(1444, 16, 60, 'I', '2023-2024', 1, '2024-01-23 18:50:14', '2024-01-23 18:50:14'),
	(1445, 17, 60, 'I', '2023-2024', 1, '2024-01-23 18:50:14', '2024-01-23 18:50:14'),
	(1446, 18, 60, 'I', '2023-2024', 1, '2024-01-23 18:50:14', '2024-01-23 18:50:14'),
	(1447, 19, 60, 'I', '2023-2024', 1, '2024-01-23 18:50:14', '2024-01-23 18:50:14'),
	(1448, 20, 60, 'NI', '2023-2024', 1, '2024-01-23 18:50:14', '2024-01-23 18:50:14'),
	(1449, 15, 61, 'NI', '2023-2024', 1, '2024-01-23 18:50:14', '2024-01-23 18:50:14'),
	(1450, 16, 61, 'I', '2023-2024', 1, '2024-01-23 18:50:14', '2024-01-23 18:50:14'),
	(1451, 17, 61, 'NI', '2023-2024', 1, '2024-01-23 18:50:14', '2024-01-23 18:50:14'),
	(1452, 18, 61, 'NI', '2023-2024', 1, '2024-01-23 18:50:14', '2024-01-23 18:50:14'),
	(1453, 19, 61, 'I', '2023-2024', 1, '2024-01-23 18:50:14', '2024-01-23 18:50:14'),
	(1454, 20, 61, 'NI', '2023-2024', 1, '2024-01-23 18:50:14', '2024-01-23 18:50:14'),
	(1455, 15, 62, 'I', '2023-2024', 1, '2024-01-23 18:50:14', '2024-01-23 18:50:14'),
	(1456, 16, 62, 'I', '2023-2024', 1, '2024-01-23 18:50:14', '2024-01-23 18:50:14'),
	(1457, 17, 62, 'I', '2023-2024', 1, '2024-01-23 18:50:14', '2024-01-23 18:50:14'),
	(1458, 18, 62, 'I', '2023-2024', 1, '2024-01-23 18:50:14', '2024-01-23 18:50:14'),
	(1459, 19, 62, 'I', '2023-2024', 1, '2024-01-23 18:50:14', '2024-01-23 18:50:14'),
	(1460, 20, 62, 'I', '2023-2024', 1, '2024-01-23 18:50:14', '2024-01-23 18:50:14'),
	(1461, 15, 171, 'I', '2023-2024', 1, '2024-01-23 18:50:14', '2024-01-23 18:50:14'),
	(1462, 16, 171, 'I', '2023-2024', 1, '2024-01-23 18:50:14', '2024-01-23 18:50:14'),
	(1463, 17, 171, 'I', '2023-2024', 1, '2024-01-23 18:50:14', '2024-01-23 18:50:14'),
	(1464, 18, 171, 'I', '2023-2024', 1, '2024-01-23 18:50:15', '2024-01-23 18:50:15'),
	(1465, 19, 171, 'I', '2023-2024', 1, '2024-01-23 18:50:15', '2024-01-23 18:50:15'),
	(1466, 20, 171, 'I', '2023-2024', 1, '2024-01-23 18:50:15', '2024-01-23 18:50:15'),
	(1467, 15, 172, 'I', '2023-2024', 1, '2024-01-23 18:50:15', '2024-01-23 18:50:15'),
	(1468, 16, 172, 'NI', '2023-2024', 1, '2024-01-23 18:50:15', '2024-01-23 18:50:15'),
	(1469, 17, 172, 'NI', '2023-2024', 1, '2024-01-23 18:50:15', '2024-01-23 18:50:15'),
	(1470, 18, 172, 'NI', '2023-2024', 1, '2024-01-23 18:50:15', '2024-01-23 18:50:15'),
	(1471, 19, 172, 'I', '2023-2024', 1, '2024-01-23 18:50:15', '2024-01-23 18:50:15'),
	(1472, 20, 172, 'I', '2023-2024', 1, '2024-01-23 18:50:15', '2024-01-23 18:50:15'),
	(1473, 15, 63, 'NI', '2023-2024', 1, '2024-01-23 18:50:15', '2024-01-23 18:50:15'),
	(1474, 16, 63, 'NI', '2023-2024', 1, '2024-01-23 18:50:15', '2024-01-23 18:50:15'),
	(1475, 17, 63, 'NI', '2023-2024', 1, '2024-01-23 18:50:15', '2024-01-23 18:50:15'),
	(1476, 18, 63, 'NI', '2023-2024', 1, '2024-01-23 18:50:15', '2024-01-23 18:50:15'),
	(1477, 19, 63, 'NI', '2023-2024', 1, '2024-01-23 18:50:15', '2024-01-23 18:50:15'),
	(1478, 20, 63, 'I', '2023-2024', 1, '2024-01-23 18:50:15', '2024-01-23 18:50:15'),
	(1479, 15, 64, 'I', '2023-2024', 1, '2024-01-23 18:50:15', '2024-01-23 18:50:15'),
	(1480, 16, 64, 'NI', '2023-2024', 1, '2024-01-23 18:50:15', '2024-01-23 18:50:15'),
	(1481, 17, 64, 'I', '2023-2024', 1, '2024-01-23 18:50:15', '2024-01-23 18:50:15'),
	(1482, 18, 64, 'I', '2023-2024', 1, '2024-01-23 18:50:15', '2024-01-23 18:50:15'),
	(1483, 19, 64, 'NI', '2023-2024', 1, '2024-01-23 18:50:15', '2024-01-23 18:50:15'),
	(1484, 20, 64, 'I', '2023-2024', 1, '2024-01-23 18:50:15', '2024-01-23 18:50:15'),
	(1485, 15, 173, 'I', '2023-2024', 1, '2024-01-23 18:50:15', '2024-01-23 18:50:15'),
	(1486, 16, 173, 'NI', '2023-2024', 1, '2024-01-23 18:50:15', '2024-01-23 18:50:15'),
	(1487, 17, 173, 'NI', '2023-2024', 1, '2024-01-23 18:50:15', '2024-01-23 18:50:15'),
	(1488, 18, 173, 'I', '2023-2024', 1, '2024-01-23 18:50:15', '2024-01-23 18:50:15'),
	(1489, 19, 173, 'NI', '2023-2024', 1, '2024-01-23 18:50:15', '2024-01-23 18:50:15'),
	(1490, 20, 173, 'I', '2023-2024', 1, '2024-01-23 18:50:15', '2024-01-23 18:50:15'),
	(1491, 15, 174, 'I', '2023-2024', 1, '2024-01-23 18:50:15', '2024-01-23 18:50:15'),
	(1492, 16, 174, 'I', '2023-2024', 1, '2024-01-23 18:50:15', '2024-01-23 18:50:15'),
	(1493, 17, 174, 'I', '2023-2024', 1, '2024-01-23 18:50:15', '2024-01-23 18:50:15'),
	(1494, 18, 174, 'I', '2023-2024', 1, '2024-01-23 18:50:15', '2024-01-23 18:50:15'),
	(1495, 19, 174, 'I', '2023-2024', 1, '2024-01-23 18:50:15', '2024-01-23 18:50:15'),
	(1496, 20, 174, 'I', '2023-2024', 1, '2024-01-23 18:50:15', '2024-01-23 18:50:15'),
	(1497, 15, 101, 'I', '2023-2024', 1, '2024-01-23 18:50:15', '2024-01-23 18:50:15'),
	(1498, 16, 101, 'I', '2023-2024', 1, '2024-01-23 18:50:15', '2024-01-23 18:50:15'),
	(1499, 17, 101, 'NI', '2023-2024', 1, '2024-01-23 18:50:15', '2024-01-23 18:50:15'),
	(1500, 18, 101, 'I', '2023-2024', 1, '2024-01-23 18:50:15', '2024-01-23 18:50:15'),
	(1501, 19, 101, 'NI', '2023-2024', 1, '2024-01-23 18:50:15', '2024-01-23 18:50:15'),
	(1502, 20, 101, 'NI', '2023-2024', 1, '2024-01-23 18:50:15', '2024-01-23 18:50:15'),
	(1503, 15, 66, 'I', '2023-2024', 1, '2024-01-23 18:50:15', '2024-01-23 18:50:15'),
	(1504, 16, 66, 'I', '2023-2024', 1, '2024-01-23 18:50:15', '2024-01-23 18:50:15'),
	(1505, 17, 66, 'I', '2023-2024', 1, '2024-01-23 18:50:15', '2024-01-23 18:50:15'),
	(1506, 18, 66, 'I', '2023-2024', 1, '2024-01-23 18:50:15', '2024-01-23 18:50:15'),
	(1507, 19, 66, 'I', '2023-2024', 1, '2024-01-23 18:50:15', '2024-01-23 18:50:15'),
	(1508, 20, 66, 'I', '2023-2024', 1, '2024-01-23 18:50:15', '2024-01-23 18:50:15'),
	(1509, 15, 175, 'I', '2023-2024', 1, '2024-01-23 18:50:15', '2024-01-23 18:50:15'),
	(1510, 16, 175, 'NI', '2023-2024', 1, '2024-01-23 18:50:15', '2024-01-23 18:50:15'),
	(1511, 17, 175, 'I', '2023-2024', 1, '2024-01-23 18:50:15', '2024-01-23 18:50:15'),
	(1512, 18, 175, 'I', '2023-2024', 1, '2024-01-23 18:50:15', '2024-01-23 18:50:15'),
	(1513, 19, 175, 'I', '2023-2024', 1, '2024-01-23 18:50:15', '2024-01-23 18:50:15'),
	(1514, 20, 175, 'I', '2023-2024', 1, '2024-01-23 18:50:15', '2024-01-23 18:50:15'),
	(1515, 15, 67, 'I', '2023-2024', 1, '2024-01-23 18:50:15', '2024-01-23 18:50:15'),
	(1516, 16, 67, 'NI', '2023-2024', 1, '2024-01-23 18:50:15', '2024-01-23 18:50:15'),
	(1517, 17, 67, 'NI', '2023-2024', 1, '2024-01-23 18:50:15', '2024-01-23 18:50:15'),
	(1518, 18, 67, 'I', '2023-2024', 1, '2024-01-23 18:50:15', '2024-01-23 18:50:15'),
	(1519, 19, 67, 'NI', '2023-2024', 1, '2024-01-23 18:50:15', '2024-01-23 18:50:15'),
	(1520, 20, 67, 'I', '2023-2024', 1, '2024-01-23 18:50:15', '2024-01-23 18:50:15'),
	(1521, 15, 68, 'I', '2023-2024', 1, '2024-01-23 18:50:15', '2024-01-23 18:50:15'),
	(1522, 16, 68, 'I', '2023-2024', 1, '2024-01-23 18:50:15', '2024-01-23 18:50:15'),
	(1523, 17, 68, 'I', '2023-2024', 1, '2024-01-23 18:50:15', '2024-01-23 18:50:15'),
	(1524, 18, 68, 'I', '2023-2024', 1, '2024-01-23 18:50:15', '2024-01-23 18:50:15'),
	(1525, 19, 68, 'I', '2023-2024', 1, '2024-01-23 18:50:15', '2024-01-23 18:50:15'),
	(1526, 20, 68, 'NI', '2023-2024', 1, '2024-01-23 18:50:15', '2024-01-23 18:50:15'),
	(1527, 15, 176, 'I', '2023-2024', 1, '2024-01-23 18:50:15', '2024-01-23 18:50:15'),
	(1528, 16, 176, 'I', '2023-2024', 1, '2024-01-23 18:50:15', '2024-01-23 18:50:15'),
	(1529, 17, 176, 'I', '2023-2024', 1, '2024-01-23 18:50:15', '2024-01-23 18:50:15'),
	(1530, 18, 176, 'I', '2023-2024', 1, '2024-01-23 18:50:15', '2024-01-23 18:50:15'),
	(1531, 19, 176, 'I', '2023-2024', 1, '2024-01-23 18:50:15', '2024-01-23 18:50:15'),
	(1532, 20, 176, 'I', '2023-2024', 1, '2024-01-23 18:50:15', '2024-01-23 18:50:15'),
	(1533, 15, 70, 'I', '2023-2024', 1, '2024-01-23 18:50:15', '2024-01-23 18:50:15'),
	(1534, 16, 70, 'I', '2023-2024', 1, '2024-01-23 18:50:15', '2024-01-23 18:50:15'),
	(1535, 17, 70, 'I', '2023-2024', 1, '2024-01-23 18:50:15', '2024-01-23 18:50:15'),
	(1536, 18, 70, 'I', '2023-2024', 1, '2024-01-23 18:50:15', '2024-01-23 18:50:15'),
	(1537, 19, 70, 'I', '2023-2024', 1, '2024-01-23 18:50:15', '2024-01-23 18:50:15'),
	(1538, 20, 70, 'I', '2023-2024', 1, '2024-01-23 18:50:15', '2024-01-23 18:50:15'),
	(1539, 15, 177, 'I', '2023-2024', 1, '2024-01-23 18:50:15', '2024-01-23 18:50:15'),
	(1540, 16, 177, 'I', '2023-2024', 1, '2024-01-23 18:50:15', '2024-01-23 18:50:15'),
	(1541, 17, 177, 'I', '2023-2024', 1, '2024-01-23 18:50:15', '2024-01-23 18:50:15'),
	(1542, 18, 177, 'I', '2023-2024', 1, '2024-01-23 18:50:15', '2024-01-23 18:50:15'),
	(1543, 19, 177, 'I', '2023-2024', 1, '2024-01-23 18:50:15', '2024-01-23 18:50:15'),
	(1544, 20, 177, 'I', '2023-2024', 1, '2024-01-23 18:50:15', '2024-01-23 18:50:15'),
	(1545, 15, 71, 'I', '2023-2024', 1, '2024-01-23 18:50:15', '2024-01-23 18:50:15'),
	(1546, 16, 71, 'I', '2023-2024', 1, '2024-01-23 18:50:15', '2024-01-23 18:50:15'),
	(1547, 17, 71, 'I', '2023-2024', 1, '2024-01-23 18:50:15', '2024-01-23 18:50:15'),
	(1548, 18, 71, 'I', '2023-2024', 1, '2024-01-23 18:50:15', '2024-01-23 18:50:15'),
	(1549, 19, 71, 'I', '2023-2024', 1, '2024-01-23 18:50:15', '2024-01-23 18:50:15'),
	(1550, 20, 71, 'I', '2023-2024', 1, '2024-01-23 18:50:15', '2024-01-23 18:50:15'),
	(1551, 15, 178, 'I', '2023-2024', 1, '2024-01-23 18:50:15', '2024-01-23 18:50:15'),
	(1552, 16, 178, 'I', '2023-2024', 1, '2024-01-23 18:50:15', '2024-01-23 18:50:15'),
	(1553, 17, 178, 'I', '2023-2024', 1, '2024-01-23 18:50:15', '2024-01-23 18:50:15'),
	(1554, 18, 178, 'I', '2023-2024', 1, '2024-01-23 18:50:15', '2024-01-23 18:50:15'),
	(1555, 19, 178, 'I', '2023-2024', 1, '2024-01-23 18:50:15', '2024-01-23 18:50:15'),
	(1556, 20, 178, 'I', '2023-2024', 1, '2024-01-23 18:50:15', '2024-01-23 18:50:15'),
	(1557, 15, 72, 'I', '2023-2024', 1, '2024-01-23 18:50:15', '2024-01-23 18:50:15'),
	(1558, 16, 72, 'I', '2023-2024', 1, '2024-01-23 18:50:15', '2024-01-23 18:50:15'),
	(1559, 17, 72, 'I', '2023-2024', 1, '2024-01-23 18:50:15', '2024-01-23 18:50:15'),
	(1560, 18, 72, 'I', '2023-2024', 1, '2024-01-23 18:50:15', '2024-01-23 18:50:15'),
	(1561, 19, 72, 'I', '2023-2024', 1, '2024-01-23 18:50:15', '2024-01-23 18:50:15'),
	(1562, 20, 72, 'I', '2023-2024', 1, '2024-01-23 18:50:15', '2024-01-23 18:50:15'),
	(1563, 15, 179, 'NI', '2023-2024', 1, '2024-01-23 18:50:15', '2024-01-23 18:50:15'),
	(1564, 16, 179, 'NI', '2023-2024', 1, '2024-01-23 18:50:15', '2024-01-23 18:50:15'),
	(1565, 17, 179, 'I', '2023-2024', 1, '2024-01-23 18:50:15', '2024-01-23 18:50:15'),
	(1566, 18, 179, 'NI', '2023-2024', 1, '2024-01-23 18:50:15', '2024-01-23 18:50:15'),
	(1567, 19, 179, 'NI', '2023-2024', 1, '2024-01-23 18:50:15', '2024-01-23 18:50:15'),
	(1568, 20, 179, 'NI', '2023-2024', 1, '2024-01-23 18:50:15', '2024-01-23 18:50:15'),
	(1569, 15, 180, 'I', '2023-2024', 1, '2024-01-23 18:50:15', '2024-01-23 18:50:15'),
	(1570, 16, 180, 'NI', '2023-2024', 1, '2024-01-23 18:50:15', '2024-01-23 18:50:15'),
	(1571, 17, 180, 'I', '2023-2024', 1, '2024-01-23 18:50:15', '2024-01-23 18:50:15'),
	(1572, 18, 180, 'NI', '2023-2024', 1, '2024-01-23 18:50:15', '2024-01-23 18:50:15'),
	(1573, 19, 180, 'I', '2023-2024', 1, '2024-01-23 18:50:15', '2024-01-23 18:50:15'),
	(1574, 20, 180, 'NI', '2023-2024', 1, '2024-01-23 18:50:15', '2024-01-23 18:50:15'),
	(1575, 15, 73, 'I', '2023-2024', 1, '2024-01-23 18:50:15', '2024-01-23 18:50:15'),
	(1576, 16, 73, 'I', '2023-2024', 1, '2024-01-23 18:50:15', '2024-01-23 18:50:15'),
	(1577, 17, 73, 'I', '2023-2024', 1, '2024-01-23 18:50:15', '2024-01-23 18:50:15'),
	(1578, 18, 73, 'NI', '2023-2024', 1, '2024-01-23 18:50:15', '2024-01-23 18:50:15'),
	(1579, 19, 73, 'I', '2023-2024', 1, '2024-01-23 18:50:15', '2024-01-23 18:50:15'),
	(1580, 20, 73, 'I', '2023-2024', 1, '2024-01-23 18:50:15', '2024-01-23 18:50:15'),
	(1581, 15, 181, 'I', '2023-2024', 1, '2024-01-23 18:50:15', '2024-01-23 18:50:15'),
	(1582, 16, 181, 'I', '2023-2024', 1, '2024-01-23 18:50:15', '2024-01-23 18:50:15'),
	(1583, 17, 181, 'I', '2023-2024', 1, '2024-01-23 18:50:16', '2024-01-23 18:50:16'),
	(1584, 18, 181, 'NI', '2023-2024', 1, '2024-01-23 18:50:16', '2024-01-23 18:50:16'),
	(1585, 19, 181, 'I', '2023-2024', 1, '2024-01-23 18:50:16', '2024-01-23 18:50:16'),
	(1586, 20, 181, 'NI', '2023-2024', 1, '2024-01-23 18:50:16', '2024-01-23 18:50:16'),
	(1587, 15, 182, 'I', '2023-2024', 1, '2024-01-23 18:50:16', '2024-01-23 18:50:16'),
	(1588, 16, 182, 'I', '2023-2024', 1, '2024-01-23 18:50:16', '2024-01-23 18:50:16'),
	(1589, 17, 182, 'I', '2023-2024', 1, '2024-01-23 18:50:16', '2024-01-23 18:50:16'),
	(1590, 18, 182, 'I', '2023-2024', 1, '2024-01-23 18:50:16', '2024-01-23 18:50:16'),
	(1591, 19, 182, 'I', '2023-2024', 1, '2024-01-23 18:50:16', '2024-01-23 18:50:16'),
	(1592, 20, 182, 'I', '2023-2024', 1, '2024-01-23 18:50:16', '2024-01-23 18:50:16'),
	(1593, 15, 183, 'NI', '2023-2024', 1, '2024-01-23 18:50:16', '2024-01-23 18:50:16'),
	(1594, 16, 183, 'NI', '2023-2024', 1, '2024-01-23 18:50:16', '2024-01-23 18:50:16'),
	(1595, 17, 183, 'NI', '2023-2024', 1, '2024-01-23 18:50:16', '2024-01-23 18:50:16'),
	(1596, 18, 183, 'NI', '2023-2024', 1, '2024-01-23 18:50:16', '2024-01-23 18:50:16'),
	(1597, 19, 183, 'I', '2023-2024', 1, '2024-01-23 18:50:16', '2024-01-23 18:50:16'),
	(1598, 20, 183, 'NI', '2023-2024', 1, '2024-01-23 18:50:16', '2024-01-23 18:50:16'),
	(1599, 15, 184, 'I', '2023-2024', 1, '2024-01-23 18:50:16', '2024-01-23 18:50:16'),
	(1600, 16, 184, 'I', '2023-2024', 1, '2024-01-23 18:50:16', '2024-01-23 18:50:16'),
	(1601, 17, 184, 'I', '2023-2024', 1, '2024-01-23 18:50:16', '2024-01-23 18:50:16'),
	(1602, 18, 184, 'I', '2023-2024', 1, '2024-01-23 18:50:16', '2024-01-23 18:50:16'),
	(1603, 19, 184, 'I', '2023-2024', 1, '2024-01-23 18:50:16', '2024-01-23 18:50:16'),
	(1604, 20, 184, 'I', '2023-2024', 1, '2024-01-23 18:50:16', '2024-01-23 18:50:16'),
	(1605, 15, 74, 'I', '2023-2024', 1, '2024-01-23 18:50:16', '2024-01-23 18:50:16'),
	(1606, 16, 74, 'I', '2023-2024', 1, '2024-01-23 18:50:16', '2024-01-23 18:50:16'),
	(1607, 17, 74, 'NI', '2023-2024', 1, '2024-01-23 18:50:16', '2024-01-23 18:50:16'),
	(1608, 18, 74, 'I', '2023-2024', 1, '2024-01-23 18:50:16', '2024-01-23 18:50:16'),
	(1609, 19, 74, 'NI', '2023-2024', 1, '2024-01-23 18:50:16', '2024-01-23 18:50:16'),
	(1610, 20, 74, 'I', '2023-2024', 1, '2024-01-23 18:50:16', '2024-01-23 18:50:16'),
	(1611, 15, 185, 'I', '2023-2024', 1, '2024-01-23 18:50:16', '2024-01-23 18:50:16'),
	(1612, 16, 185, 'I', '2023-2024', 1, '2024-01-23 18:50:16', '2024-01-23 18:50:16'),
	(1613, 17, 185, 'I', '2023-2024', 1, '2024-01-23 18:50:16', '2024-01-23 18:50:16'),
	(1614, 18, 185, 'I', '2023-2024', 1, '2024-01-23 18:50:16', '2024-01-23 18:50:16'),
	(1615, 19, 185, 'I', '2023-2024', 1, '2024-01-23 18:50:16', '2024-01-23 18:50:16'),
	(1616, 20, 185, 'I', '2023-2024', 1, '2024-01-23 18:50:16', '2024-01-23 18:50:16'),
	(1617, 15, 186, 'I', '2023-2024', 1, '2024-01-23 18:50:16', '2024-01-23 18:50:16'),
	(1618, 16, 186, 'I', '2023-2024', 1, '2024-01-23 18:50:16', '2024-01-23 18:50:16'),
	(1619, 17, 186, 'I', '2023-2024', 1, '2024-01-23 18:50:16', '2024-01-23 18:50:16'),
	(1620, 18, 186, 'I', '2023-2024', 1, '2024-01-23 18:50:16', '2024-01-23 18:50:16'),
	(1621, 19, 186, 'I', '2023-2024', 1, '2024-01-23 18:50:16', '2024-01-23 18:50:16'),
	(1622, 20, 186, 'NI', '2023-2024', 1, '2024-01-23 18:50:16', '2024-01-23 18:50:16'),
	(1623, 15, 187, 'I', '2023-2024', 1, '2024-01-23 18:50:16', '2024-01-23 18:50:16'),
	(1624, 16, 187, 'I', '2023-2024', 1, '2024-01-23 18:50:16', '2024-01-23 18:50:16'),
	(1625, 17, 187, 'I', '2023-2024', 1, '2024-01-23 18:50:16', '2024-01-23 18:50:16'),
	(1626, 18, 187, 'I', '2023-2024', 1, '2024-01-23 18:50:16', '2024-01-23 18:50:16'),
	(1627, 19, 187, 'I', '2023-2024', 1, '2024-01-23 18:50:16', '2024-01-23 18:50:16'),
	(1628, 20, 187, 'I', '2023-2024', 1, '2024-01-23 18:50:16', '2024-01-23 18:50:16'),
	(1629, 15, 75, 'I', '2023-2024', 1, '2024-01-23 18:50:16', '2024-01-23 18:50:16'),
	(1630, 16, 75, 'I', '2023-2024', 1, '2024-01-23 18:50:16', '2024-01-23 18:50:16'),
	(1631, 17, 75, 'NI', '2023-2024', 1, '2024-01-23 18:50:16', '2024-01-23 18:50:16'),
	(1632, 18, 75, 'NI', '2023-2024', 1, '2024-01-23 18:50:16', '2024-01-23 18:50:16'),
	(1633, 19, 75, 'I', '2023-2024', 1, '2024-01-23 18:50:16', '2024-01-23 18:50:16'),
	(1634, 20, 75, 'NI', '2023-2024', 1, '2024-01-23 18:50:16', '2024-01-23 18:50:16'),
	(1635, 15, 188, 'I', '2023-2024', 1, '2024-01-23 18:50:16', '2024-01-23 18:50:16'),
	(1636, 16, 188, 'I', '2023-2024', 1, '2024-01-23 18:50:16', '2024-01-23 18:50:16'),
	(1637, 17, 188, 'I', '2023-2024', 1, '2024-01-23 18:50:16', '2024-01-23 18:50:16'),
	(1638, 18, 188, 'I', '2023-2024', 1, '2024-01-23 18:50:16', '2024-01-23 18:50:16'),
	(1639, 19, 188, 'I', '2023-2024', 1, '2024-01-23 18:50:16', '2024-01-23 18:50:16'),
	(1640, 20, 188, 'I', '2023-2024', 1, '2024-01-23 18:50:16', '2024-01-23 18:50:16'),
	(1641, 15, 76, 'I', '2023-2024', 1, '2024-01-23 18:50:16', '2024-01-23 18:50:16'),
	(1642, 16, 76, 'I', '2023-2024', 1, '2024-01-23 18:50:16', '2024-01-23 18:50:16'),
	(1643, 17, 76, 'I', '2023-2024', 1, '2024-01-23 18:50:16', '2024-01-23 18:50:16'),
	(1644, 18, 76, 'I', '2023-2024', 1, '2024-01-23 18:50:16', '2024-01-23 18:50:16'),
	(1645, 19, 76, 'I', '2023-2024', 1, '2024-01-23 18:50:16', '2024-01-23 18:50:16'),
	(1646, 20, 76, 'I', '2023-2024', 1, '2024-01-23 18:50:16', '2024-01-23 18:50:16'),
	(1647, 15, 189, 'I', '2023-2024', 1, '2024-01-23 18:50:16', '2024-01-23 18:50:16'),
	(1648, 16, 189, 'I', '2023-2024', 1, '2024-01-23 18:50:16', '2024-01-23 18:50:16'),
	(1649, 17, 189, 'NI', '2023-2024', 1, '2024-01-23 18:50:16', '2024-01-23 18:50:16'),
	(1650, 18, 189, 'NI', '2023-2024', 1, '2024-01-23 18:50:16', '2024-01-23 18:50:16'),
	(1651, 19, 189, 'NI', '2023-2024', 1, '2024-01-23 18:50:16', '2024-01-23 18:50:16'),
	(1652, 20, 189, 'NI', '2023-2024', 1, '2024-01-23 18:50:16', '2024-01-23 18:50:16'),
	(1653, 15, 77, 'I', '2023-2024', 1, '2024-01-23 18:50:16', '2024-01-23 18:50:16'),
	(1654, 16, 77, 'NI', '2023-2024', 1, '2024-01-23 18:50:16', '2024-01-23 18:50:16'),
	(1655, 17, 77, 'I', '2023-2024', 1, '2024-01-23 18:50:16', '2024-01-23 18:50:16'),
	(1656, 18, 77, 'I', '2023-2024', 1, '2024-01-23 18:50:16', '2024-01-23 18:50:16'),
	(1657, 19, 77, 'I', '2023-2024', 1, '2024-01-23 18:50:16', '2024-01-23 18:50:16'),
	(1658, 20, 77, 'I', '2023-2024', 1, '2024-01-23 18:50:16', '2024-01-23 18:50:16'),
	(1659, 15, 190, 'I', '2023-2024', 1, '2024-01-23 18:50:16', '2024-01-23 18:50:16'),
	(1660, 16, 190, 'I', '2023-2024', 1, '2024-01-23 18:50:16', '2024-01-23 18:50:16'),
	(1661, 17, 190, 'I', '2023-2024', 1, '2024-01-23 18:50:16', '2024-01-23 18:50:16'),
	(1662, 18, 190, 'I', '2023-2024', 1, '2024-01-23 18:50:16', '2024-01-23 18:50:16'),
	(1663, 19, 190, 'I', '2023-2024', 1, '2024-01-23 18:50:16', '2024-01-23 18:50:16'),
	(1664, 20, 190, 'I', '2023-2024', 1, '2024-01-23 18:50:16', '2024-01-23 18:50:16'),
	(1665, 15, 78, 'I', '2023-2024', 1, '2024-01-23 18:50:16', '2024-01-23 18:50:16'),
	(1666, 16, 78, 'I', '2023-2024', 1, '2024-01-23 18:50:16', '2024-01-23 18:50:16'),
	(1667, 17, 78, 'I', '2023-2024', 1, '2024-01-23 18:50:16', '2024-01-23 18:50:16'),
	(1668, 18, 78, 'I', '2023-2024', 1, '2024-01-23 18:50:16', '2024-01-23 18:50:16'),
	(1669, 19, 78, 'I', '2023-2024', 1, '2024-01-23 18:50:16', '2024-01-23 18:50:16'),
	(1670, 20, 78, 'I', '2023-2024', 1, '2024-01-23 18:50:16', '2024-01-23 18:50:16'),
	(1671, 15, 102, 'I', '2023-2024', 1, '2024-01-23 18:50:16', '2024-01-23 18:50:16'),
	(1672, 16, 102, 'I', '2023-2024', 1, '2024-01-23 18:50:16', '2024-01-23 18:50:16'),
	(1673, 17, 102, 'I', '2023-2024', 1, '2024-01-23 18:50:16', '2024-01-23 18:50:16'),
	(1674, 18, 102, 'I', '2023-2024', 1, '2024-01-23 18:50:16', '2024-01-23 18:50:16'),
	(1675, 19, 102, 'I', '2023-2024', 1, '2024-01-23 18:50:16', '2024-01-23 18:50:16'),
	(1676, 20, 102, 'I', '2023-2024', 1, '2024-01-23 18:50:16', '2024-01-23 18:50:16'),
	(1677, 15, 191, 'I', '2023-2024', 1, '2024-01-23 18:50:16', '2024-01-23 18:50:16'),
	(1678, 16, 191, 'NI', '2023-2024', 1, '2024-01-23 18:50:16', '2024-01-23 18:50:16'),
	(1679, 17, 191, 'I', '2023-2024', 1, '2024-01-23 18:50:16', '2024-01-23 18:50:16'),
	(1680, 18, 191, 'NI', '2023-2024', 1, '2024-01-23 18:50:16', '2024-01-23 18:50:16'),
	(1681, 19, 191, 'NI', '2023-2024', 1, '2024-01-23 18:50:16', '2024-01-23 18:50:16'),
	(1682, 20, 191, 'I', '2023-2024', 1, '2024-01-23 18:50:16', '2024-01-23 18:50:16'),
	(1683, 15, 192, 'I', '2023-2024', 1, '2024-01-23 18:50:16', '2024-01-23 18:50:16'),
	(1684, 16, 192, 'I', '2023-2024', 1, '2024-01-23 18:50:16', '2024-01-23 18:50:16'),
	(1685, 17, 192, 'I', '2023-2024', 1, '2024-01-23 18:50:16', '2024-01-23 18:50:16'),
	(1686, 18, 192, 'I', '2023-2024', 1, '2024-01-23 18:50:16', '2024-01-23 18:50:16'),
	(1687, 19, 192, 'I', '2023-2024', 1, '2024-01-23 18:50:16', '2024-01-23 18:50:16'),
	(1688, 20, 192, 'I', '2023-2024', 1, '2024-01-23 18:50:16', '2024-01-23 18:50:16'),
	(1689, 15, 193, 'NI', '2023-2024', 1, '2024-01-23 18:50:16', '2024-01-23 18:50:16'),
	(1690, 16, 193, 'I', '2023-2024', 1, '2024-01-23 18:50:16', '2024-01-23 18:50:16'),
	(1691, 17, 193, 'I', '2023-2024', 1, '2024-01-23 18:50:16', '2024-01-23 18:50:16'),
	(1692, 18, 193, 'I', '2023-2024', 1, '2024-01-23 18:50:16', '2024-01-23 18:50:16'),
	(1693, 19, 193, 'I', '2023-2024', 1, '2024-01-23 18:50:16', '2024-01-23 18:50:16'),
	(1694, 20, 193, 'I', '2023-2024', 1, '2024-01-23 18:50:16', '2024-01-23 18:50:16'),
	(1695, 15, 79, 'NI', '2023-2024', 1, '2024-01-23 18:50:16', '2024-01-23 18:50:16'),
	(1696, 16, 79, 'NI', '2023-2024', 1, '2024-01-23 18:50:16', '2024-01-23 18:50:16'),
	(1697, 17, 79, 'I', '2023-2024', 1, '2024-01-23 18:50:16', '2024-01-23 18:50:16'),
	(1698, 18, 79, 'NI', '2023-2024', 1, '2024-01-23 18:50:16', '2024-01-23 18:50:16'),
	(1699, 19, 79, 'I', '2023-2024', 1, '2024-01-23 18:50:16', '2024-01-23 18:50:16'),
	(1700, 20, 79, 'NI', '2023-2024', 1, '2024-01-23 18:50:16', '2024-01-23 18:50:16'),
	(1701, 15, 194, 'I', '2023-2024', 1, '2024-01-23 18:50:17', '2024-01-23 18:50:17'),
	(1702, 16, 194, 'I', '2023-2024', 1, '2024-01-23 18:50:17', '2024-01-23 18:50:17'),
	(1703, 17, 194, 'I', '2023-2024', 1, '2024-01-23 18:50:17', '2024-01-23 18:50:17'),
	(1704, 18, 194, 'I', '2023-2024', 1, '2024-01-23 18:50:17', '2024-01-23 18:50:17'),
	(1705, 19, 194, 'I', '2023-2024', 1, '2024-01-23 18:50:17', '2024-01-23 18:50:17'),
	(1706, 20, 194, 'I', '2023-2024', 1, '2024-01-23 18:50:17', '2024-01-23 18:50:17'),
	(1707, 15, 80, 'NI', '2023-2024', 1, '2024-01-23 18:50:17', '2024-01-23 18:50:17'),
	(1708, 16, 80, 'I', '2023-2024', 1, '2024-01-23 18:50:17', '2024-01-23 18:50:17'),
	(1709, 17, 80, 'NI', '2023-2024', 1, '2024-01-23 18:50:17', '2024-01-23 18:50:17'),
	(1710, 18, 80, 'NI', '2023-2024', 1, '2024-01-23 18:50:17', '2024-01-23 18:50:17'),
	(1711, 19, 80, 'NI', '2023-2024', 1, '2024-01-23 18:50:17', '2024-01-23 18:50:17'),
	(1712, 20, 80, 'I', '2023-2024', 1, '2024-01-23 18:50:17', '2024-01-23 18:50:17'),
	(1713, 15, 195, 'I', '2023-2024', 1, '2024-01-23 18:50:17', '2024-01-23 18:50:17'),
	(1714, 16, 195, 'I', '2023-2024', 1, '2024-01-23 18:50:17', '2024-01-23 18:50:17'),
	(1715, 17, 195, 'I', '2023-2024', 1, '2024-01-23 18:50:17', '2024-01-23 18:50:17'),
	(1716, 18, 195, 'I', '2023-2024', 1, '2024-01-23 18:50:17', '2024-01-23 18:50:17'),
	(1717, 19, 195, 'I', '2023-2024', 1, '2024-01-23 18:50:17', '2024-01-23 18:50:17'),
	(1718, 20, 195, 'I', '2023-2024', 1, '2024-01-23 18:50:17', '2024-01-23 18:50:17'),
	(1719, 15, 81, 'I', '2023-2024', 1, '2024-01-23 18:50:17', '2024-01-23 18:50:17'),
	(1720, 16, 81, 'NI', '2023-2024', 1, '2024-01-23 18:50:17', '2024-01-23 18:50:17'),
	(1721, 17, 81, 'I', '2023-2024', 1, '2024-01-23 18:50:17', '2024-01-23 18:50:17'),
	(1722, 18, 81, 'I', '2023-2024', 1, '2024-01-23 18:50:17', '2024-01-23 18:50:17'),
	(1723, 19, 81, 'NI', '2023-2024', 1, '2024-01-23 18:50:17', '2024-01-23 18:50:17'),
	(1724, 20, 81, 'NI', '2023-2024', 1, '2024-01-23 18:50:17', '2024-01-23 18:50:17'),
	(1725, 15, 82, 'I', '2023-2024', 1, '2024-01-23 18:50:17', '2024-01-23 18:50:17'),
	(1726, 16, 82, 'I', '2023-2024', 1, '2024-01-23 18:50:17', '2024-01-23 18:50:17'),
	(1727, 17, 82, 'NI', '2023-2024', 1, '2024-01-23 18:50:17', '2024-01-23 18:50:17'),
	(1728, 18, 82, 'I', '2023-2024', 1, '2024-01-23 18:50:17', '2024-01-23 18:50:17'),
	(1729, 19, 82, 'I', '2023-2024', 1, '2024-01-23 18:50:17', '2024-01-23 18:50:17'),
	(1730, 20, 82, 'I', '2023-2024', 1, '2024-01-23 18:50:17', '2024-01-23 18:50:17'),
	(1731, 15, 83, 'I', '2023-2024', 1, '2024-01-23 18:50:17', '2024-01-23 18:50:17'),
	(1732, 16, 83, 'I', '2023-2024', 1, '2024-01-23 18:50:17', '2024-01-23 18:50:17'),
	(1733, 17, 83, 'I', '2023-2024', 1, '2024-01-23 18:50:17', '2024-01-23 18:50:17'),
	(1734, 18, 83, 'I', '2023-2024', 1, '2024-01-23 18:50:17', '2024-01-23 18:50:17'),
	(1735, 19, 83, 'I', '2023-2024', 1, '2024-01-23 18:50:17', '2024-01-23 18:50:17'),
	(1736, 20, 83, 'I', '2023-2024', 1, '2024-01-23 18:50:17', '2024-01-23 18:50:17'),
	(1737, 15, 196, 'NI', '2023-2024', 1, '2024-01-23 18:50:17', '2024-01-23 18:50:17'),
	(1738, 16, 196, 'NI', '2023-2024', 1, '2024-01-23 18:50:17', '2024-01-23 18:50:17'),
	(1739, 17, 196, 'NI', '2023-2024', 1, '2024-01-23 18:50:17', '2024-01-23 18:50:17'),
	(1740, 18, 196, 'NI', '2023-2024', 1, '2024-01-23 18:50:17', '2024-01-23 18:50:17'),
	(1741, 19, 196, 'I', '2023-2024', 1, '2024-01-23 18:50:17', '2024-01-23 18:50:17'),
	(1742, 20, 196, 'NI', '2023-2024', 1, '2024-01-23 18:50:17', '2024-01-23 18:50:17'),
	(1743, 15, 197, 'I', '2023-2024', 1, '2024-01-23 18:50:17', '2024-01-23 18:50:17'),
	(1744, 16, 197, 'NI', '2023-2024', 1, '2024-01-23 18:50:17', '2024-01-23 18:50:17'),
	(1745, 17, 197, 'I', '2023-2024', 1, '2024-01-23 18:50:17', '2024-01-23 18:50:17'),
	(1746, 18, 197, 'I', '2023-2024', 1, '2024-01-23 18:50:17', '2024-01-23 18:50:17'),
	(1747, 19, 197, 'NI', '2023-2024', 1, '2024-01-23 18:50:17', '2024-01-23 18:50:17'),
	(1748, 20, 197, 'I', '2023-2024', 1, '2024-01-23 18:50:17', '2024-01-23 18:50:17'),
	(1749, 15, 84, 'I', '2023-2024', 1, '2024-01-23 18:50:17', '2024-01-23 18:50:17'),
	(1750, 16, 84, 'NI', '2023-2024', 1, '2024-01-23 18:50:17', '2024-01-23 18:50:17'),
	(1751, 17, 84, 'I', '2023-2024', 1, '2024-01-23 18:50:17', '2024-01-23 18:50:17'),
	(1752, 18, 84, 'NI', '2023-2024', 1, '2024-01-23 18:50:17', '2024-01-23 18:50:17'),
	(1753, 19, 84, 'NI', '2023-2024', 1, '2024-01-23 18:50:17', '2024-01-23 18:50:17'),
	(1754, 20, 84, 'NI', '2023-2024', 1, '2024-01-23 18:50:17', '2024-01-23 18:50:17'),
	(1755, 15, 198, 'I', '2023-2024', 1, '2024-01-23 18:50:17', '2024-01-23 18:50:17'),
	(1756, 16, 198, 'I', '2023-2024', 1, '2024-01-23 18:50:17', '2024-01-23 18:50:17'),
	(1757, 17, 198, 'I', '2023-2024', 1, '2024-01-23 18:50:17', '2024-01-23 18:50:17'),
	(1758, 18, 198, 'I', '2023-2024', 1, '2024-01-23 18:50:17', '2024-01-23 18:50:17'),
	(1759, 19, 198, 'I', '2023-2024', 1, '2024-01-23 18:50:17', '2024-01-23 18:50:17'),
	(1760, 20, 198, 'I', '2023-2024', 1, '2024-01-23 18:50:17', '2024-01-23 18:50:17'),
	(1761, 15, 85, 'NI', '2023-2024', 1, '2024-01-23 18:50:17', '2024-01-23 18:50:17'),
	(1762, 16, 85, 'NI', '2023-2024', 1, '2024-01-23 18:50:17', '2024-01-23 18:50:17'),
	(1763, 17, 85, 'I', '2023-2024', 1, '2024-01-23 18:50:17', '2024-01-23 18:50:17'),
	(1764, 18, 85, 'I', '2023-2024', 1, '2024-01-23 18:50:17', '2024-01-23 18:50:17'),
	(1765, 19, 85, 'NI', '2023-2024', 1, '2024-01-23 18:50:17', '2024-01-23 18:50:17'),
	(1766, 20, 85, 'I', '2023-2024', 1, '2024-01-23 18:50:17', '2024-01-23 18:50:17'),
	(1767, 15, 86, 'I', '2023-2024', 1, '2024-01-23 18:50:17', '2024-01-23 18:50:17'),
	(1768, 16, 86, 'NI', '2023-2024', 1, '2024-01-23 18:50:17', '2024-01-23 18:50:17'),
	(1769, 17, 86, 'NI', '2023-2024', 1, '2024-01-23 18:50:17', '2024-01-23 18:50:17'),
	(1770, 18, 86, 'I', '2023-2024', 1, '2024-01-23 18:50:17', '2024-01-23 18:50:17'),
	(1771, 19, 86, 'I', '2023-2024', 1, '2024-01-23 18:50:17', '2024-01-23 18:50:17'),
	(1772, 20, 86, 'NI', '2023-2024', 1, '2024-01-23 18:50:17', '2024-01-23 18:50:17'),
	(1773, 15, 103, 'I', '2023-2024', 1, '2024-01-23 18:50:17', '2024-01-23 18:50:17'),
	(1774, 16, 103, 'NI', '2023-2024', 1, '2024-01-23 18:50:17', '2024-01-23 18:50:17'),
	(1775, 17, 103, 'I', '2023-2024', 1, '2024-01-23 18:50:17', '2024-01-23 18:50:17'),
	(1776, 18, 103, 'I', '2023-2024', 1, '2024-01-23 18:50:17', '2024-01-23 18:50:17'),
	(1777, 19, 103, 'I', '2023-2024', 1, '2024-01-23 18:50:17', '2024-01-23 18:50:17'),
	(1778, 20, 103, 'NI', '2023-2024', 1, '2024-01-23 18:50:17', '2024-01-23 18:50:17'),
	(1779, 15, 199, 'NI', '2023-2024', 1, '2024-01-23 18:50:17', '2024-01-23 18:50:17'),
	(1780, 16, 199, 'NI', '2023-2024', 1, '2024-01-23 18:50:17', '2024-01-23 18:50:17'),
	(1781, 17, 199, 'NI', '2023-2024', 1, '2024-01-23 18:50:17', '2024-01-23 18:50:17'),
	(1782, 18, 199, 'I', '2023-2024', 1, '2024-01-23 18:50:17', '2024-01-23 18:50:17'),
	(1783, 19, 199, 'NI', '2023-2024', 1, '2024-01-23 18:50:17', '2024-01-23 18:50:17'),
	(1784, 20, 199, 'NI', '2023-2024', 1, '2024-01-23 18:50:17', '2024-01-23 18:50:17'),
	(1785, 15, 200, 'I', '2023-2024', 1, '2024-01-23 18:50:17', '2024-01-23 18:50:17'),
	(1786, 16, 200, 'NI', '2023-2024', 1, '2024-01-23 18:50:17', '2024-01-23 18:50:17'),
	(1787, 17, 200, 'I', '2023-2024', 1, '2024-01-23 18:50:17', '2024-01-23 18:50:17'),
	(1788, 18, 200, 'NI', '2023-2024', 1, '2024-01-23 18:50:17', '2024-01-23 18:50:17'),
	(1789, 19, 200, 'I', '2023-2024', 1, '2024-01-23 18:50:17', '2024-01-23 18:50:17'),
	(1790, 20, 200, 'NI', '2023-2024', 1, '2024-01-23 18:50:17', '2024-01-23 18:50:17'),
	(1791, 15, 201, 'I', '2023-2024', 1, '2024-01-23 18:50:17', '2024-01-23 18:50:17'),
	(1792, 16, 201, 'I', '2023-2024', 1, '2024-01-23 18:50:17', '2024-01-23 18:50:17'),
	(1793, 17, 201, 'I', '2023-2024', 1, '2024-01-23 18:50:17', '2024-01-23 18:50:17'),
	(1794, 18, 201, 'I', '2023-2024', 1, '2024-01-23 18:50:17', '2024-01-23 18:50:17'),
	(1795, 19, 201, 'I', '2023-2024', 1, '2024-01-23 18:50:17', '2024-01-23 18:50:17'),
	(1796, 20, 201, 'I', '2023-2024', 1, '2024-01-23 18:50:17', '2024-01-23 18:50:17'),
	(1797, 15, 87, 'I', '2023-2024', 1, '2024-01-23 18:50:17', '2024-01-23 18:50:17'),
	(1798, 16, 87, 'I', '2023-2024', 1, '2024-01-23 18:50:17', '2024-01-23 18:50:17'),
	(1799, 17, 87, 'NI', '2023-2024', 1, '2024-01-23 18:50:17', '2024-01-23 18:50:17'),
	(1800, 18, 87, 'I', '2023-2024', 1, '2024-01-23 18:50:17', '2024-01-23 18:50:17'),
	(1801, 19, 87, 'I', '2023-2024', 1, '2024-01-23 18:50:17', '2024-01-23 18:50:17'),
	(1802, 20, 87, 'NI', '2023-2024', 1, '2024-01-23 18:50:17', '2024-01-23 18:50:17'),
	(1803, 15, 202, 'I', '2023-2024', 1, '2024-01-23 18:50:17', '2024-01-23 18:50:17'),
	(1804, 16, 202, 'NI', '2023-2024', 1, '2024-01-23 18:50:17', '2024-01-23 18:50:17'),
	(1805, 17, 202, 'NI', '2023-2024', 1, '2024-01-23 18:50:17', '2024-01-23 18:50:17'),
	(1806, 18, 202, 'NI', '2023-2024', 1, '2024-01-23 18:50:17', '2024-01-23 18:50:17'),
	(1807, 19, 202, 'NI', '2023-2024', 1, '2024-01-23 18:50:17', '2024-01-23 18:50:17'),
	(1808, 20, 202, 'NI', '2023-2024', 1, '2024-01-23 18:50:17', '2024-01-23 18:50:17'),
	(1809, 15, 88, 'I', '2023-2024', 1, '2024-01-23 18:50:17', '2024-01-23 18:50:17'),
	(1810, 16, 88, 'NI', '2023-2024', 1, '2024-01-23 18:50:17', '2024-01-23 18:50:17'),
	(1811, 17, 88, 'I', '2023-2024', 1, '2024-01-23 18:50:17', '2024-01-23 18:50:17'),
	(1812, 18, 88, 'NI', '2023-2024', 1, '2024-01-23 18:50:17', '2024-01-23 18:50:17'),
	(1813, 19, 88, 'I', '2023-2024', 1, '2024-01-23 18:50:17', '2024-01-23 18:50:17'),
	(1814, 20, 88, 'I', '2023-2024', 1, '2024-01-23 18:50:17', '2024-01-23 18:50:17'),
	(1815, 15, 89, 'I', '2023-2024', 1, '2024-01-23 18:50:17', '2024-01-23 18:50:17'),
	(1816, 16, 89, 'I', '2023-2024', 1, '2024-01-23 18:50:17', '2024-01-23 18:50:17'),
	(1817, 17, 89, 'I', '2023-2024', 1, '2024-01-23 18:50:17', '2024-01-23 18:50:17'),
	(1818, 18, 89, 'I', '2023-2024', 1, '2024-01-23 18:50:17', '2024-01-23 18:50:17'),
	(1819, 19, 89, 'I', '2023-2024', 1, '2024-01-23 18:50:17', '2024-01-23 18:50:17'),
	(1820, 20, 89, 'I', '2023-2024', 1, '2024-01-23 18:50:17', '2024-01-23 18:50:17'),
	(1821, 15, 91, 'NI', '2023-2024', 1, '2024-01-23 18:50:18', '2024-01-23 18:50:18'),
	(1822, 16, 91, 'I', '2023-2024', 1, '2024-01-23 18:50:18', '2024-01-23 18:50:18'),
	(1823, 17, 91, 'NI', '2023-2024', 1, '2024-01-23 18:50:18', '2024-01-23 18:50:18'),
	(1824, 18, 91, 'NI', '2023-2024', 1, '2024-01-23 18:50:18', '2024-01-23 18:50:18'),
	(1825, 19, 91, 'I', '2023-2024', 1, '2024-01-23 18:50:18', '2024-01-23 18:50:18'),
	(1826, 20, 91, 'I', '2023-2024', 1, '2024-01-23 18:50:18', '2024-01-23 18:50:18'),
	(1827, 15, 203, 'NI', '2023-2024', 1, '2024-01-23 18:50:18', '2024-01-23 18:50:18'),
	(1828, 16, 203, 'I', '2023-2024', 1, '2024-01-23 18:50:18', '2024-01-23 18:50:18'),
	(1829, 17, 203, 'NI', '2023-2024', 1, '2024-01-23 18:50:18', '2024-01-23 18:50:18'),
	(1830, 18, 203, 'NI', '2023-2024', 1, '2024-01-23 18:50:18', '2024-01-23 18:50:18'),
	(1831, 19, 203, 'NI', '2023-2024', 1, '2024-01-23 18:50:18', '2024-01-23 18:50:18'),
	(1832, 20, 203, 'I', '2023-2024', 1, '2024-01-23 18:50:18', '2024-01-23 18:50:18'),
	(1833, 15, 204, 'I', '2023-2024', 1, '2024-01-23 18:50:18', '2024-01-23 18:50:18'),
	(1834, 16, 204, 'NI', '2023-2024', 1, '2024-01-23 18:50:18', '2024-01-23 18:50:18'),
	(1835, 17, 204, 'NI', '2023-2024', 1, '2024-01-23 18:50:18', '2024-01-23 18:50:18'),
	(1836, 18, 204, 'I', '2023-2024', 1, '2024-01-23 18:50:18', '2024-01-23 18:50:18'),
	(1837, 19, 204, 'I', '2023-2024', 1, '2024-01-23 18:50:18', '2024-01-23 18:50:18'),
	(1838, 20, 204, 'NI', '2023-2024', 1, '2024-01-23 18:50:18', '2024-01-23 18:50:18'),
	(1839, 15, 92, 'I', '2023-2024', 1, '2024-01-23 18:50:18', '2024-01-23 18:50:18'),
	(1840, 16, 92, 'I', '2023-2024', 1, '2024-01-23 18:50:18', '2024-01-23 18:50:18'),
	(1841, 17, 92, 'I', '2023-2024', 1, '2024-01-23 18:50:18', '2024-01-23 18:50:18'),
	(1842, 18, 92, 'I', '2023-2024', 1, '2024-01-23 18:50:18', '2024-01-23 18:50:18'),
	(1843, 19, 92, 'I', '2023-2024', 1, '2024-01-23 18:50:18', '2024-01-23 18:50:18'),
	(1844, 20, 92, 'NI', '2023-2024', 1, '2024-01-23 18:50:18', '2024-01-23 18:50:18'),
	(1845, 15, 205, 'I', '2023-2024', 1, '2024-01-23 18:50:18', '2024-01-23 18:50:18'),
	(1846, 16, 205, 'I', '2023-2024', 1, '2024-01-23 18:50:18', '2024-01-23 18:50:18'),
	(1847, 17, 205, 'I', '2023-2024', 1, '2024-01-23 18:50:18', '2024-01-23 18:50:18'),
	(1848, 18, 205, 'I', '2023-2024', 1, '2024-01-23 18:50:18', '2024-01-23 18:50:18'),
	(1849, 19, 205, 'I', '2023-2024', 1, '2024-01-23 18:50:18', '2024-01-23 18:50:18'),
	(1850, 20, 205, 'I', '2023-2024', 1, '2024-01-23 18:50:18', '2024-01-23 18:50:18'),
	(1851, 15, 206, 'I', '2023-2024', 1, '2024-01-23 18:50:18', '2024-01-23 18:50:18'),
	(1852, 16, 206, 'I', '2023-2024', 1, '2024-01-23 18:50:18', '2024-01-23 18:50:18'),
	(1853, 17, 206, 'NI', '2023-2024', 1, '2024-01-23 18:50:18', '2024-01-23 18:50:18'),
	(1854, 18, 206, 'NI', '2023-2024', 1, '2024-01-23 18:50:18', '2024-01-23 18:50:18'),
	(1855, 19, 206, 'I', '2023-2024', 1, '2024-01-23 18:50:18', '2024-01-23 18:50:18'),
	(1856, 20, 206, 'NI', '2023-2024', 1, '2024-01-23 18:50:18', '2024-01-23 18:50:18'),
	(1857, 15, 207, 'I', '2023-2024', 1, '2024-01-23 18:50:18', '2024-01-23 18:50:18'),
	(1858, 16, 207, 'NI', '2023-2024', 1, '2024-01-23 18:50:18', '2024-01-23 18:50:18'),
	(1859, 17, 207, 'NI', '2023-2024', 1, '2024-01-23 18:50:18', '2024-01-23 18:50:18'),
	(1860, 18, 207, 'I', '2023-2024', 1, '2024-01-23 18:50:18', '2024-01-23 18:50:18'),
	(1861, 19, 207, 'NI', '2023-2024', 1, '2024-01-23 18:50:18', '2024-01-23 18:50:18'),
	(1862, 20, 207, 'NI', '2023-2024', 1, '2024-01-23 18:50:18', '2024-01-23 18:50:18'),
	(1863, 15, 208, 'NI', '2023-2024', 1, '2024-01-23 18:50:18', '2024-01-23 18:50:18'),
	(1864, 16, 208, 'NI', '2023-2024', 1, '2024-01-23 18:50:18', '2024-01-23 18:50:18'),
	(1865, 17, 208, 'I', '2023-2024', 1, '2024-01-23 18:50:18', '2024-01-23 18:50:18'),
	(1866, 18, 208, 'I', '2023-2024', 1, '2024-01-23 18:50:18', '2024-01-23 18:50:18'),
	(1867, 19, 208, 'NI', '2023-2024', 1, '2024-01-23 18:50:18', '2024-01-23 18:50:18'),
	(1868, 20, 208, 'I', '2023-2024', 1, '2024-01-23 18:50:18', '2024-01-23 18:50:18'),
	(1869, 15, 95, 'I', '2023-2024', 1, '2024-01-23 18:50:18', '2024-01-23 18:50:18'),
	(1870, 16, 95, 'NI', '2023-2024', 1, '2024-01-23 18:50:18', '2024-01-23 18:50:18'),
	(1871, 17, 95, 'I', '2023-2024', 1, '2024-01-23 18:50:18', '2024-01-23 18:50:18'),
	(1872, 18, 95, 'NI', '2023-2024', 1, '2024-01-23 18:50:18', '2024-01-23 18:50:18'),
	(1873, 19, 95, 'I', '2023-2024', 1, '2024-01-23 18:50:18', '2024-01-23 18:50:18'),
	(1874, 20, 95, 'NI', '2023-2024', 1, '2024-01-23 18:50:18', '2024-01-23 18:50:18'),
	(1875, 15, 96, 'I', '2023-2024', 1, '2024-01-23 18:50:18', '2024-01-23 18:50:18'),
	(1876, 16, 96, 'I', '2023-2024', 1, '2024-01-23 18:50:18', '2024-01-23 18:50:18'),
	(1877, 17, 96, 'I', '2023-2024', 1, '2024-01-23 18:50:18', '2024-01-23 18:50:18'),
	(1878, 18, 96, 'I', '2023-2024', 1, '2024-01-23 18:50:18', '2024-01-23 18:50:18'),
	(1879, 19, 96, 'I', '2023-2024', 1, '2024-01-23 18:50:18', '2024-01-23 18:50:18'),
	(1880, 20, 96, 'I', '2023-2024', 1, '2024-01-23 18:50:18', '2024-01-23 18:50:18'),
	(1881, 15, 209, 'I', '2023-2024', 1, '2024-01-23 18:50:18', '2024-01-23 18:50:18'),
	(1882, 16, 209, 'I', '2023-2024', 1, '2024-01-23 18:50:18', '2024-01-23 18:50:18'),
	(1883, 17, 209, 'NI', '2023-2024', 1, '2024-01-23 18:50:18', '2024-01-23 18:50:18'),
	(1884, 18, 209, 'NI', '2023-2024', 1, '2024-01-23 18:50:18', '2024-01-23 18:50:18'),
	(1885, 19, 209, 'NI', '2023-2024', 1, '2024-01-23 18:50:18', '2024-01-23 18:50:18'),
	(1886, 20, 209, 'NI', '2023-2024', 1, '2024-01-23 18:50:18', '2024-01-23 18:50:18'),
	(1887, 15, 210, 'I', '2023-2024', 1, '2024-01-23 18:50:18', '2024-01-23 18:50:18'),
	(1888, 16, 210, 'I', '2023-2024', 1, '2024-01-23 18:50:18', '2024-01-23 18:50:18'),
	(1889, 17, 210, 'I', '2023-2024', 1, '2024-01-23 18:50:18', '2024-01-23 18:50:18'),
	(1890, 18, 210, 'I', '2023-2024', 1, '2024-01-23 18:50:18', '2024-01-23 18:50:18'),
	(1891, 19, 210, 'I', '2023-2024', 1, '2024-01-23 18:50:18', '2024-01-23 18:50:18'),
	(1892, 20, 210, 'I', '2023-2024', 1, '2024-01-23 18:50:18', '2024-01-23 18:50:18'),
	(1893, 15, 27, 'I', '2023-2024', 1, '2024-01-23 18:50:18', '2024-01-23 18:50:18'),
	(1894, 16, 27, 'I', '2023-2024', 1, '2024-01-23 18:50:18', '2024-01-23 18:50:18'),
	(1895, 17, 27, 'I', '2023-2024', 1, '2024-01-23 18:50:18', '2024-01-23 18:50:18'),
	(1896, 18, 27, 'I', '2023-2024', 1, '2024-01-23 18:50:18', '2024-01-23 18:50:18'),
	(1897, 19, 27, 'I', '2023-2024', 1, '2024-01-23 18:50:18', '2024-01-23 18:50:18'),
	(1898, 20, 27, 'I', '2023-2024', 1, '2024-01-23 18:50:18', '2024-01-23 18:50:18');

-- Dumping structure for table etudentexam.detail_professeurs
CREATE TABLE IF NOT EXISTS `detail_professeurs` (
  `id` bigint unsigned NOT NULL AUTO_INCREMENT,
  `idProfesseur` bigint unsigned NOT NULL,
  `idModule` bigint unsigned NOT NULL,
  `idGroupe` bigint unsigned NOT NULL,
  `AnneeUniversitaire` varchar(12) CHARACTER SET utf8mb4 COLLATE utf8mb4_unicode_ci NOT NULL,
  `created_at` timestamp NULL DEFAULT NULL,
  `updated_at` timestamp NULL DEFAULT NULL,
  PRIMARY KEY (`id`),
  KEY `detail_professeurs_idprofesseur_foreign` (`idProfesseur`),
  KEY `detail_professeurs_idmodule_foreign` (`idModule`),
  KEY `detail_professeurs_idgroupe_foreign` (`idGroupe`),
  CONSTRAINT `detail_professeurs_idgroupe_foreign` FOREIGN KEY (`idGroupe`) REFERENCES `groupes` (`id`),
  CONSTRAINT `detail_professeurs_idmodule_foreign` FOREIGN KEY (`idModule`) REFERENCES `modules` (`id`),
  CONSTRAINT `detail_professeurs_idprofesseur_foreign` FOREIGN KEY (`idProfesseur`) REFERENCES `professeurs` (`id`)
) ENGINE=InnoDB AUTO_INCREMENT=15 DEFAULT CHARSET=utf8mb4 COLLATE=utf8mb4_unicode_ci;

-- Dumping data for table etudentexam.detail_professeurs: ~8 rows (approximately)
INSERT IGNORE INTO `detail_professeurs` (`id`, `idProfesseur`, `idModule`, `idGroupe`, `AnneeUniversitaire`, `created_at`, `updated_at`) VALUES
	(1, 1, 1, 1, '2023-2024', '2024-02-05 15:57:57', '2024-02-05 15:57:57'),
	(2, 2, 2, 1, '2023-2024', '2024-02-05 15:57:57', '2024-02-05 15:57:57'),
	(3, 3, 3, 1, '2023-2024', '2024-02-05 15:57:57', '2024-02-05 15:57:57'),
	(4, 4, 4, 1, '2023-2024', '2024-02-05 15:57:57', '2024-02-05 15:57:57'),
	(5, 5, 5, 1, '2023-2024', '2024-02-05 15:57:57', '2024-02-05 15:57:57'),
	(6, 6, 6, 1, '2023-2024', '2024-02-05 15:57:57', '2024-02-05 15:57:57'),
	(7, 7, 7, 1, '2023-2024', '2024-02-05 15:57:57', '2024-02-05 15:57:57'),
	(8, 8, 18, 2, '2023-2024', '2024-02-09 21:34:38', '2024-02-09 21:34:38'),
	(13, 13, 15, 1, '2023-2024', '2024-03-03 01:37:56', '2024-03-03 01:37:56'),
	(14, 14, 15, 1, '2023-2024', '2024-03-03 01:37:57', '2024-03-03 01:37:57');

-- Dumping structure for table etudentexam.etudiants
CREATE TABLE IF NOT EXISTS `etudiants` (
  `id` bigint unsigned NOT NULL AUTO_INCREMENT,
  `CodeApogee` int NOT NULL,
  `Nom` varchar(255) COLLATE utf8mb4_unicode_ci NOT NULL,
  `Prenom` varchar(255) COLLATE utf8mb4_unicode_ci NOT NULL,
  `DateNaiss` date NOT NULL,
  `created_at` timestamp NULL DEFAULT NULL,
  `updated_at` timestamp NULL DEFAULT NULL,
  PRIMARY KEY (`id`),
  UNIQUE KEY `etudiants_codeapogee_unique` (`CodeApogee`)
) ENGINE=InnoDB AUTO_INCREMENT=217 DEFAULT CHARSET=utf8mb4 COLLATE=utf8mb4_unicode_ci;

-- Dumping data for table etudentexam.etudiants: ~210 rows (approximately)
INSERT IGNORE INTO `etudiants` (`id`, `CodeApogee`, `Nom`, `Prenom`, `DateNaiss`, `created_at`, `updated_at`) VALUES
	(1, 2112326, 'AALLAOUI', 'AYMEN', '2002-07-10', '2024-01-23 17:47:36', '2024-01-23 17:47:36'),
	(2, 1003216, 'ABIBOU', 'YOUSSEF', '1990-12-15', '2024-01-23 17:47:36', '2024-01-23 17:47:36'),
	(3, 2103179, 'ADDADI', 'SABAH', '2001-11-15', '2024-01-23 17:47:36', '2024-01-23 17:47:36'),
	(4, 2119729, 'ADIAN', 'FOUAD', '1978-01-14', '2024-01-23 17:47:36', '2024-01-23 17:47:36'),
	(5, 2013746, 'AFKIR', 'MOURAD', '1999-08-31', '2024-01-23 17:47:36', '2024-01-23 17:47:36'),
	(6, 2208931, 'AGOUJIM', 'FERDAOUS', '2005-03-10', '2024-01-23 17:47:36', '2024-01-23 17:47:36'),
	(7, 1305275, 'AIKAR', 'FATIMA', '1994-05-04', '2024-01-23 17:47:36', '2024-01-23 17:47:36'),
	(8, 2008918, 'AL MALIH', 'ZAKARIAE', '2001-02-19', '2024-01-23 17:47:36', '2024-01-23 17:47:36'),
	(9, 1710425, 'AMHAOUR', 'TOUFIK', '1999-03-19', '2024-01-23 17:47:36', '2024-01-23 17:47:36'),
	(10, 1609411, 'ARBAOUI', 'AICHA', '1995-07-24', '2024-01-23 17:47:36', '2024-01-23 17:47:36'),
	(11, 1815219, 'AYELEKAMA M\'APANGHA', 'JUNIAS', '1999-07-29', '2024-01-23 17:47:36', '2024-01-23 17:47:36'),
	(12, 2210203, 'AZHARI', 'SALMA', '2004-11-10', '2024-01-23 17:47:36', '2024-01-23 17:47:36'),
	(13, 2120755, 'BAH', 'MAMADOU GANDHO', '2000-02-21', '2024-01-23 17:47:36', '2024-01-23 17:47:36'),
	(14, 2212352, 'BAJJI', 'SIHAM', '1989-01-20', '2024-01-23 17:47:36', '2024-01-23 17:47:36'),
	(15, 2008926, 'BAKRAOUI', 'SALMA', '2002-07-05', '2024-01-23 17:47:36', '2024-01-23 17:47:36'),
	(16, 1800371, 'BEJHIH', 'HALIMA', '2000-12-10', '2024-01-23 17:47:36', '2024-01-23 17:47:36'),
	(17, 1606053, 'BENSIDIALI', 'AMINA', '1998-09-18', '2024-01-23 17:47:36', '2024-01-23 17:47:36'),
	(18, 1815179, 'BIO SANGA', 'JASMIN BRISSO FAWAZ', '1996-04-01', '2024-01-23 17:47:36', '2024-01-23 17:47:36'),
	(19, 1914460, 'BOAKYE NANA', 'ABENA YVONNE', '1999-03-02', '2024-01-23 17:47:36', '2024-01-23 17:47:36'),
	(20, 2213740, 'BOUAFIA', 'HAJAR', '2003-08-10', '2024-01-23 17:47:36', '2024-01-23 17:47:36'),
	(21, 1701097, 'BOUAICH', 'YOUSSEF', '1999-01-27', '2024-01-23 17:47:36', '2024-01-23 17:47:36'),
	(22, 1804635, 'BOUCHLAGHAM', 'MANAL', '2000-11-22', '2024-01-23 17:47:37', '2024-01-23 17:47:37'),
	(23, 1814769, 'BOUDAHR', 'SOUAD', '1985-06-06', '2024-01-23 17:47:37', '2024-01-23 17:47:37'),
	(24, 2118911, 'BOUH DJAMA', 'RODA', '2004-02-21', '2024-01-23 17:47:37', '2024-01-23 17:47:37'),
	(25, 2216843, 'BOUJTAT', 'EL-HOUSSINE', '1983-01-12', '2024-01-23 17:47:37', '2024-01-23 17:47:37'),
	(26, 2214818, 'BOUSSEKKOUR', 'KOUIDER', '1967-11-28', '2024-01-23 17:47:37', '2024-01-23 17:47:37'),
	(27, 2321961, 'BOUYAALLAOUI', 'HOUSSAM', '2004-10-24', '2024-01-23 17:47:37', '2024-01-23 17:47:37'),
	(28, 2120757, 'CAMARA', 'SEKOUBA', '2000-02-03', '2024-01-23 17:47:37', '2024-01-23 17:47:37'),
	(29, 2212421, 'CHERRABI', 'MARYEM', '2004-10-04', '2024-01-23 17:47:37', '2024-01-23 17:47:37'),
	(30, 2103096, 'DADI', 'ZAINAB', '2002-04-07', '2024-01-23 17:47:37', '2024-01-23 17:47:37'),
	(31, 2115382, 'DADSI', 'SOUKAYNA', '1988-08-20', '2024-01-23 17:47:37', '2024-01-23 17:47:37'),
	(32, 2120792, 'DADZIE', 'ALEXIS KOISSI', '2002-02-17', '2024-01-23 17:47:37', '2024-01-23 17:47:37'),
	(33, 2208724, 'DAOUI', 'HAJAR', '2004-11-02', '2024-01-23 17:47:37', '2024-01-23 17:47:37'),
	(34, 1619595, 'DEHHAOUI', 'JAOUAD', '1984-08-14', '2024-01-23 17:47:37', '2024-01-23 17:47:37'),
	(35, 2213100, 'DJIMASSE NGAMA', 'SIMPLICIA VERSIACE', '2002-10-12', '2024-01-23 17:47:37', '2024-01-23 17:47:37'),
	(36, 2103035, 'EL AMRANI', 'SAMIR', '2003-07-09', '2024-01-23 17:47:37', '2024-01-23 17:47:37'),
	(37, 1915089, 'EL BOUCHIKHI', 'IMANE', '2001-11-16', '2024-01-23 17:47:37', '2024-01-23 17:47:37'),
	(38, 1906253, 'EL BOUKIRI', 'NOUHAYLA', '2001-12-29', '2024-01-23 17:47:37', '2024-01-23 17:47:37'),
	(39, 1906385, 'EL OUAFI', 'YOUSSRA', '2002-03-13', '2024-01-23 17:47:37', '2024-01-23 17:47:37'),
	(40, 1801889, 'EL YOUSFI', 'OUMAYMA', '2000-10-15', '2024-01-23 17:47:37', '2024-01-23 17:47:37'),
	(41, 2218477, 'EL-AHMEDI', 'KHAWLA', '2002-06-25', '2024-01-23 17:47:37', '2024-01-23 17:47:37'),
	(42, 1902480, 'ELALJ', 'TOURIA', '1987-03-11', '2024-01-23 17:47:37', '2024-01-23 17:47:37'),
	(43, 2009155, 'ELLIAOUI', 'MOHAMMED AMINE', '1995-07-22', '2024-01-23 17:47:37', '2024-01-23 17:47:37'),
	(44, 1906269, 'ELYAMANI', 'ABDELKARIM', '2001-02-19', '2024-01-23 17:47:37', '2024-01-23 17:47:37'),
	(45, 2120795, 'ESSAID', 'ADIL', '1974-10-14', '2024-01-23 17:47:37', '2024-01-23 17:47:37'),
	(46, 1701538, 'GHAOUTI', 'FAYZA', '1998-12-30', '2024-01-23 17:47:37', '2024-01-23 17:47:37'),
	(47, 2008916, 'HAMDANE', 'AHLAM', '2002-05-14', '2024-01-23 17:47:37', '2024-01-23 17:47:37'),
	(48, 2215517, 'HAMIT', 'ABDRAMAN DANA', '1999-07-14', '2024-01-23 17:47:37', '2024-01-23 17:47:37'),
	(49, 2114215, 'HANNOU', 'RAYHAN', '2004-05-09', '2024-01-23 17:47:37', '2024-01-23 17:47:37'),
	(50, 2209111, 'HARCHA', ' SALMA', '2004-08-09', '2024-01-23 17:47:37', '2024-01-23 17:47:37'),
	(51, 2215514, 'HARMIYA', 'AHMED', '2004-07-08', '2024-01-23 17:47:37', '2024-01-23 17:47:37'),
	(52, 2208582, 'HARROUDI', 'MERYEM', '2004-02-21', '2024-01-23 17:47:37', '2024-01-23 17:47:37'),
	(53, 2009361, 'IBRAHIM', 'NISRINE', '2000-11-10', '2024-01-23 17:47:38', '2024-01-23 17:47:38'),
	(54, 2103190, 'IDBOURHIM', 'KHADIJA', '2003-05-22', '2024-01-23 17:47:38', '2024-01-23 17:47:38'),
	(55, 2217806, 'KARANTAO', 'NAFISSATOU', '2001-08-29', '2024-01-23 17:47:38', '2024-01-23 17:47:38'),
	(56, 2114390, 'KASSIMI', 'KHAOULA', '2003-07-17', '2024-01-23 17:47:38', '2024-01-23 17:47:38'),
	(57, 2120793, 'KOUATI', 'PAUL NORVY', '2003-01-28', '2024-01-23 17:47:38', '2024-01-23 17:47:38'),
	(58, 1806606, 'KOUSKOUS', 'IMANE', '1991-09-17', '2024-01-23 17:47:38', '2024-01-23 17:47:38'),
	(59, 1806554, 'KOUSKOUS', 'YOUSRA', '1996-05-14', '2024-01-23 17:47:38', '2024-01-23 17:47:38'),
	(60, 2103198, 'LATIGUI', 'HAJAR', '2003-11-06', '2024-01-23 17:47:38', '2024-01-23 17:47:38'),
	(61, 1917301, 'LOUARDI', 'MOHAMED', '1972-08-11', '2024-01-23 17:47:38', '2024-01-23 17:47:38'),
	(62, 2002199, 'LOUKILI', 'KHADIJA', '2002-02-07', '2024-01-23 17:47:38', '2024-01-23 17:47:38'),
	(63, 2116232, 'MAIMOUNI', 'SAID', '1981-09-28', '2024-01-23 17:47:38', '2024-01-23 17:47:38'),
	(64, 2018430, 'MAKAO DOURO', 'OUSMANE', '1997-01-10', '2024-01-23 17:47:38', '2024-01-23 17:47:38'),
	(65, 1818532, 'MALHOUNI', 'HAMID', '1991-09-08', '2024-01-23 17:47:38', '2024-01-23 17:47:38'),
	(66, 2116239, 'MAROUANE', 'ABIR', '2001-06-08', '2024-01-23 17:47:38', '2024-01-23 17:47:38'),
	(67, 1915612, 'MBALI KODASSO YANGBA', 'DIEU MERCI  ENRICO', '1997-09-15', '2024-01-23 17:47:38', '2024-01-23 17:47:38'),
	(68, 2006547, 'MCHIOUER', 'NAOUAL', '1982-07-13', '2024-01-23 17:47:38', '2024-01-23 17:47:38'),
	(69, 1912314, 'MERZOUKI', 'YOUNESS', '2001-07-04', '2024-01-23 17:47:38', '2024-01-23 17:47:38'),
	(70, 2011783, 'MHAMDI', 'HOUDA', '2000-11-13', '2024-01-23 17:47:38', '2024-01-23 17:47:38'),
	(71, 2208460, 'MOKHTARI', 'LAMIA', '2004-09-09', '2024-01-23 17:47:38', '2024-01-23 17:47:38'),
	(72, 1308113, 'MOKHTARI', 'ZINEB', '1995-11-11', '2024-01-23 17:47:38', '2024-01-23 17:47:38'),
	(73, 1905829, 'MOUMEN', 'LAILA', '1983-07-09', '2024-01-23 17:47:38', '2024-01-23 17:47:38'),
	(74, 2018391, 'NINGA', 'SOLANGE FANNY', '1999-05-10', '2024-01-23 17:47:38', '2024-01-23 17:47:38'),
	(75, 2009162, 'OUCHEN', 'AYA', '2003-03-05', '2024-01-23 17:47:38', '2024-01-23 17:47:38'),
	(76, 2214383, 'PIAMALE', 'NELLY AMANDINE', '2000-11-22', '2024-01-23 17:47:38', '2024-01-23 17:47:38'),
	(77, 2103225, 'RACHIDI', 'CHAYMAE', '2002-07-11', '2024-01-23 17:47:38', '2024-01-23 17:47:38'),
	(78, 2209203, 'RAHAOUI', 'ABDELOIHED', '1968-02-04', '2024-01-23 17:47:38', '2024-01-23 17:47:38'),
	(79, 1916873, 'RHARRAFI', 'ZOHEIR', '1981-08-10', '2024-01-23 17:47:38', '2024-01-23 17:47:38'),
	(80, 1305631, 'SABER', 'CHAYMAE', '1995-09-19', '2024-01-23 17:47:38', '2024-01-23 17:47:38'),
	(81, 2008954, 'SAHRAOUI', 'DOUAE', '2003-02-19', '2024-01-23 17:47:38', '2024-01-23 17:47:38'),
	(82, 1508234, 'SALHI', 'IKRAM', '1994-05-05', '2024-01-23 17:47:38', '2024-01-23 17:47:38'),
	(83, 2214150, 'SAMAKE', 'IBRAHIM TIESSA', '2005-08-27', '2024-01-23 17:47:38', '2024-01-23 17:47:38'),
	(84, 1301103, 'SEMLALI', 'BOUCHRA', '1995-01-24', '2024-01-23 17:47:38', '2024-01-23 17:47:38'),
	(85, 1904152, 'SHOUL', 'YASSER', '1999-11-20', '2024-01-23 17:47:38', '2024-01-23 17:47:38'),
	(86, 2018345, 'SIKINDI M\'BOUTOU', 'MICHAELLA  DEVENCIA', '2002-06-30', '2024-01-23 17:47:38', '2024-01-23 17:47:38'),
	(87, 1703310, 'TABIB', 'AYYOUB', '1998-04-27', '2024-01-23 17:47:38', '2024-01-23 17:47:38'),
	(88, 2113652, 'TAIBI', 'YASMINE', '2003-05-22', '2024-01-23 17:47:38', '2024-01-23 17:47:38'),
	(89, 2101434, 'TAJMOUT', 'KHAOULA', '2003-09-18', '2024-01-23 17:47:38', '2024-01-23 17:47:38'),
	(90, 2119903, 'TALHAOUI', 'MOHAMMED', '1979-09-20', '2024-01-23 17:47:38', '2024-01-23 17:47:38'),
	(91, 1909604, 'TAYBI', 'ILYASS', '2000-04-05', '2024-01-23 17:47:38', '2024-01-23 17:47:38'),
	(92, 1916633, 'YACOUBA  MOUSSA', 'ROUMANATOU', '1998-05-07', '2024-01-23 17:47:38', '2024-01-23 17:47:38'),
	(93, 1507034, 'YACOUBI', 'AHMED', '1997-03-05', '2024-01-23 17:47:38', '2024-01-23 17:47:38'),
	(94, 1003961, 'ZAHDALI', 'HICHAM', '1982-03-20', '2024-01-23 17:47:38', '2024-01-23 17:47:38'),
	(95, 2008978, 'ZEROUAL', 'AMAL', '2001-12-19', '2024-01-23 17:47:38', '2024-01-23 17:47:38'),
	(96, 1302137, 'ZERROUKI', ' MOHSINE', '1985-12-18', '2024-01-23 17:47:38', '2024-01-23 17:47:38'),
	(97, 1206304, 'CHELHAOUI', 'MORAD', '1985-07-26', '2024-01-23 17:47:39', '2024-01-23 17:47:39'),
	(98, 1900943, 'EL MOHIB', 'CHAIMAE', '2001-10-07', '2024-01-23 17:47:39', '2024-01-23 17:47:39'),
	(99, 2318329, 'IDRISSA HANBERI', 'IBRAHIM', '2000-01-12', '2024-01-23 17:47:39', '2024-01-23 17:47:39'),
	(100, 1817783, 'KRAI', 'ASMAA', '1976-12-18', '2024-01-23 17:47:39', '2024-01-23 17:47:39'),
	(101, 1916417, 'MANSOURI', 'ABDELAZIZ', '1990-11-09', '2024-01-23 17:47:39', '2024-01-23 17:47:39'),
	(102, 8000655, 'RAHMANI', 'MOUNIA', '1982-03-28', '2024-01-23 17:47:39', '2024-01-23 17:47:39'),
	(103, 1509847, 'SOUHAILI', 'FOUAD', '1974-04-24', '2024-01-23 17:47:39', '2024-01-23 17:47:39'),
	(104, 2018394, 'ABAKAR', 'MODOU', '1999-02-01', '2024-01-23 17:47:39', '2024-01-23 17:47:39'),
	(105, 2018393, 'ABDOULAYE', 'MURIELE NATERCIA  M', '1999-09-19', '2024-01-23 18:47:02', '2024-01-23 18:47:02'),
	(106, 2018395, 'ABO-NALEKE', 'HERMINE-DEBORAH', '1999-02-13', '2024-01-23 18:47:02', '2024-01-23 18:47:02'),
	(107, 2009124, 'AFFANI', 'NAJIMA', '2002-07-21', '2024-01-23 18:47:03', '2024-01-23 18:47:03'),
	(108, 1503601, 'AJEMAA', 'LAHCEN', '1984-01-16', '2024-01-23 18:47:03', '2024-01-23 18:47:03'),
	(109, 1913157, 'ALLOU', 'MOHAMMED', '1982-07-07', '2024-01-23 18:47:03', '2024-01-23 18:47:03'),
	(110, 2218644, 'ALLOUCHE', 'MOHAMMED', '1963-03-17', '2024-01-23 18:47:03', '2024-01-23 18:47:03'),
	(111, 2120747, 'AMIR', 'ABDOULAYE IDRISS', '2000-03-15', '2024-01-23 18:47:03', '2024-01-23 18:47:03'),
	(112, 1709579, 'AMNIAAI', 'ABDELHAK', '1976-10-30', '2024-01-23 18:47:03', '2024-01-23 18:47:03'),
	(113, 1304161, 'AOURAGH', 'HAYAT', '1992-01-19', '2024-01-23 18:47:03', '2024-01-23 18:47:03'),
	(114, 2115734, 'ASBAI', 'HODA', '2001-02-28', '2024-01-23 18:47:03', '2024-01-23 18:47:03'),
	(115, 1916538, 'ASSI', 'SOUKAINA', '1993-02-06', '2024-01-23 18:47:03', '2024-01-23 18:47:03'),
	(116, 2016679, 'AZHAR', 'MOHAMED', '1985-01-18', '2024-01-23 18:47:03', '2024-01-23 18:47:03'),
	(117, 1917304, 'AZZI', 'MOHAMED', '1988-03-03', '2024-01-23 18:47:03', '2024-01-23 18:47:03'),
	(118, 2208863, 'AZZIMANI', 'DOUAE', '2004-07-12', '2024-01-23 18:47:03', '2024-01-23 18:47:03'),
	(119, 8002679, 'BARKHLI', 'BOUCHRA', '1989-01-01', '2024-01-23 18:47:03', '2024-01-23 18:47:03'),
	(120, 1905787, 'BEKKAOUI', 'OUAIL', '1999-09-12', '2024-01-23 18:47:03', '2024-01-23 18:47:03'),
	(121, 1603494, 'BELARBI', 'BOUCHRA', '1997-02-27', '2024-01-23 18:47:03', '2024-01-23 18:47:03'),
	(122, 1710091, 'BELARBI', 'KHADIJA', '1997-03-03', '2024-01-23 18:47:03', '2024-01-23 18:47:03'),
	(123, 1307728, 'BELAZIZ', 'FAIZA', '1995-02-06', '2024-01-23 18:47:03', '2024-01-23 18:47:03'),
	(124, 2208581, 'BELAZIZ', 'MUSTAPHA', '2004-11-11', '2024-01-23 18:47:03', '2024-01-23 18:47:03'),
	(125, 2115950, 'BELGHITI', 'MERYEM', '1997-06-11', '2024-01-23 18:47:03', '2024-01-23 18:47:03'),
	(126, 1904546, 'BELOUDAN', 'ABDELLAH', '2001-11-15', '2024-01-23 18:47:03', '2024-01-23 18:47:03'),
	(127, 1507798, 'BENHAFOUNE', 'HAJAR', '1997-01-06', '2024-01-23 18:47:03', '2024-01-23 18:47:03'),
	(128, 9004983, 'BEQQAL', 'ZAKARIA', '1986-12-02', '2024-01-23 18:47:03', '2024-01-23 18:47:03'),
	(129, 1901525, 'BERAMDAN', 'AMINE', '1999-07-23', '2024-01-23 18:47:03', '2024-01-23 18:47:03'),
	(130, 1800938, 'BOUDAR', 'SAMI', '1991-10-28', '2024-01-23 18:47:04', '2024-01-23 18:47:04'),
	(131, 2218408, 'BOUKHARI', 'FATIMA', '1967-10-22', '2024-01-23 18:47:04', '2024-01-23 18:47:04'),
	(132, 2103146, 'BOULAID', 'MOHAMED', '1998-03-18', '2024-01-23 18:47:04', '2024-01-23 18:47:04'),
	(133, 1801537, 'BOUTRIG', 'KHADIJA', '1981-02-23', '2024-01-23 18:47:04', '2024-01-23 18:47:04'),
	(134, 1109009, 'BOUTUIL', 'SARA', '1993-04-16', '2024-01-23 18:47:04', '2024-01-23 18:47:04'),
	(135, 2118018, 'BOUZARZAIT', 'KHAOULA', '2000-10-04', '2024-01-23 18:47:04', '2024-01-23 18:47:04'),
	(136, 2213764, 'BRAHIM', 'SALEH YOSKO', '2002-03-03', '2024-01-23 18:47:04', '2024-01-23 18:47:04'),
	(137, 2120796, 'CAMARA', 'M\'MAH', '2000-05-09', '2024-01-23 18:47:04', '2024-01-23 18:47:04'),
	(138, 1915910, 'CAMARA', 'OUMAR II', '1999-04-22', '2024-01-23 18:47:04', '2024-01-23 18:47:04'),
	(139, 2018400, 'DANTHIA', 'DIVINE PERPETUE ROSI', '2000-07-12', '2024-01-23 18:47:04', '2024-01-23 18:47:04'),
	(140, 2103014, 'DKHISSI', 'SOUHAILA', '2001-01-12', '2024-01-23 18:47:04', '2024-01-23 18:47:04'),
	(141, 1901019, 'DRISSI', 'OUMAYMA', '2001-02-02', '2024-01-23 18:47:04', '2024-01-23 18:47:04'),
	(142, 1913379, 'ECH CHAABA', 'ZINEB', '2001-07-12', '2024-01-23 18:47:04', '2024-01-23 18:47:04'),
	(143, 2213929, 'ECH-CHATOUANI', 'MOHAMMED RACHAD', '2004-09-22', '2024-01-23 18:47:04', '2024-01-23 18:47:04'),
	(144, 1907604, 'ECHCHAIBI', 'SALAH-EDDINE', '2000-12-05', '2024-01-23 18:47:04', '2024-01-23 18:47:04'),
	(145, 2009259, 'EL GHIOUANE', 'FATIMA', '2002-02-28', '2024-01-23 18:47:04', '2024-01-23 18:47:04'),
	(146, 2009306, 'EL KHADIR', 'KHAWLA', '2002-04-10', '2024-01-23 18:47:04', '2024-01-23 18:47:04'),
	(147, 1502173, 'EL MOKHTARI', 'SAFAE', '1997-11-04', '2024-01-23 18:47:04', '2024-01-23 18:47:04'),
	(148, 1704040, 'EL-HBIBI', 'KHADIJA', '1998-05-11', '2024-01-23 18:47:04', '2024-01-23 18:47:04'),
	(149, 1610349, 'ELBAY', 'MOHAMED-AMINE', '1997-06-27', '2024-01-23 18:47:04', '2024-01-23 18:47:04'),
	(150, 2208854, 'ELKANDOUSSI', 'IKRAM', '2003-09-22', '2024-01-23 18:47:04', '2024-01-23 18:47:04'),
	(151, 2214822, 'EREPE', 'JOSPIN PYTAGORE', '2000-05-20', '2024-01-23 18:47:05', '2024-01-23 18:47:05'),
	(152, 2008987, 'ES SEBBAR', 'ASMAE', '2002-02-02', '2024-01-23 18:47:05', '2024-01-23 18:47:05'),
	(153, 2104674, 'FASLA', 'OUIAME', '2003-10-26', '2024-01-23 18:47:05', '2024-01-23 18:47:05'),
	(154, 2119477, 'GBENZA', 'DEBORAH JENNIFER WES', '1999-08-05', '2024-01-23 18:47:05', '2024-01-23 18:47:05'),
	(155, 8011378, 'HAMDI', 'AZIZ', '1976-03-03', '2024-01-23 18:47:05', '2024-01-23 18:47:05'),
	(156, 1919056, 'HAMIDI', 'BRAHIM', '1989-03-15', '2024-01-23 18:47:05', '2024-01-23 18:47:05'),
	(157, 2017018, 'HAMMOUTNI', 'MOHAMED', '1983-12-02', '2024-01-23 18:47:05', '2024-01-23 18:47:05'),
	(158, 2214003, 'HAROUNA ALBEIDOU', 'AREYNATOU', '2001-01-20', '2024-01-23 18:47:05', '2024-01-23 18:47:05'),
	(159, 2018402, 'HOUNKPONOU SINGA-SELLI', 'CHANEL EMMAUS JAURES', '1999-01-24', '2024-01-23 18:47:05', '2024-01-23 18:47:05'),
	(160, 2214004, 'IBRAHIM GADO', 'NANA MARIAMA', '2003-09-02', '2024-01-23 18:47:05', '2024-01-23 18:47:05'),
	(161, 2214005, 'IBRAHIM MAMAN GALADIMA', 'ABDOU RAZAK', '2002-02-22', '2024-01-23 18:47:05', '2024-01-23 18:47:05'),
	(162, 1206198, 'IRKHA', 'ZAKARIYA', '1993-03-20', '2024-01-23 18:47:05', '2024-01-23 18:47:05'),
	(163, 1408491, 'JABRI', 'AZEDDINE', '1963-04-13', '2024-01-23 18:47:05', '2024-01-23 18:47:05'),
	(164, 1106501, 'JEBBARI', 'AHMED', '1992-07-24', '2024-01-23 18:47:05', '2024-01-23 18:47:05'),
	(165, 1918800, 'KAMBOU AFFOUA  AUDREY', 'URSULA', '2000-12-10', '2024-01-23 18:47:05', '2024-01-23 18:47:05'),
	(166, 2103261, 'KASMI', 'SARA', '2003-06-21', '2024-01-23 18:47:05', '2024-01-23 18:47:05'),
	(167, 2218025, 'KHALYL', 'MOHAMMED', '1973-01-01', '2024-01-23 18:47:05', '2024-01-23 18:47:05'),
	(168, 2120756, 'KOLIE', 'YALAMON LABOUBO', '2001-08-06', '2024-01-23 18:47:05', '2024-01-23 18:47:05'),
	(169, 2009003, 'LAHMIDI', 'KARIMA', '2002-06-16', '2024-01-23 18:47:05', '2024-01-23 18:47:05'),
	(170, 2116656, 'LAMGHIT', 'HANANE', '1983-02-14', '2024-01-23 18:47:05', '2024-01-23 18:47:05'),
	(171, 2120785, 'MAHAMAT', 'MAHAMAT HASSAN', '2002-07-01', '2024-01-23 18:47:05', '2024-01-23 18:47:05'),
	(172, 1916886, 'MAHMOUDI', 'KHALIL', '2001-10-09', '2024-01-23 18:47:06', '2024-01-23 18:47:06'),
	(173, 1903069, 'MAKROUM', 'INES', '2001-04-25', '2024-01-23 18:47:06', '2024-01-23 18:47:06'),
	(174, 2120791, 'MANSARE', 'LAYE', '1996-03-12', '2024-01-23 18:47:06', '2024-01-23 18:47:06'),
	(175, 2016689, 'MAZARI', 'IMANE', '1988-09-14', '2024-01-23 18:47:06', '2024-01-23 18:47:06'),
	(176, 2009114, 'MEDREK', 'HAMZA', '2001-09-05', '2024-01-23 18:47:06', '2024-01-23 18:47:06'),
	(177, 2015840, 'MIDIAF', 'FATIMA', '1998-01-06', '2024-01-23 18:47:06', '2024-01-23 18:47:06'),
	(178, 2209044, 'MOKHTARI', 'MERYAM', '2004-11-11', '2024-01-23 18:47:06', '2024-01-23 18:47:06'),
	(179, 1915676, 'MOQRAN', 'HANAE', '1998-09-02', '2024-01-23 18:47:06', '2024-01-23 18:47:06'),
	(180, 2114881, 'MOQRAN', 'HANANE', '2003-06-05', '2024-01-23 18:47:06', '2024-01-23 18:47:06'),
	(181, 2115259, 'MRANI', 'CHARIFA', '2003-11-09', '2024-01-23 18:47:06', '2024-01-23 18:47:06'),
	(182, 1718125, 'NAASS', 'KHALID', '1969-12-07', '2024-01-23 18:47:06', '2024-01-23 18:47:06'),
	(183, 1407571, 'NEQROUZ', 'SAID', '1994-06-04', '2024-01-23 18:47:06', '2024-01-23 18:47:06'),
	(184, 2213148, 'NGUEMA MBUY', 'MARIA DE LOS A.M', '2002-07-20', '2024-01-23 18:47:06', '2024-01-23 18:47:06'),
	(185, 2213153, 'OBAMA NCHAMA', 'LEONARDO NGUEMA', '1998-06-30', '2024-01-23 18:47:06', '2024-01-23 18:47:06'),
	(186, 2117644, 'ONDO AVOMO', 'LUCIO FRANCISCO ONDO', '1998-02-08', '2024-01-23 18:47:06', '2024-01-23 18:47:06'),
	(187, 2208965, 'OUCHARIA', 'ABIR', '2004-10-10', '2024-01-23 18:47:06', '2024-01-23 18:47:06'),
	(188, 1918619, 'OULD SIDI MOHAMED', 'MOHAMED', '2003-06-07', '2024-01-23 18:47:06', '2024-01-23 18:47:06'),
	(189, 2103263, 'QASBAOUI', 'ZAKARIYAE', '2002-04-27', '2024-01-23 18:47:06', '2024-01-23 18:47:06'),
	(190, 2214472, 'RAFALIMANANA', 'WINNIE MARIELLA', '2003-10-09', '2024-01-23 18:47:06', '2024-01-23 18:47:06'),
	(191, 8003938, 'RAMDANI', 'MOURAD', '1986-06-10', '2024-01-23 18:47:06', '2024-01-23 18:47:06'),
	(192, 1803555, 'RAMMI', 'AMINA', '2000-11-07', '2024-01-23 18:47:06', '2024-01-23 18:47:06'),
	(193, 1409240, 'REDOINI', 'NAOUFAL', '1971-07-28', '2024-01-23 18:47:06', '2024-01-23 18:47:06'),
	(194, 2321974, 'ROUIBA', 'ABDELILAH', '1978-01-01', '2024-01-23 18:47:06', '2024-01-23 18:47:06'),
	(195, 9003876, 'SAFYOUN', 'ILIAS', '1990-01-01', '2024-01-23 18:47:06', '2024-01-23 18:47:06'),
	(196, 1918653, 'SAORE', 'GNAPI MICKAEL', '1994-12-27', '2024-01-23 18:47:07', '2024-01-23 18:47:07'),
	(197, 1620973, 'SBILI', 'SAID', '1966-11-28', '2024-01-23 18:47:07', '2024-01-23 18:47:07'),
	(198, 2208967, 'SHAISAH', 'AYA', '2004-11-17', '2024-01-23 18:47:07', '2024-01-23 18:47:07'),
	(199, 1817266, 'SOUILAH', 'NOURA', '1981-03-09', '2024-01-23 18:47:07', '2024-01-23 18:47:07'),
	(200, 1917771, 'SOUIRDI', 'KARIMA', '1995-04-12', '2024-01-23 18:47:07', '2024-01-23 18:47:07'),
	(201, 2213767, 'SOULEY HASSAN', 'OUZAIFATOU', '2002-11-22', '2024-01-23 18:47:07', '2024-01-23 18:47:07'),
	(202, 1609418, 'TABTI', 'FATMA  ZAHRA', '1998-01-14', '2024-01-23 18:47:07', '2024-01-23 18:47:07'),
	(203, 1707640, 'TOUACH', 'MOHAMED', '1999-12-22', '2024-01-23 18:47:07', '2024-01-23 18:47:07'),
	(204, 1808748, 'TOUIL', 'ABDELMOUNAIM', '1983-09-16', '2024-01-23 18:47:07', '2024-01-23 18:47:07'),
	(205, 2208513, 'YAHYAOUI', 'CHAYMAE', '2004-06-04', '2024-01-23 18:47:07', '2024-01-23 18:47:07'),
	(206, 8005831, 'YOUSFI', 'CHOUROUK', '1971-08-11', '2024-01-23 18:47:07', '2024-01-23 18:47:07'),
	(207, 1818198, 'ZAOUI', 'ABDENBI', '1951-01-01', '2024-01-23 18:47:07', '2024-01-23 18:47:07'),
	(208, 1101551, 'ZEKHNINI', 'MORAD', '1993-07-10', '2024-01-23 18:47:07', '2024-01-23 18:47:07'),
	(209, 2103266, 'ZIANI', 'AFAF', '2002-05-30', '2024-01-23 18:47:07', '2024-01-23 18:47:07'),
	(210, 2208464, 'ZOHEIR', 'LINA', '2005-02-26', '2024-01-23 18:47:07', '2024-01-23 18:47:07'),
	(212, 1111111, 'elabouye', 'achraf', '1998-12-20', '2024-02-06 23:47:12', '2024-02-06 23:47:12'),
	(214, 2209161, 'elabouye', 'abdnour', '2024-01-28', '2024-02-18 14:19:20', '2024-02-18 14:19:20'),
	(215, 2112350, 'AALLAOUI', 'AYMEN', '2002-07-10', '2024-03-04 07:54:08', '2024-03-04 07:54:08'),
	(216, 2100026, 'AALLAOUI', 'AYMEN', '2002-07-10', '2024-03-05 00:27:19', '2024-03-05 00:27:19');

-- Dumping structure for table etudentexam.etudiants_filieres
CREATE TABLE IF NOT EXISTS `etudiants_filieres` (
  `idEtudiant` bigint unsigned NOT NULL,
  `idFiliere` bigint unsigned NOT NULL,
  PRIMARY KEY (`idEtudiant`,`idFiliere`),
  KEY `etudiants_filieres_idfiliere_foreign` (`idFiliere`),
  CONSTRAINT `etudiants_filieres_idetudiant_foreign` FOREIGN KEY (`idEtudiant`) REFERENCES `etudiants` (`id`),
  CONSTRAINT `etudiants_filieres_idfiliere_foreign` FOREIGN KEY (`idFiliere`) REFERENCES `filieres` (`id`)
) ENGINE=InnoDB DEFAULT CHARSET=utf8mb4 COLLATE=utf8mb4_unicode_ci;

-- Dumping data for table etudentexam.etudiants_filieres: ~410 rows (approximately)
INSERT IGNORE INTO `etudiants_filieres` (`idEtudiant`, `idFiliere`) VALUES
	(1, 1),
	(2, 1),
	(3, 1),
	(4, 1),
	(5, 1),
	(6, 1),
	(7, 1),
	(8, 1),
	(9, 1),
	(10, 1),
	(11, 1),
	(12, 1),
	(13, 1),
	(14, 1),
	(15, 1),
	(16, 1),
	(17, 1),
	(18, 1),
	(19, 1),
	(20, 1),
	(21, 1),
	(22, 1),
	(23, 1),
	(24, 1),
	(25, 1),
	(26, 1),
	(27, 1),
	(28, 1),
	(29, 1),
	(30, 1),
	(31, 1),
	(32, 1),
	(33, 1),
	(34, 1),
	(35, 1),
	(36, 1),
	(37, 1),
	(38, 1),
	(39, 1),
	(40, 1),
	(41, 1),
	(42, 1),
	(43, 1),
	(44, 1),
	(45, 1),
	(46, 1),
	(47, 1),
	(48, 1),
	(49, 1),
	(50, 1),
	(51, 1),
	(52, 1),
	(53, 1),
	(54, 1),
	(55, 1),
	(56, 1),
	(57, 1),
	(58, 1),
	(59, 1),
	(60, 1),
	(61, 1),
	(62, 1),
	(63, 1),
	(64, 1),
	(65, 1),
	(66, 1),
	(67, 1),
	(68, 1),
	(69, 1),
	(70, 1),
	(71, 1),
	(72, 1),
	(73, 1),
	(74, 1),
	(75, 1),
	(76, 1),
	(77, 1),
	(78, 1),
	(79, 1),
	(80, 1),
	(81, 1),
	(82, 1),
	(83, 1),
	(84, 1),
	(85, 1),
	(86, 1),
	(87, 1),
	(88, 1),
	(89, 1),
	(90, 1),
	(91, 1),
	(92, 1),
	(93, 1),
	(94, 1),
	(95, 1),
	(96, 1),
	(97, 1),
	(98, 1),
	(99, 1),
	(100, 1),
	(101, 1),
	(102, 1),
	(103, 1),
	(104, 1),
	(105, 1),
	(106, 1),
	(107, 1),
	(108, 1),
	(109, 1),
	(110, 1),
	(111, 1),
	(112, 1),
	(113, 1),
	(114, 1),
	(115, 1),
	(116, 1),
	(117, 1),
	(118, 1),
	(119, 1),
	(120, 1),
	(121, 1),
	(122, 1),
	(123, 1),
	(124, 1),
	(125, 1),
	(126, 1),
	(127, 1),
	(128, 1),
	(129, 1),
	(130, 1),
	(131, 1),
	(132, 1),
	(133, 1),
	(134, 1),
	(135, 1),
	(136, 1),
	(137, 1),
	(138, 1),
	(139, 1),
	(140, 1),
	(141, 1),
	(142, 1),
	(143, 1),
	(144, 1),
	(145, 1),
	(146, 1),
	(147, 1),
	(148, 1),
	(149, 1),
	(150, 1),
	(151, 1),
	(152, 1),
	(153, 1),
	(154, 1),
	(155, 1),
	(156, 1),
	(157, 1),
	(158, 1),
	(159, 1),
	(160, 1),
	(161, 1),
	(162, 1),
	(163, 1),
	(164, 1),
	(165, 1),
	(166, 1),
	(167, 1),
	(168, 1),
	(169, 1),
	(170, 1),
	(171, 1),
	(172, 1),
	(173, 1),
	(174, 1),
	(175, 1),
	(176, 1),
	(177, 1),
	(178, 1),
	(179, 1),
	(180, 1),
	(181, 1),
	(182, 1),
	(183, 1),
	(184, 1),
	(185, 1),
	(186, 1),
	(187, 1),
	(188, 1),
	(189, 1),
	(190, 1),
	(191, 1),
	(192, 1),
	(193, 1),
	(194, 1),
	(195, 1),
	(196, 1),
	(197, 1),
	(198, 1),
	(199, 1),
	(200, 1),
	(201, 1),
	(202, 1),
	(203, 1),
	(204, 1),
	(205, 1),
	(206, 1),
	(207, 1),
	(208, 1),
	(209, 1),
	(210, 1),
	(212, 1),
	(214, 1),
	(215, 1),
	(216, 1),
	(1, 2),
	(2, 2),
	(3, 2),
	(1, 3),
	(2, 3),
	(4, 3),
	(5, 3),
	(6, 3),
	(8, 3),
	(9, 3),
	(10, 3),
	(11, 3),
	(12, 3),
	(13, 3),
	(14, 3),
	(15, 3),
	(16, 3),
	(17, 3),
	(20, 3),
	(21, 3),
	(22, 3),
	(23, 3),
	(24, 3),
	(25, 3),
	(26, 3),
	(27, 3),
	(28, 3),
	(29, 3),
	(30, 3),
	(31, 3),
	(32, 3),
	(33, 3),
	(34, 3),
	(35, 3),
	(36, 3),
	(39, 3),
	(40, 3),
	(41, 3),
	(42, 3),
	(43, 3),
	(44, 3),
	(45, 3),
	(46, 3),
	(47, 3),
	(48, 3),
	(49, 3),
	(50, 3),
	(51, 3),
	(52, 3),
	(53, 3),
	(54, 3),
	(55, 3),
	(56, 3),
	(58, 3),
	(59, 3),
	(60, 3),
	(61, 3),
	(62, 3),
	(63, 3),
	(64, 3),
	(66, 3),
	(67, 3),
	(68, 3),
	(70, 3),
	(71, 3),
	(72, 3),
	(73, 3),
	(74, 3),
	(75, 3),
	(76, 3),
	(77, 3),
	(78, 3),
	(79, 3),
	(80, 3),
	(81, 3),
	(82, 3),
	(83, 3),
	(84, 3),
	(85, 3),
	(86, 3),
	(87, 3),
	(88, 3),
	(89, 3),
	(91, 3),
	(92, 3),
	(95, 3),
	(96, 3),
	(97, 3),
	(99, 3),
	(101, 3),
	(102, 3),
	(103, 3),
	(105, 3),
	(106, 3),
	(107, 3),
	(108, 3),
	(109, 3),
	(110, 3),
	(111, 3),
	(112, 3),
	(113, 3),
	(114, 3),
	(115, 3),
	(116, 3),
	(117, 3),
	(118, 3),
	(119, 3),
	(120, 3),
	(121, 3),
	(122, 3),
	(123, 3),
	(124, 3),
	(125, 3),
	(126, 3),
	(127, 3),
	(128, 3),
	(129, 3),
	(130, 3),
	(131, 3),
	(132, 3),
	(133, 3),
	(134, 3),
	(135, 3),
	(136, 3),
	(137, 3),
	(138, 3),
	(139, 3),
	(140, 3),
	(141, 3),
	(142, 3),
	(143, 3),
	(144, 3),
	(145, 3),
	(146, 3),
	(147, 3),
	(148, 3),
	(149, 3),
	(150, 3),
	(151, 3),
	(152, 3),
	(153, 3),
	(154, 3),
	(155, 3),
	(156, 3),
	(157, 3),
	(158, 3),
	(159, 3),
	(160, 3),
	(161, 3),
	(162, 3),
	(163, 3),
	(164, 3),
	(165, 3),
	(166, 3),
	(167, 3),
	(168, 3),
	(169, 3),
	(170, 3),
	(171, 3),
	(172, 3),
	(173, 3),
	(174, 3),
	(175, 3),
	(176, 3),
	(177, 3),
	(178, 3),
	(179, 3),
	(180, 3),
	(181, 3),
	(182, 3),
	(183, 3),
	(184, 3),
	(185, 3),
	(186, 3),
	(187, 3),
	(188, 3),
	(189, 3),
	(190, 3),
	(191, 3),
	(192, 3),
	(193, 3),
	(194, 3),
	(195, 3),
	(196, 3),
	(197, 3),
	(198, 3),
	(199, 3),
	(200, 3),
	(201, 3),
	(202, 3),
	(203, 3),
	(204, 3),
	(205, 3),
	(206, 3),
	(207, 3),
	(208, 3),
	(209, 3),
	(210, 3);

-- Dumping structure for table etudentexam.failed_jobs
CREATE TABLE IF NOT EXISTS `failed_jobs` (
  `id` bigint unsigned NOT NULL AUTO_INCREMENT,
  `uuid` varchar(255) COLLATE utf8mb4_unicode_ci NOT NULL,
  `connection` text COLLATE utf8mb4_unicode_ci NOT NULL,
  `queue` text COLLATE utf8mb4_unicode_ci NOT NULL,
  `payload` longtext COLLATE utf8mb4_unicode_ci NOT NULL,
  `exception` longtext COLLATE utf8mb4_unicode_ci NOT NULL,
  `failed_at` timestamp NOT NULL DEFAULT CURRENT_TIMESTAMP,
  PRIMARY KEY (`id`),
  UNIQUE KEY `failed_jobs_uuid_unique` (`uuid`)
) ENGINE=InnoDB DEFAULT CHARSET=utf8mb4 COLLATE=utf8mb4_unicode_ci;

-- Dumping data for table etudentexam.failed_jobs: ~0 rows (approximately)

-- Dumping structure for table etudentexam.filieres
CREATE TABLE IF NOT EXISTS `filieres` (
  `id` bigint unsigned NOT NULL AUTO_INCREMENT,
  `CodeFiliere` varchar(255) COLLATE utf8mb4_unicode_ci NOT NULL,
  `NomFiliere` varchar(255) COLLATE utf8mb4_unicode_ci NOT NULL,
  `Parcours` varchar(255) COLLATE utf8mb4_unicode_ci DEFAULT NULL,
  `created_at` timestamp NULL DEFAULT NULL,
  `updated_at` timestamp NULL DEFAULT NULL,
  PRIMARY KEY (`id`),
  UNIQUE KEY `filieres_codefiliere_unique` (`CodeFiliere`)
) ENGINE=InnoDB AUTO_INCREMENT=25 DEFAULT CHARSET=utf8mb4 COLLATE=utf8mb4_unicode_ci;

-- Dumping data for table etudentexam.filieres: ~24 rows (approximately)
INSERT IGNORE INTO `filieres` (`id`, `CodeFiliere`, `NomFiliere`, `Parcours`, `created_at`, `updated_at`) VALUES
	(1, 'FDS1', 'DROIT EN FRACAIS', '', '2024-03-03 02:05:34', '2024-03-03 02:05:34'),
	(2, 'FDS2', 'DROIT EN FRACAIS', '', '2024-01-23 16:28:37', '2024-01-23 16:28:37'),
	(3, 'FDS3', 'DROIT EN FRACAIS', '', '2024-01-23 16:28:37', '2024-01-23 16:28:37'),
	(4, 'FDS4', 'DROIT EN FRACAIS', '', '2024-01-23 16:28:37', '2024-01-23 16:28:37'),
	(5, 'FDVS5', 'DROIT EN FRACAIS', 'Droit Priv', '2024-01-23 16:28:37', '2024-01-23 16:28:37'),
	(6, 'FDPS5', 'DROIT EN FRACAIS', 'Droit Public', '2024-01-23 16:28:38', '2024-01-23 16:28:38'),
	(7, 'FDVS6', 'DROIT EN FRACAIS', 'Droit Priv', '2024-01-23 16:28:38', '2024-01-23 16:28:38'),
	(8, 'FDPS6', 'DROIT EN FRACAIS', 'Droit Public', '2024-01-23 16:28:38', '2024-01-23 16:28:38'),
	(9, 'ADS1', '  ', '', '2024-01-23 16:28:38', '2024-01-23 16:28:38'),
	(10, 'ADS2', '  ', '', '2024-01-23 16:28:38', '2024-01-23 16:28:38'),
	(11, 'ADS3', '  ', '', '2024-01-23 16:28:38', '2024-01-23 16:28:38'),
	(12, 'ADS4', '  ', '', '2024-01-23 16:28:38', '2024-01-23 16:28:38'),
	(13, 'ADVS5', '  ', '', '2024-01-23 16:28:38', '2024-01-23 16:28:38'),
	(14, 'PDAS5', '  ', '', '2024-01-23 16:28:38', '2024-01-23 16:28:38'),
	(15, 'ADVS6', '  ', '', '2024-01-23 16:28:38', '2024-01-23 16:28:38'),
	(16, 'PDAS6', '  ', '', '2024-01-23 16:28:38', '2024-01-23 16:28:38'),
	(17, 'EEGS1', 'Sciences conomiques et gestion', '', '2024-01-23 16:28:38', '2024-01-23 16:28:38'),
	(18, 'EEGS2', 'Sciences conomiques et gestion', '', '2024-01-23 16:28:38', '2024-01-23 16:28:38'),
	(19, 'EEGS3', 'Sciences conomiques et gestion', '', '2024-01-23 16:28:38', '2024-01-23 16:28:38'),
	(20, 'EEGS4', 'Sciences conomiques et gestion', '', '2024-01-23 16:28:39', '2024-01-23 16:28:39'),
	(21, 'GES5', 'Sciences conomiques et gestion', 'Gestion', '2024-01-23 16:28:39', '2024-01-23 16:28:39'),
	(22, 'EEGS5', 'Sciences conomiques et gestion', 'Economie et Gestion', '2024-01-23 16:28:39', '2024-01-23 16:28:39'),
	(23, 'GES6', 'Sciences conomiques et gestion', 'Gestion', '2024-01-23 16:28:39', '2024-01-23 16:28:39'),
	(24, 'EEGS6', 'Sciences conomiques et gestion', 'Economie et Gestion', '2024-01-23 16:28:39', '2024-01-23 16:28:39');

-- Dumping structure for table etudentexam.groupes
CREATE TABLE IF NOT EXISTS `groupes` (
  `id` bigint unsigned NOT NULL AUTO_INCREMENT,
  `nomGroupe` varchar(10) COLLATE utf8mb4_unicode_ci NOT NULL,
  `Semester` varchar(5) COLLATE utf8mb4_unicode_ci NOT NULL,
  `AnneeUniversitaire` varchar(10) COLLATE utf8mb4_unicode_ci NOT NULL,
  `idSESSION` bigint unsigned NOT NULL,
  `created_at` timestamp NULL DEFAULT NULL,
  `updated_at` timestamp NULL DEFAULT NULL,
  PRIMARY KEY (`id`),
  UNIQUE KEY `groupes_anneeuniversitaire_nomgroupe_semester_idsession_unique` (`AnneeUniversitaire`,`nomGroupe`,`Semester`,`idSESSION`),
  KEY `groupes_idsession_foreign` (`idSESSION`),
  CONSTRAINT `groupes_idsession_foreign` FOREIGN KEY (`idSESSION`) REFERENCES `calendrier_sessions` (`id`)
) ENGINE=InnoDB AUTO_INCREMENT=11 DEFAULT CHARSET=utf8mb4 COLLATE=utf8mb4_unicode_ci;

-- Dumping data for table etudentexam.groupes: ~9 rows (approximately)
INSERT IGNORE INTO `groupes` (`id`, `nomGroupe`, `Semester`, `AnneeUniversitaire`, `idSESSION`, `created_at`, `updated_at`) VALUES
	(1, '0', 'S1', '2023-2024', 1, '2024-01-23 17:47:36', '2024-01-23 17:47:36'),
	(2, '0', 'S3', '2023-2024', 1, '2024-01-23 18:47:02', '2024-01-23 18:47:02'),
	(3, '0', 'S2', '2023-2024', 3, '2024-01-24 21:42:41', '2024-01-24 21:42:41'),
	(5, '0', 'S1', '2023-2024', 2, '2024-02-10 09:32:56', '2024-02-10 09:32:56'),
	(6, '0', 'S3', '2023-2024', 2, '2024-02-15 08:23:06', '2024-02-15 08:23:06'),
	(7, '5', 'S1', '2023-2024', 2, '2024-02-18 14:19:20', '2024-02-18 14:19:20'),
	(8, '7', 'S1', '2023-2024', 2, '2024-02-18 14:23:28', '2024-02-18 14:23:28'),
	(9, '6', 'S3', '2023-2024', 2, '2024-02-19 09:32:00', '2024-02-19 09:32:00'),
	(10, '2', 'S3', '2023-2024', 1, '2024-03-04 08:09:10', '2024-03-04 08:09:10');

-- Dumping structure for table etudentexam.groupe_etudiant
CREATE TABLE IF NOT EXISTS `groupe_etudiant` (
  `idEtudiant` bigint unsigned NOT NULL,
  `idGroupe` bigint unsigned NOT NULL,
  PRIMARY KEY (`idEtudiant`,`idGroupe`),
  KEY `groupe_etudiant_idgroupe_foreign` (`idGroupe`),
  CONSTRAINT `groupe_etudiant_idetudiant_foreign` FOREIGN KEY (`idEtudiant`) REFERENCES `etudiants` (`id`),
  CONSTRAINT `groupe_etudiant_idgroupe_foreign` FOREIGN KEY (`idGroupe`) REFERENCES `groupes` (`id`)
) ENGINE=InnoDB DEFAULT CHARSET=utf8mb4 COLLATE=utf8mb4_unicode_ci;

-- Dumping data for table etudentexam.groupe_etudiant: ~412 rows (approximately)
INSERT IGNORE INTO `groupe_etudiant` (`idEtudiant`, `idGroupe`) VALUES
	(1, 1),
	(2, 1),
	(3, 1),
	(4, 1),
	(5, 1),
	(6, 1),
	(7, 1),
	(8, 1),
	(9, 1),
	(10, 1),
	(11, 1),
	(12, 1),
	(13, 1),
	(14, 1),
	(15, 1),
	(16, 1),
	(17, 1),
	(18, 1),
	(19, 1),
	(20, 1),
	(21, 1),
	(22, 1),
	(23, 1),
	(24, 1),
	(25, 1),
	(26, 1),
	(27, 1),
	(28, 1),
	(29, 1),
	(30, 1),
	(31, 1),
	(32, 1),
	(33, 1),
	(34, 1),
	(35, 1),
	(36, 1),
	(37, 1),
	(38, 1),
	(39, 1),
	(40, 1),
	(41, 1),
	(42, 1),
	(43, 1),
	(44, 1),
	(45, 1),
	(46, 1),
	(47, 1),
	(48, 1),
	(49, 1),
	(50, 1),
	(51, 1),
	(52, 1),
	(53, 1),
	(54, 1),
	(55, 1),
	(56, 1),
	(57, 1),
	(58, 1),
	(59, 1),
	(60, 1),
	(61, 1),
	(62, 1),
	(63, 1),
	(64, 1),
	(65, 1),
	(66, 1),
	(67, 1),
	(68, 1),
	(69, 1),
	(70, 1),
	(71, 1),
	(72, 1),
	(73, 1),
	(74, 1),
	(75, 1),
	(76, 1),
	(77, 1),
	(78, 1),
	(79, 1),
	(80, 1),
	(81, 1),
	(82, 1),
	(83, 1),
	(84, 1),
	(85, 1),
	(86, 1),
	(87, 1),
	(88, 1),
	(89, 1),
	(90, 1),
	(91, 1),
	(92, 1),
	(93, 1),
	(94, 1),
	(95, 1),
	(96, 1),
	(97, 1),
	(98, 1),
	(99, 1),
	(100, 1),
	(101, 1),
	(102, 1),
	(103, 1),
	(104, 1),
	(105, 1),
	(106, 1),
	(107, 1),
	(108, 1),
	(109, 1),
	(110, 1),
	(111, 1),
	(112, 1),
	(113, 1),
	(114, 1),
	(115, 1),
	(116, 1),
	(117, 1),
	(118, 1),
	(119, 1),
	(120, 1),
	(121, 1),
	(122, 1),
	(123, 1),
	(124, 1),
	(125, 1),
	(126, 1),
	(127, 1),
	(128, 1),
	(129, 1),
	(130, 1),
	(131, 1),
	(132, 1),
	(133, 1),
	(134, 1),
	(135, 1),
	(136, 1),
	(137, 1),
	(138, 1),
	(139, 1),
	(140, 1),
	(141, 1),
	(142, 1),
	(143, 1),
	(144, 1),
	(145, 1),
	(146, 1),
	(147, 1),
	(148, 1),
	(149, 1),
	(150, 1),
	(151, 1),
	(152, 1),
	(153, 1),
	(154, 1),
	(155, 1),
	(156, 1),
	(157, 1),
	(158, 1),
	(159, 1),
	(160, 1),
	(161, 1),
	(162, 1),
	(163, 1),
	(164, 1),
	(165, 1),
	(166, 1),
	(167, 1),
	(168, 1),
	(169, 1),
	(170, 1),
	(171, 1),
	(172, 1),
	(173, 1),
	(174, 1),
	(175, 1),
	(176, 1),
	(177, 1),
	(178, 1),
	(179, 1),
	(180, 1),
	(181, 1),
	(182, 1),
	(183, 1),
	(184, 1),
	(185, 1),
	(186, 1),
	(187, 1),
	(188, 1),
	(189, 1),
	(190, 1),
	(191, 1),
	(192, 1),
	(193, 1),
	(194, 1),
	(195, 1),
	(196, 1),
	(197, 1),
	(198, 1),
	(199, 1),
	(200, 1),
	(201, 1),
	(202, 1),
	(203, 1),
	(204, 1),
	(205, 1),
	(206, 1),
	(207, 1),
	(208, 1),
	(209, 1),
	(210, 1),
	(212, 1),
	(214, 1),
	(215, 1),
	(216, 1),
	(1, 2),
	(2, 2),
	(3, 2),
	(4, 2),
	(5, 2),
	(6, 2),
	(8, 2),
	(9, 2),
	(10, 2),
	(11, 2),
	(12, 2),
	(13, 2),
	(14, 2),
	(15, 2),
	(16, 2),
	(17, 2),
	(20, 2),
	(21, 2),
	(22, 2),
	(23, 2),
	(24, 2),
	(25, 2),
	(26, 2),
	(27, 2),
	(28, 2),
	(29, 2),
	(30, 2),
	(31, 2),
	(32, 2),
	(33, 2),
	(34, 2),
	(35, 2),
	(36, 2),
	(39, 2),
	(40, 2),
	(41, 2),
	(42, 2),
	(43, 2),
	(44, 2),
	(45, 2),
	(46, 2),
	(47, 2),
	(48, 2),
	(49, 2),
	(50, 2),
	(51, 2),
	(52, 2),
	(53, 2),
	(54, 2),
	(55, 2),
	(56, 2),
	(58, 2),
	(59, 2),
	(60, 2),
	(61, 2),
	(62, 2),
	(63, 2),
	(64, 2),
	(66, 2),
	(67, 2),
	(68, 2),
	(70, 2),
	(71, 2),
	(72, 2),
	(73, 2),
	(74, 2),
	(75, 2),
	(76, 2),
	(77, 2),
	(78, 2),
	(79, 2),
	(80, 2),
	(81, 2),
	(82, 2),
	(83, 2),
	(84, 2),
	(85, 2),
	(86, 2),
	(87, 2),
	(88, 2),
	(89, 2),
	(91, 2),
	(92, 2),
	(95, 2),
	(96, 2),
	(97, 2),
	(99, 2),
	(101, 2),
	(102, 2),
	(103, 2),
	(105, 2),
	(106, 2),
	(107, 2),
	(108, 2),
	(109, 2),
	(110, 2),
	(111, 2),
	(112, 2),
	(113, 2),
	(114, 2),
	(115, 2),
	(116, 2),
	(117, 2),
	(118, 2),
	(119, 2),
	(120, 2),
	(121, 2),
	(122, 2),
	(123, 2),
	(124, 2),
	(125, 2),
	(126, 2),
	(127, 2),
	(128, 2),
	(129, 2),
	(130, 2),
	(131, 2),
	(132, 2),
	(133, 2),
	(134, 2),
	(135, 2),
	(136, 2),
	(137, 2),
	(138, 2),
	(139, 2),
	(140, 2),
	(141, 2),
	(142, 2),
	(143, 2),
	(144, 2),
	(145, 2),
	(146, 2),
	(147, 2),
	(148, 2),
	(149, 2),
	(150, 2),
	(151, 2),
	(152, 2),
	(153, 2),
	(154, 2),
	(155, 2),
	(156, 2),
	(157, 2),
	(158, 2),
	(159, 2),
	(160, 2),
	(161, 2),
	(162, 2),
	(163, 2),
	(164, 2),
	(165, 2),
	(166, 2),
	(167, 2),
	(168, 2),
	(169, 2),
	(170, 2),
	(171, 2),
	(172, 2),
	(173, 2),
	(174, 2),
	(175, 2),
	(176, 2),
	(177, 2),
	(178, 2),
	(179, 2),
	(180, 2),
	(181, 2),
	(182, 2),
	(183, 2),
	(184, 2),
	(185, 2),
	(186, 2),
	(187, 2),
	(188, 2),
	(189, 2),
	(190, 2),
	(191, 2),
	(192, 2),
	(193, 2),
	(194, 2),
	(195, 2),
	(196, 2),
	(197, 2),
	(198, 2),
	(199, 2),
	(200, 2),
	(201, 2),
	(202, 2),
	(203, 2),
	(204, 2),
	(205, 2),
	(206, 2),
	(207, 2),
	(208, 2),
	(209, 2),
	(210, 2),
	(1, 5),
	(23, 6),
	(104, 9),
	(174, 9),
	(1, 10);

-- Dumping structure for table etudentexam.info_exames
CREATE TABLE IF NOT EXISTS `info_exames` (
  `id` bigint unsigned NOT NULL AUTO_INCREMENT,
  `NumeroExamen` int DEFAULT NULL,
  `Semester` varchar(5) COLLATE utf8mb4_unicode_ci NOT NULL,
  `AnneeUniversitaire` varchar(10) COLLATE utf8mb4_unicode_ci NOT NULL,
  `Lieu` varchar(255) CHARACTER SET utf8mb4 COLLATE utf8mb4_unicode_ci DEFAULT NULL,
  `idEtudiant` bigint unsigned NOT NULL,
  `idGroupe` bigint unsigned DEFAULT NULL,
  `created_at` timestamp NULL DEFAULT NULL,
  `updated_at` timestamp NULL DEFAULT NULL,
  `idSession` bigint unsigned NOT NULL,
  PRIMARY KEY (`id`),
  KEY `info_exames_idetudiant_foreign` (`idEtudiant`),
  KEY `info_exames_idgroupe_foreign` (`idGroupe`),
  KEY `info_exames_idsession_foreign` (`idSession`),
  CONSTRAINT `info_exames_idetudiant_foreign` FOREIGN KEY (`idEtudiant`) REFERENCES `etudiants` (`id`),
  CONSTRAINT `info_exames_idgroupe_foreign` FOREIGN KEY (`idGroupe`) REFERENCES `groupes` (`id`),
  CONSTRAINT `info_exames_idsession_foreign` FOREIGN KEY (`idSession`) REFERENCES `calendrier_sessions` (`id`)
) ENGINE=InnoDB AUTO_INCREMENT=716 DEFAULT CHARSET=utf8mb4 COLLATE=utf8mb4_unicode_ci;

-- Dumping data for table etudentexam.info_exames: ~304 rows (approximately)
INSERT IGNORE INTO `info_exames` (`id`, `NumeroExamen`, `Semester`, `AnneeUniversitaire`, `Lieu`, `idEtudiant`, `idGroupe`, `created_at`, `updated_at`, `idSession`) VALUES
	(1, 1, 'S1', '2023-2024', 'Salle 5', 1, 1, '2024-01-23 18:35:11', '2024-01-23 18:35:11', 1),
	(2, 2, 'S1', '2023-2024', 'Salle 5', 2, 1, '2024-01-23 18:35:11', '2024-01-23 18:35:11', 1),
	(3, 3, 'S1', '2023-2024', 'Salle 5', 3, 1, '2024-01-23 18:35:11', '2024-01-23 18:35:11', 1),
	(4, 4, 'S1', '2023-2024', 'Salle 5', 4, 1, '2024-01-23 18:35:11', '2024-01-23 18:35:11', 1),
	(5, 5, 'S1', '2023-2024', 'Salle 5', 5, 1, '2024-01-23 18:35:11', '2024-01-23 18:35:11', 1),
	(6, 6, 'S1', '2023-2024', 'Salle 5', 6, 1, '2024-01-23 18:35:11', '2024-01-23 18:35:11', 1),
	(7, 7, 'S1', '2023-2024', 'Salle 5', 7, 1, '2024-01-23 18:35:11', '2024-01-23 18:35:11', 1),
	(8, 8, 'S1', '2023-2024', 'Salle 5', 8, 1, '2024-01-23 18:35:11', '2024-01-23 18:35:11', 1),
	(9, 9, 'S1', '2023-2024', 'Salle 5', 9, 1, '2024-01-23 18:35:11', '2024-01-23 18:35:11', 1),
	(10, 10, 'S1', '2023-2024', 'Salle 5', 10, 1, '2024-01-23 18:35:11', '2024-01-23 18:35:11', 1),
	(11, 11, 'S1', '2023-2024', 'Salle 5', 11, 1, '2024-01-23 18:35:11', '2024-01-23 18:35:11', 1),
	(12, 12, 'S1', '2023-2024', 'Salle 5', 12, 1, '2024-01-23 18:35:11', '2024-01-23 18:35:11', 1),
	(13, 13, 'S1', '2023-2024', 'Salle 5', 13, 1, '2024-01-23 18:35:11', '2024-01-23 18:35:11', 1),
	(14, 14, 'S1', '2023-2024', 'Salle 5', 14, 1, '2024-01-23 18:35:11', '2024-01-23 18:35:11', 1),
	(15, 15, 'S1', '2023-2024', 'Salle 5', 15, 1, '2024-01-23 18:35:11', '2024-01-23 18:35:11', 1),
	(16, 16, 'S1', '2023-2024', 'Salle 5', 16, 1, '2024-01-23 18:35:11', '2024-01-23 18:35:11', 1),
	(17, 17, 'S1', '2023-2024', 'Salle 5', 17, 1, '2024-01-23 18:35:11', '2024-01-23 18:35:11', 1),
	(18, 18, 'S1', '2023-2024', 'Salle 5', 18, 1, '2024-01-23 18:35:11', '2024-01-23 18:35:11', 1),
	(19, 19, 'S1', '2023-2024', 'Salle 5', 19, 1, '2024-01-23 18:35:11', '2024-01-23 18:35:11', 1),
	(20, 20, 'S1', '2023-2024', 'Salle 5', 20, 1, '2024-01-23 18:35:11', '2024-01-23 18:35:11', 1),
	(21, 21, 'S1', '2023-2024', 'Salle 5', 21, 1, '2024-01-23 18:35:11', '2024-01-23 18:35:11', 1),
	(22, 22, 'S1', '2023-2024', 'Salle 5', 22, 1, '2024-01-23 18:35:12', '2024-01-23 18:35:12', 1),
	(23, 23, 'S1', '2023-2024', 'Salle 5', 23, 1, '2024-01-23 18:35:12', '2024-01-23 18:35:12', 1),
	(24, 24, 'S1', '2023-2024', 'Salle 5', 24, 1, '2024-01-23 18:35:12', '2024-01-23 18:35:12', 1),
	(25, 25, 'S1', '2023-2024', 'Salle 5', 25, 1, '2024-01-23 18:35:12', '2024-01-23 18:35:12', 1),
	(26, 26, 'S1', '2023-2024', 'Salle 5', 26, 1, '2024-01-23 18:35:12', '2024-01-23 18:35:12', 1),
	(27, 27, 'S1', '2023-2024', 'Salle 5', 27, 1, '2024-01-23 18:35:12', '2024-01-23 18:35:12', 1),
	(28, 28, 'S1', '2023-2024', 'Salle 5', 28, 1, '2024-01-23 18:35:12', '2024-01-23 18:35:12', 1),
	(29, 29, 'S1', '2023-2024', 'Salle 5', 29, 1, '2024-01-23 18:35:12', '2024-01-23 18:35:12', 1),
	(30, 30, 'S1', '2023-2024', 'Salle 5', 30, 1, '2024-01-23 18:35:12', '2024-01-23 18:35:12', 1),
	(31, 31, 'S1', '2023-2024', 'Salle 5', 31, 1, '2024-01-23 18:35:12', '2024-01-23 18:35:12', 1),
	(32, 32, 'S1', '2023-2024', 'Salle 5', 32, 1, '2024-01-23 18:35:12', '2024-01-23 18:35:12', 1),
	(33, 33, 'S1', '2023-2024', 'Salle 5', 33, 1, '2024-01-23 18:35:12', '2024-01-23 18:35:12', 1),
	(34, 34, 'S1', '2023-2024', 'Salle 5', 34, 1, '2024-01-23 18:35:12', '2024-01-23 18:35:12', 1),
	(35, 35, 'S1', '2023-2024', 'Salle 5', 35, 1, '2024-01-23 18:35:12', '2024-01-23 18:35:12', 1),
	(36, 36, 'S1', '2023-2024', 'Salle 5', 36, 1, '2024-01-23 18:35:12', '2024-01-23 18:35:12', 1),
	(37, 37, 'S1', '2023-2024', 'Salle 5', 37, 1, '2024-01-23 18:35:12', '2024-01-23 18:35:12', 1),
	(38, 38, 'S1', '2023-2024', 'Salle 5', 38, 1, '2024-01-23 18:35:12', '2024-01-23 18:35:12', 1),
	(39, 39, 'S1', '2023-2024', 'Salle 5', 39, 1, '2024-01-23 18:35:12', '2024-01-23 18:35:12', 1),
	(40, 40, 'S1', '2023-2024', 'Salle 5', 40, 1, '2024-01-23 18:35:12', '2024-01-23 18:35:12', 1),
	(41, 41, 'S1', '2023-2024', 'Salle 5', 41, 1, '2024-01-23 18:35:12', '2024-01-23 18:35:12', 1),
	(42, 42, 'S1', '2023-2024', 'Salle 5', 42, 1, '2024-01-23 18:35:12', '2024-01-23 18:35:12', 1),
	(43, 43, 'S1', '2023-2024', 'Salle 5', 43, 1, '2024-01-23 18:35:12', '2024-01-23 18:35:12', 1),
	(44, 44, 'S1', '2023-2024', 'Salle 5', 44, 1, '2024-01-23 18:35:12', '2024-01-23 18:35:12', 1),
	(45, 45, 'S1', '2023-2024', 'Salle 5', 45, 1, '2024-01-23 18:35:12', '2024-01-23 18:35:12', 1),
	(46, 46, 'S1', '2023-2024', 'Salle 5', 46, 1, '2024-01-23 18:35:12', '2024-01-23 18:35:12', 1),
	(47, 47, 'S1', '2023-2024', 'Salle 5', 47, 1, '2024-01-23 18:35:12', '2024-01-23 18:35:12', 1),
	(48, 48, 'S1', '2023-2024', 'Salle 5', 48, 1, '2024-01-23 18:35:12', '2024-01-23 18:35:12', 1),
	(49, 49, 'S1', '2023-2024', 'Salle 5', 49, 1, '2024-01-23 18:35:12', '2024-01-23 18:35:12', 1),
	(50, 50, 'S1', '2023-2024', 'Salle 5', 50, 1, '2024-01-23 18:35:12', '2024-01-23 18:35:12', 1),
	(51, 51, 'S1', '2023-2024', 'Salle 5', 51, 1, '2024-01-23 18:35:12', '2024-01-23 18:35:12', 1),
	(52, 52, 'S1', '2023-2024', 'Salle 5', 52, 1, '2024-01-23 18:35:12', '2024-01-23 18:35:12', 1),
	(53, 53, 'S1', '2023-2024', 'Salle 5', 53, 1, '2024-01-23 18:35:12', '2024-01-23 18:35:12', 1),
	(54, 54, 'S1', '2023-2024', 'Salle 5', 54, 1, '2024-01-23 18:35:12', '2024-01-23 18:35:12', 1),
	(55, 55, 'S1', '2023-2024', 'Salle 5', 55, 1, '2024-01-23 18:35:12', '2024-01-23 18:35:12', 1),
	(56, 56, 'S1', '2023-2024', 'Salle 5', 56, 1, '2024-01-23 18:35:12', '2024-01-23 18:35:12', 1),
	(57, 57, 'S1', '2023-2024', 'Salle 5', 57, 1, '2024-01-23 18:35:12', '2024-01-23 18:35:12', 1),
	(58, 58, 'S1', '2023-2024', 'Salle 5', 58, 1, '2024-01-23 18:35:12', '2024-01-23 18:35:12', 1),
	(59, 59, 'S1', '2023-2024', 'Salle 5', 59, 1, '2024-01-23 18:35:12', '2024-01-23 18:35:12', 1),
	(60, 60, 'S1', '2023-2024', 'Salle 5', 60, 1, '2024-01-23 18:35:12', '2024-01-23 18:35:12', 1),
	(61, 61, 'S1', '2023-2024', 'Salle 5', 61, 1, '2024-01-23 18:35:12', '2024-01-23 18:35:12', 1),
	(62, 62, 'S1', '2023-2024', 'Salle 5', 62, 1, '2024-01-23 18:35:12', '2024-01-23 18:35:12', 1),
	(63, 63, 'S1', '2023-2024', 'Salle 5', 63, 1, '2024-01-23 18:35:12', '2024-01-23 18:35:12', 1),
	(64, 64, 'S1', '2023-2024', 'Salle 5', 64, 1, '2024-01-23 18:35:12', '2024-01-23 18:35:12', 1),
	(65, 65, 'S1', '2023-2024', 'Salle 5', 65, 1, '2024-01-23 18:35:12', '2024-01-23 18:35:12', 1),
	(66, 66, 'S1', '2023-2024', 'Salle 5', 66, 1, '2024-01-23 18:35:12', '2024-01-23 18:35:12', 1),
	(67, 67, 'S1', '2023-2024', 'Salle 5', 67, 1, '2024-01-23 18:35:12', '2024-01-23 18:35:12', 1),
	(68, 68, 'S1', '2023-2024', 'Salle 5', 68, 1, '2024-01-23 18:35:12', '2024-01-23 18:35:12', 1),
	(69, 69, 'S1', '2023-2024', 'Salle 5', 69, 1, '2024-01-23 18:35:12', '2024-01-23 18:35:12', 1),
	(70, 70, 'S1', '2023-2024', 'Salle 5', 70, 1, '2024-01-23 18:35:12', '2024-01-23 18:35:12', 1),
	(71, 71, 'S1', '2023-2024', 'Salle 5', 71, 1, '2024-01-23 18:35:12', '2024-01-23 18:35:12', 1),
	(72, 72, 'S1', '2023-2024', 'Salle 5', 72, 1, '2024-01-23 18:35:12', '2024-01-23 18:35:12', 1),
	(73, 73, 'S1', '2023-2024', 'Salle 5', 73, 1, '2024-01-23 18:35:12', '2024-01-23 18:35:12', 1),
	(74, 74, 'S1', '2023-2024', 'Salle 5', 74, 1, '2024-01-23 18:35:12', '2024-01-23 18:35:12', 1),
	(75, 75, 'S1', '2023-2024', 'Salle 5', 75, 1, '2024-01-23 18:35:12', '2024-01-23 18:35:12', 1),
	(76, 76, 'S1', '2023-2024', 'Salle 5', 76, 1, '2024-01-23 18:35:12', '2024-01-23 18:35:12', 1),
	(77, 77, 'S1', '2023-2024', 'Salle 5', 77, 1, '2024-01-23 18:35:12', '2024-01-23 18:35:12', 1),
	(78, 78, 'S1', '2023-2024', 'Salle 5', 78, 1, '2024-01-23 18:35:12', '2024-01-23 18:35:12', 1),
	(79, 79, 'S1', '2023-2024', 'Salle 5', 79, 1, '2024-01-23 18:35:12', '2024-01-23 18:35:12', 1),
	(80, 80, 'S1', '2023-2024', 'Salle 5', 80, 1, '2024-01-23 18:35:12', '2024-01-23 18:35:12', 1),
	(81, 81, 'S1', '2023-2024', 'Salle 5', 81, 1, '2024-01-23 18:35:12', '2024-01-23 18:35:12', 1),
	(82, 82, 'S1', '2023-2024', 'Salle 5', 82, 1, '2024-01-23 18:35:12', '2024-01-23 18:35:12', 1),
	(83, 83, 'S1', '2023-2024', 'Salle 5', 83, 1, '2024-01-23 18:35:12', '2024-01-23 18:35:12', 1),
	(84, 84, 'S1', '2023-2024', 'Salle 5', 84, 1, '2024-01-23 18:35:12', '2024-01-23 18:35:12', 1),
	(85, 85, 'S1', '2023-2024', 'Salle 5', 85, 1, '2024-01-23 18:35:12', '2024-01-23 18:35:12', 1),
	(86, 86, 'S1', '2023-2024', 'Salle 5', 86, 1, '2024-01-23 18:35:12', '2024-01-23 18:35:12', 1),
	(87, 87, 'S1', '2023-2024', 'Salle 5', 87, 1, '2024-01-23 18:35:12', '2024-01-23 18:35:12', 1),
	(88, 88, 'S1', '2023-2024', 'Salle 5', 88, 1, '2024-01-23 18:35:12', '2024-01-23 18:35:12', 1),
	(89, 89, 'S1', '2023-2024', 'Salle 5', 89, 1, '2024-01-23 18:35:12', '2024-01-23 18:35:12', 1),
	(90, 90, 'S1', '2023-2024', 'Salle 5', 90, 1, '2024-01-23 18:35:12', '2024-01-23 18:35:12', 1),
	(91, 91, 'S1', '2023-2024', 'Salle 5', 91, 1, '2024-01-23 18:35:12', '2024-01-23 18:35:12', 1),
	(92, 92, 'S1', '2023-2024', 'Salle 5', 92, 1, '2024-01-23 18:35:13', '2024-01-23 18:35:13', 1),
	(93, 93, 'S1', '2023-2024', 'Salle 5', 93, 1, '2024-01-23 18:35:13', '2024-01-23 18:35:13', 1),
	(94, 94, 'S1', '2023-2024', 'Salle 5', 94, 1, '2024-01-23 18:35:13', '2024-01-23 18:35:13', 1),
	(95, 95, 'S1', '2023-2024', 'Salle 5', 95, 1, '2024-01-23 18:35:13', '2024-01-23 18:35:13', 1),
	(96, 96, 'S1', '2023-2024', 'Salle 5', 96, 1, '2024-01-23 18:35:13', '2024-01-23 18:35:13', 1),
	(97, 97, 'S1', '2023-2024', 'Salle 5', 97, 1, '2024-01-23 18:35:13', '2024-01-23 18:35:13', 1),
	(98, 98, 'S1', '2023-2024', 'Salle 5', 98, 1, '2024-01-23 18:35:13', '2024-01-23 18:35:13', 1),
	(99, 99, 'S1', '2023-2024', 'Salle 5', 99, 1, '2024-01-23 18:35:13', '2024-01-23 18:35:13', 1),
	(100, 100, 'S1', '2023-2024', 'Salle 5', 100, 1, '2024-01-23 18:35:13', '2024-01-23 18:35:13', 1),
	(101, 101, 'S1', '2023-2024', 'Salle 5', 101, 1, '2024-01-23 18:35:13', '2024-01-23 18:35:13', 1),
	(102, 102, 'S1', '2023-2024', 'Salle 5', 102, 1, '2024-01-23 18:35:13', '2024-01-23 18:35:13', 1),
	(103, 103, 'S1', '2023-2024', 'Salle 5', 103, 1, '2024-01-23 18:35:13', '2024-01-23 18:35:13', 1),
	(104, 104, 'S1', '2023-2024', 'Salle 5', 104, 1, '2024-01-23 18:35:13', '2024-01-23 18:35:13', 1),
	(105, 1, 'S3', '2023-2024', 'Salle 5', 1, 2, '2024-01-23 18:47:02', '2024-01-23 18:47:02', 1),
	(106, 2, 'S3', '2023-2024', 'Salle 5', 105, 2, '2024-01-23 18:47:02', '2024-01-23 18:47:02', 1),
	(107, 3, 'S3', '2023-2024', 'Salle 5', 2, 2, '2024-01-23 18:47:02', '2024-01-23 18:47:02', 1),
	(108, 4, 'S3', '2023-2024', 'Salle 5', 106, 2, '2024-01-23 18:47:02', '2024-01-23 18:47:02', 1),
	(109, 5, 'S3', '2023-2024', 'Salle 5', 4, 2, '2024-01-23 18:47:03', '2024-01-23 18:47:03', 1),
	(110, 6, 'S3', '2023-2024', 'Salle 5', 107, 2, '2024-01-23 18:47:03', '2024-01-23 18:47:03', 1),
	(111, 7, 'S3', '2023-2024', 'Salle 5', 5, 2, '2024-01-23 18:47:03', '2024-01-23 18:47:03', 1),
	(112, 8, 'S3', '2023-2024', 'Salle 5', 6, 2, '2024-01-23 18:47:03', '2024-01-23 18:47:03', 1),
	(113, 9, 'S3', '2023-2024', 'Salle 5', 108, 2, '2024-01-23 18:47:03', '2024-01-23 18:47:03', 1),
	(114, 10, 'S3', '2023-2024', 'Salle 5', 8, 2, '2024-01-23 18:47:03', '2024-01-23 18:47:03', 1),
	(115, 11, 'S3', '2023-2024', 'Salle 5', 109, 2, '2024-01-23 18:47:03', '2024-01-23 18:47:03', 1),
	(116, 12, 'S3', '2023-2024', 'Salle 5', 110, 2, '2024-01-23 18:47:03', '2024-01-23 18:47:03', 1),
	(117, 13, 'S3', '2023-2024', 'Salle 5', 9, 2, '2024-01-23 18:47:03', '2024-01-23 18:47:03', 1),
	(118, 14, 'S3', '2023-2024', 'Salle 5', 111, 2, '2024-01-23 18:47:03', '2024-01-23 18:47:03', 1),
	(119, 15, 'S3', '2023-2024', 'Salle 5', 112, 2, '2024-01-23 18:47:03', '2024-01-23 18:47:03', 1),
	(120, 16, 'S3', '2023-2024', 'Salle 5', 113, 2, '2024-01-23 18:47:03', '2024-01-23 18:47:03', 1),
	(121, 17, 'S3', '2023-2024', 'Salle 5', 10, 2, '2024-01-23 18:47:03', '2024-01-23 18:47:03', 1),
	(122, 18, 'S3', '2023-2024', 'Salle 5', 114, 2, '2024-01-23 18:47:03', '2024-01-23 18:47:03', 1),
	(123, 19, 'S3', '2023-2024', 'Salle 5', 115, 2, '2024-01-23 18:47:03', '2024-01-23 18:47:03', 1),
	(124, 20, 'S3', '2023-2024', 'Salle 5', 11, 2, '2024-01-23 18:47:03', '2024-01-23 18:47:03', 1),
	(125, 21, 'S3', '2023-2024', 'Salle 5', 116, 2, '2024-01-23 18:47:03', '2024-01-23 18:47:03', 1),
	(126, 22, 'S3', '2023-2024', 'Salle 5', 12, 2, '2024-01-23 18:47:03', '2024-01-23 18:47:03', 1),
	(127, 23, 'S3', '2023-2024', 'Salle 5', 117, 2, '2024-01-23 18:47:03', '2024-01-23 18:47:03', 1),
	(128, 24, 'S3', '2023-2024', 'Salle 5', 118, 2, '2024-01-23 18:47:03', '2024-01-23 18:47:03', 1),
	(129, 25, 'S3', '2023-2024', 'Salle 5', 13, 2, '2024-01-23 18:47:03', '2024-01-23 18:47:03', 1),
	(130, 26, 'S3', '2023-2024', 'Salle 5', 14, 2, '2024-01-23 18:47:03', '2024-01-23 18:47:03', 1),
	(131, 27, 'S3', '2023-2024', 'Salle 5', 15, 2, '2024-01-23 18:47:03', '2024-01-23 18:47:03', 1),
	(132, 28, 'S3', '2023-2024', 'Salle 5', 119, 2, '2024-01-23 18:47:03', '2024-01-23 18:47:03', 1),
	(133, 29, 'S3', '2023-2024', 'Salle 5', 16, 2, '2024-01-23 18:47:03', '2024-01-23 18:47:03', 1),
	(134, 30, 'S3', '2023-2024', 'Salle 5', 120, 2, '2024-01-23 18:47:03', '2024-01-23 18:47:03', 1),
	(135, 31, 'S3', '2023-2024', 'Salle 5', 121, 2, '2024-01-23 18:47:03', '2024-01-23 18:47:03', 1),
	(136, 32, 'S3', '2023-2024', 'Salle 5', 122, 2, '2024-01-23 18:47:03', '2024-01-23 18:47:03', 1),
	(137, 33, 'S3', '2023-2024', 'Salle 5', 123, 2, '2024-01-23 18:47:03', '2024-01-23 18:47:03', 1),
	(138, 34, 'S3', '2023-2024', 'Salle 5', 124, 2, '2024-01-23 18:47:03', '2024-01-23 18:47:03', 1),
	(139, 35, 'S3', '2023-2024', 'Salle 5', 125, 2, '2024-01-23 18:47:03', '2024-01-23 18:47:03', 1),
	(140, 36, 'S3', '2023-2024', 'Salle 5', 126, 2, '2024-01-23 18:47:03', '2024-01-23 18:47:03', 1),
	(141, 37, 'S3', '2023-2024', 'Salle 5', 127, 2, '2024-01-23 18:47:03', '2024-01-23 18:47:03', 1),
	(142, 38, 'S3', '2023-2024', 'Salle 5', 17, 2, '2024-01-23 18:47:03', '2024-01-23 18:47:03', 1),
	(143, 39, 'S3', '2023-2024', 'Salle 5', 128, 2, '2024-01-23 18:47:03', '2024-01-23 18:47:03', 1),
	(144, 40, 'S3', '2023-2024', 'Salle 5', 129, 2, '2024-01-23 18:47:03', '2024-01-23 18:47:03', 1),
	(145, 41, 'S3', '2023-2024', 'Salle 5', 20, 2, '2024-01-23 18:47:04', '2024-01-23 18:47:04', 1),
	(146, 42, 'S3', '2023-2024', 'Salle 5', 21, 2, '2024-01-23 18:47:04', '2024-01-23 18:47:04', 1),
	(147, 43, 'S3', '2023-2024', 'Salle 5', 22, 2, '2024-01-23 18:47:04', '2024-01-23 18:47:04', 1),
	(148, 44, 'S3', '2023-2024', 'Salle 5', 23, 2, '2024-01-23 18:47:04', '2024-01-23 18:47:04', 1),
	(149, 45, 'S3', '2023-2024', 'Salle 5', 130, 2, '2024-01-23 18:47:04', '2024-01-23 18:47:04', 1),
	(150, 46, 'S3', '2023-2024', 'Salle 5', 24, 2, '2024-01-23 18:47:04', '2024-01-23 18:47:04', 1),
	(151, 47, 'S3', '2023-2024', 'Salle 5', 25, 2, '2024-01-23 18:47:04', '2024-01-23 18:47:04', 1),
	(152, 48, 'S3', '2023-2024', 'Salle 5', 131, 2, '2024-01-23 18:47:04', '2024-01-23 18:47:04', 1),
	(153, 49, 'S3', '2023-2024', 'Salle 5', 132, 2, '2024-01-23 18:47:04', '2024-01-23 18:47:04', 1),
	(154, 50, 'S3', '2023-2024', 'Salle 5', 26, 2, '2024-01-23 18:47:04', '2024-01-23 18:47:04', 1),
	(155, 51, 'S3', '2023-2024', 'Salle 5', 133, 2, '2024-01-23 18:47:04', '2024-01-23 18:47:04', 1),
	(156, 52, 'S3', '2023-2024', 'Salle 5', 134, 2, '2024-01-23 18:47:04', '2024-01-23 18:47:04', 1),
	(157, 53, 'S3', '2023-2024', 'Salle 5', 135, 2, '2024-01-23 18:47:04', '2024-01-23 18:47:04', 1),
	(158, 54, 'S3', '2023-2024', 'Salle 5', 136, 2, '2024-01-23 18:47:04', '2024-01-23 18:47:04', 1),
	(159, 55, 'S3', '2023-2024', 'Salle 5', 137, 2, '2024-01-23 18:47:04', '2024-01-23 18:47:04', 1),
	(160, 56, 'S3', '2023-2024', 'Salle 5', 138, 2, '2024-01-23 18:47:04', '2024-01-23 18:47:04', 1),
	(161, 57, 'S3', '2023-2024', 'Salle 5', 28, 2, '2024-01-23 18:47:04', '2024-01-23 18:47:04', 1),
	(162, 58, 'S3', '2023-2024', 'Salle 5', 97, 2, '2024-01-23 18:47:04', '2024-01-23 18:47:04', 1),
	(163, 59, 'S3', '2023-2024', 'Salle 5', 29, 2, '2024-01-23 18:47:04', '2024-01-23 18:47:04', 1),
	(164, 60, 'S3', '2023-2024', 'Salle 5', 30, 2, '2024-01-23 18:47:04', '2024-01-23 18:47:04', 1),
	(165, 61, 'S3', '2023-2024', 'Salle 5', 31, 2, '2024-01-23 18:47:04', '2024-01-23 18:47:04', 1),
	(166, 62, 'S3', '2023-2024', 'Salle 5', 32, 2, '2024-01-23 18:47:04', '2024-01-23 18:47:04', 1),
	(167, 63, 'S3', '2023-2024', 'Salle 5', 139, 2, '2024-01-23 18:47:04', '2024-01-23 18:47:04', 1),
	(168, 64, 'S3', '2023-2024', 'Salle 5', 33, 2, '2024-01-23 18:47:04', '2024-01-23 18:47:04', 1),
	(169, 65, 'S3', '2023-2024', 'Salle 5', 34, 2, '2024-01-23 18:47:04', '2024-01-23 18:47:04', 1),
	(170, 66, 'S3', '2023-2024', 'Salle 5', 35, 2, '2024-01-23 18:47:04', '2024-01-23 18:47:04', 1),
	(171, 67, 'S3', '2023-2024', 'Salle 5', 140, 2, '2024-01-23 18:47:04', '2024-01-23 18:47:04', 1),
	(172, 68, 'S3', '2023-2024', 'Salle 5', 141, 2, '2024-01-23 18:47:04', '2024-01-23 18:47:04', 1),
	(173, 69, 'S3', '2023-2024', 'Salle 5', 142, 2, '2024-01-23 18:47:04', '2024-01-23 18:47:04', 1),
	(174, 70, 'S3', '2023-2024', 'Salle 5', 143, 2, '2024-01-23 18:47:04', '2024-01-23 18:47:04', 1),
	(175, 71, 'S3', '2023-2024', 'Salle 5', 144, 2, '2024-01-23 18:47:04', '2024-01-23 18:47:04', 1),
	(176, 72, 'S3', '2023-2024', 'Salle 5', 36, 2, '2024-01-23 18:47:04', '2024-01-23 18:47:04', 1),
	(177, 73, 'S3', '2023-2024', 'Salle 5', 145, 2, '2024-01-23 18:47:04', '2024-01-23 18:47:04', 1),
	(178, 74, 'S3', '2023-2024', 'Salle 5', 146, 2, '2024-01-23 18:47:04', '2024-01-23 18:47:04', 1),
	(179, 75, 'S3', '2023-2024', 'Salle 5', 147, 2, '2024-01-23 18:47:04', '2024-01-23 18:47:04', 1),
	(180, 76, 'S3', '2023-2024', 'Salle 5', 39, 2, '2024-01-23 18:47:04', '2024-01-23 18:47:04', 1),
	(181, 77, 'S3', '2023-2024', 'Salle 5', 40, 2, '2024-01-23 18:47:04', '2024-01-23 18:47:04', 1),
	(182, 78, 'S3', '2023-2024', 'Salle 5', 41, 2, '2024-01-23 18:47:04', '2024-01-23 18:47:04', 1),
	(183, 79, 'S3', '2023-2024', 'Salle 5', 148, 2, '2024-01-23 18:47:04', '2024-01-23 18:47:04', 1),
	(184, 80, 'S3', '2023-2024', 'Salle 5', 42, 2, '2024-01-23 18:47:04', '2024-01-23 18:47:04', 1),
	(185, 81, 'S3', '2023-2024', 'Salle 5', 149, 2, '2024-01-23 18:47:04', '2024-01-23 18:47:04', 1),
	(186, 82, 'S3', '2023-2024', 'Salle 5', 150, 2, '2024-01-23 18:47:05', '2024-01-23 18:47:05', 1),
	(187, 83, 'S3', '2023-2024', 'Salle 5', 43, 2, '2024-01-23 18:47:05', '2024-01-23 18:47:05', 1),
	(188, 84, 'S3', '2023-2024', 'Salle 5', 44, 2, '2024-01-23 18:47:05', '2024-01-23 18:47:05', 1),
	(189, 85, 'S3', '2023-2024', 'Salle 5', 151, 2, '2024-01-23 18:47:05', '2024-01-23 18:47:05', 1),
	(190, 86, 'S3', '2023-2024', 'Salle 5', 152, 2, '2024-01-23 18:47:05', '2024-01-23 18:47:05', 1),
	(191, 87, 'S3', '2023-2024', 'Salle 5', 45, 2, '2024-01-23 18:47:05', '2024-01-23 18:47:05', 1),
	(192, 88, 'S3', '2023-2024', 'Salle 5', 153, 2, '2024-01-23 18:47:05', '2024-01-23 18:47:05', 1),
	(193, 89, 'S3', '2023-2024', 'Salle 5', 154, 2, '2024-01-23 18:47:05', '2024-01-23 18:47:05', 1),
	(194, 90, 'S3', '2023-2024', 'Salle 5', 46, 2, '2024-01-23 18:47:05', '2024-01-23 18:47:05', 1),
	(195, 91, 'S3', '2023-2024', 'Salle 5', 47, 2, '2024-01-23 18:47:05', '2024-01-23 18:47:05', 1),
	(196, 92, 'S3', '2023-2024', 'Salle 5', 155, 2, '2024-01-23 18:47:05', '2024-01-23 18:47:05', 1),
	(197, 93, 'S3', '2023-2024', 'Salle 5', 156, 2, '2024-01-23 18:47:05', '2024-01-23 18:47:05', 1),
	(198, 94, 'S3', '2023-2024', 'Salle 5', 48, 2, '2024-01-23 18:47:05', '2024-01-23 18:47:05', 1),
	(199, 95, 'S3', '2023-2024', 'Salle 5', 157, 2, '2024-01-23 18:47:05', '2024-01-23 18:47:05', 1),
	(200, 96, 'S3', '2023-2024', 'Salle 5', 49, 2, '2024-01-23 18:47:05', '2024-01-23 18:47:05', 1),
	(201, 97, 'S3', '2023-2024', 'Salle 5', 50, 2, '2024-01-23 18:47:05', '2024-01-23 18:47:05', 1),
	(202, 98, 'S3', '2023-2024', 'Salle 6', 51, 2, '2024-01-23 18:47:05', '2024-01-23 18:47:05', 1),
	(203, 99, 'S3', '2023-2024', 'Salle 6', 158, 2, '2024-01-23 18:47:05', '2024-01-23 18:47:05', 1),
	(204, 100, 'S3', '2023-2024', 'Salle 6', 52, 2, '2024-01-23 18:47:05', '2024-01-23 18:47:05', 1),
	(205, 101, 'S3', '2023-2024', 'Salle 6', 159, 2, '2024-01-23 18:47:05', '2024-01-23 18:47:05', 1),
	(206, 102, 'S3', '2023-2024', 'Salle 6', 53, 2, '2024-01-23 18:47:05', '2024-01-23 18:47:05', 1),
	(207, 103, 'S3', '2023-2024', 'Salle 6', 160, 2, '2024-01-23 18:47:05', '2024-01-23 18:47:05', 1),
	(208, 104, 'S3', '2023-2024', 'Salle 6', 161, 2, '2024-01-23 18:47:05', '2024-01-23 18:47:05', 1),
	(209, 105, 'S3', '2023-2024', 'Salle 6', 54, 2, '2024-01-23 18:47:05', '2024-01-23 18:47:05', 1),
	(210, 106, 'S3', '2023-2024', 'Salle 6', 99, 2, '2024-01-23 18:47:05', '2024-01-23 18:47:05', 1),
	(211, 107, 'S3', '2023-2024', 'Salle 6', 162, 2, '2024-01-23 18:47:05', '2024-01-23 18:47:05', 1),
	(212, 108, 'S3', '2023-2024', 'Salle 6', 163, 2, '2024-01-23 18:47:05', '2024-01-23 18:47:05', 1),
	(213, 109, 'S3', '2023-2024', 'Salle 6', 164, 2, '2024-01-23 18:47:05', '2024-01-23 18:47:05', 1),
	(214, 110, 'S3', '2023-2024', 'Salle 6', 165, 2, '2024-01-23 18:47:05', '2024-01-23 18:47:05', 1),
	(215, 111, 'S3', '2023-2024', 'Salle 6', 55, 2, '2024-01-23 18:47:05', '2024-01-23 18:47:05', 1),
	(216, 112, 'S3', '2023-2024', 'Salle 6', 166, 2, '2024-01-23 18:47:05', '2024-01-23 18:47:05', 1),
	(217, 113, 'S3', '2023-2024', 'Salle 6', 56, 2, '2024-01-23 18:47:05', '2024-01-23 18:47:05', 1),
	(218, 114, 'S3', '2023-2024', 'Salle 6', 167, 2, '2024-01-23 18:47:05', '2024-01-23 18:47:05', 1),
	(219, 115, 'S3', '2023-2024', 'Salle 6', 168, 2, '2024-01-23 18:47:05', '2024-01-23 18:47:05', 1),
	(220, 116, 'S3', '2023-2024', 'Salle 6', 58, 2, '2024-01-23 18:47:05', '2024-01-23 18:47:05', 1),
	(221, 117, 'S3', '2023-2024', 'Salle 6', 59, 2, '2024-01-23 18:47:05', '2024-01-23 18:47:05', 1),
	(222, 118, 'S3', '2023-2024', 'Salle 6', 169, 2, '2024-01-23 18:47:05', '2024-01-23 18:47:05', 1),
	(223, 119, 'S3', '2023-2024', 'Salle 6', 170, 2, '2024-01-23 18:47:05', '2024-01-23 18:47:05', 1),
	(224, 120, 'S3', '2023-2024', 'Salle 6', 60, 2, '2024-01-23 18:47:05', '2024-01-23 18:47:05', 1),
	(225, 121, 'S3', '2023-2024', 'Salle 6', 61, 2, '2024-01-23 18:47:05', '2024-01-23 18:47:05', 1),
	(226, 122, 'S3', '2023-2024', 'Salle 6', 62, 2, '2024-01-23 18:47:05', '2024-01-23 18:47:05', 1),
	(227, 123, 'S3', '2023-2024', 'Salle 6', 171, 2, '2024-01-23 18:47:06', '2024-01-23 18:47:06', 1),
	(228, 124, 'S3', '2023-2024', 'Salle 6', 172, 2, '2024-01-23 18:47:06', '2024-01-23 18:47:06', 1),
	(229, 125, 'S3', '2023-2024', 'Salle 6', 63, 2, '2024-01-23 18:47:06', '2024-01-23 18:47:06', 1),
	(230, 126, 'S3', '2023-2024', 'Salle 6', 64, 2, '2024-01-23 18:47:06', '2024-01-23 18:47:06', 1),
	(231, 127, 'S3', '2023-2024', 'Salle 6', 173, 2, '2024-01-23 18:47:06', '2024-01-23 18:47:06', 1),
	(232, 128, 'S3', '2023-2024', 'Salle 6', 174, 2, '2024-01-23 18:47:06', '2024-01-23 18:47:06', 1),
	(233, 129, 'S3', '2023-2024', 'Salle 6', 101, 2, '2024-01-23 18:47:06', '2024-01-23 18:47:06', 1),
	(234, 130, 'S3', '2023-2024', 'Salle 6', 66, 2, '2024-01-23 18:47:06', '2024-01-23 18:47:06', 1),
	(235, 131, 'S3', '2023-2024', 'Salle 6', 175, 2, '2024-01-23 18:47:06', '2024-01-23 18:47:06', 1),
	(236, 132, 'S3', '2023-2024', 'Salle 6', 67, 2, '2024-01-23 18:47:06', '2024-01-23 18:47:06', 1),
	(237, 133, 'S3', '2023-2024', 'Salle 6', 68, 2, '2024-01-23 18:47:06', '2024-01-23 18:47:06', 1),
	(238, 134, 'S3', '2023-2024', 'Salle 6', 176, 2, '2024-01-23 18:47:06', '2024-01-23 18:47:06', 1),
	(239, 135, 'S3', '2023-2024', 'Salle 6', 70, 2, '2024-01-23 18:47:06', '2024-01-23 18:47:06', 1),
	(240, 136, 'S3', '2023-2024', 'Salle 6', 177, 2, '2024-01-23 18:47:06', '2024-01-23 18:47:06', 1),
	(241, 137, 'S3', '2023-2024', 'Salle 6', 71, 2, '2024-01-23 18:47:06', '2024-01-23 18:47:06', 1),
	(242, 138, 'S3', '2023-2024', 'Salle 6', 178, 2, '2024-01-23 18:47:06', '2024-01-23 18:47:06', 1),
	(243, 139, 'S3', '2023-2024', 'Salle 6', 72, 2, '2024-01-23 18:47:06', '2024-01-23 18:47:06', 1),
	(244, 140, 'S3', '2023-2024', 'Salle 6', 179, 2, '2024-01-23 18:47:06', '2024-01-23 18:47:06', 1),
	(245, 141, 'S3', '2023-2024', 'Salle 6', 180, 2, '2024-01-23 18:47:06', '2024-01-23 18:47:06', 1),
	(246, 142, 'S3', '2023-2024', 'Salle 6', 73, 2, '2024-01-23 18:47:06', '2024-01-23 18:47:06', 1),
	(247, 143, 'S3', '2023-2024', 'Salle 6', 181, 2, '2024-01-23 18:47:06', '2024-01-23 18:47:06', 1),
	(248, 144, 'S3', '2023-2024', 'Salle 6', 182, 2, '2024-01-23 18:47:06', '2024-01-23 18:47:06', 1),
	(249, 145, 'S3', '2023-2024', 'Salle 6', 183, 2, '2024-01-23 18:47:06', '2024-01-23 18:47:06', 1),
	(250, 146, 'S3', '2023-2024', 'Salle 6', 184, 2, '2024-01-23 18:47:06', '2024-01-23 18:47:06', 1),
	(251, 147, 'S3', '2023-2024', 'Salle 6', 74, 2, '2024-01-23 18:47:06', '2024-01-23 18:47:06', 1),
	(252, 148, 'S3', '2023-2024', 'Salle 6', 185, 2, '2024-01-23 18:47:06', '2024-01-23 18:47:06', 1),
	(253, 149, 'S3', '2023-2024', 'Salle 6', 186, 2, '2024-01-23 18:47:06', '2024-01-23 18:47:06', 1),
	(254, 150, 'S3', '2023-2024', 'Salle 6', 187, 2, '2024-01-23 18:47:06', '2024-01-23 18:47:06', 1),
	(255, 151, 'S3', '2023-2024', 'Salle 6', 75, 2, '2024-01-23 18:47:06', '2024-01-23 18:47:06', 1),
	(256, 152, 'S3', '2023-2024', 'Salle 6', 188, 2, '2024-01-23 18:47:06', '2024-01-23 18:47:06', 1),
	(257, 153, 'S3', '2023-2024', 'Salle 6', 76, 2, '2024-01-23 18:47:06', '2024-01-23 18:47:06', 1),
	(258, 154, 'S3', '2023-2024', 'Salle 6', 189, 2, '2024-01-23 18:47:06', '2024-01-23 18:47:06', 1),
	(259, 155, 'S3', '2023-2024', 'Salle 6', 77, 2, '2024-01-23 18:47:06', '2024-01-23 18:47:06', 1),
	(260, 156, 'S3', '2023-2024', 'Salle 6', 190, 2, '2024-01-23 18:47:06', '2024-01-23 18:47:06', 1),
	(261, 157, 'S3', '2023-2024', 'Salle 6', 78, 2, '2024-01-23 18:47:06', '2024-01-23 18:47:06', 1),
	(262, 158, 'S3', '2023-2024', 'Salle 6', 102, 2, '2024-01-23 18:47:06', '2024-01-23 18:47:06', 1),
	(263, 159, 'S3', '2023-2024', 'Salle 6', 191, 2, '2024-01-23 18:47:06', '2024-01-23 18:47:06', 1),
	(264, 160, 'S3', '2023-2024', 'Salle 6', 192, 2, '2024-01-23 18:47:06', '2024-01-23 18:47:06', 1),
	(265, 161, 'S3', '2023-2024', 'Salle 6', 193, 2, '2024-01-23 18:47:06', '2024-01-23 18:47:06', 1),
	(266, 162, 'S3', '2023-2024', 'Salle 6', 79, 2, '2024-01-23 18:47:06', '2024-01-23 18:47:06', 1),
	(267, 163, 'S3', '2023-2024', 'Salle 6', 194, 2, '2024-01-23 18:47:06', '2024-01-23 18:47:06', 1),
	(268, 164, 'S3', '2023-2024', 'Salle 6', 80, 2, '2024-01-23 18:47:06', '2024-01-23 18:47:06', 1),
	(269, 165, 'S3', '2023-2024', 'Salle 6', 195, 2, '2024-01-23 18:47:06', '2024-01-23 18:47:06', 1),
	(270, 166, 'S3', '2023-2024', 'Salle 6', 81, 2, '2024-01-23 18:47:07', '2024-01-23 18:47:07', 1),
	(271, 167, 'S3', '2023-2024', 'Salle 6', 82, 2, '2024-01-23 18:47:07', '2024-01-23 18:47:07', 1),
	(272, 168, 'S3', '2023-2024', 'Salle 6', 83, 2, '2024-01-23 18:47:07', '2024-01-23 18:47:07', 1),
	(273, 169, 'S3', '2023-2024', 'Salle 6', 196, 2, '2024-01-23 18:47:07', '2024-01-23 18:47:07', 1),
	(274, 170, 'S3', '2023-2024', 'Salle 6', 197, 2, '2024-01-23 18:47:07', '2024-01-23 18:47:07', 1),
	(275, 171, 'S3', '2023-2024', 'Salle 6', 84, 2, '2024-01-23 18:47:07', '2024-01-23 18:47:07', 1),
	(276, 172, 'S3', '2023-2024', 'Salle 6', 198, 2, '2024-01-23 18:47:07', '2024-01-23 18:47:07', 1),
	(277, 173, 'S3', '2023-2024', 'Salle 6', 85, 2, '2024-01-23 18:47:07', '2024-01-23 18:47:07', 1),
	(278, 174, 'S3', '2023-2024', 'Salle 6', 86, 2, '2024-01-23 18:47:07', '2024-01-23 18:47:07', 1),
	(279, 175, 'S3', '2023-2024', 'Salle 6', 103, 2, '2024-01-23 18:47:07', '2024-01-23 18:47:07', 1),
	(280, 176, 'S3', '2023-2024', 'Salle 6', 199, 2, '2024-01-23 18:47:07', '2024-01-23 18:47:07', 1),
	(281, 177, 'S3', '2023-2024', 'Salle 6', 200, 2, '2024-01-23 18:47:07', '2024-01-23 18:47:07', 1),
	(282, 178, 'S3', '2023-2024', 'Salle 6', 201, 2, '2024-01-23 18:47:07', '2024-01-23 18:47:07', 1),
	(283, 179, 'S3', '2023-2024', 'Salle 6', 87, 2, '2024-01-23 18:47:07', '2024-01-23 18:47:07', 1),
	(284, 180, 'S3', '2023-2024', 'Salle 6', 202, 2, '2024-01-23 18:47:07', '2024-01-23 18:47:07', 1),
	(285, 181, 'S3', '2023-2024', 'Salle 6', 88, 2, '2024-01-23 18:47:07', '2024-01-23 18:47:07', 1),
	(286, 182, 'S3', '2023-2024', 'Salle 6', 89, 2, '2024-01-23 18:47:07', '2024-01-23 18:47:07', 1),
	(287, 183, 'S3', '2023-2024', 'Salle 6', 91, 2, '2024-01-23 18:47:07', '2024-01-23 18:47:07', 1),
	(288, 184, 'S3', '2023-2024', 'Salle 6', 203, 2, '2024-01-23 18:47:07', '2024-01-23 18:47:07', 1),
	(289, 185, 'S3', '2023-2024', 'Salle 6', 204, 2, '2024-01-23 18:47:07', '2024-01-23 18:47:07', 1),
	(290, 186, 'S3', '2023-2024', 'Salle 6', 92, 2, '2024-01-23 18:47:07', '2024-01-23 18:47:07', 1),
	(291, 187, 'S3', '2023-2024', 'Salle 6', 205, 2, '2024-01-23 18:47:07', '2024-01-23 18:47:07', 1),
	(292, 188, 'S3', '2023-2024', 'Salle 6', 206, 2, '2024-01-23 18:47:07', '2024-01-23 18:47:07', 1),
	(293, 189, 'S3', '2023-2024', 'Salle 6', 207, 2, '2024-01-23 18:47:07', '2024-01-23 18:47:07', 1),
	(294, 190, 'S3', '2023-2024', 'Salle 6', 208, 2, '2024-01-23 18:47:07', '2024-01-23 18:47:07', 1),
	(295, 191, 'S3', '2023-2024', 'Salle 6', 95, 2, '2024-01-23 18:47:07', '2024-01-23 18:47:07', 1),
	(296, 192, 'S3', '2023-2024', 'Salle 6', 96, 2, '2024-01-23 18:47:07', '2024-01-23 18:47:07', 1),
	(297, 193, 'S3', '2023-2024', 'Salle 6', 209, 2, '2024-01-23 18:47:07', '2024-01-23 18:47:07', 1),
	(298, 194, 'S3', '2023-2024', 'Salle 6', 210, 2, '2024-01-23 18:47:07', '2024-01-23 18:47:07', 1),
	(299, 195, 'S3', '2023-2024', 'Salle 5', 27, 2, '2024-01-23 18:47:07', '2024-01-23 18:47:07', 1),
	(313, NULL, 'S3', '2023-2024', '5', 3, 2, '2024-02-10 00:26:54', '2024-02-10 00:26:54', 1),
	(314, NULL, 'S3', '2023-2024', '12', 3, 2, '2024-02-10 09:01:33', '2024-02-10 09:01:33', 1),
	(316, NULL, 'S1', '2023-2024', '48', 214, 7, '2024-02-18 14:19:20', '2024-02-18 14:19:20', 1),
	(317, NULL, 'S1', '2023-2024', NULL, 214, 8, '2024-02-18 14:23:28', '2024-02-18 14:23:28', 1),
	(318, NULL, 'S3', '2023-2024', 'annex 2', 104, 9, '2024-03-03 01:22:16', '2024-03-03 01:22:16', 1);

-- Dumping structure for table etudentexam.insert_bies
CREATE TABLE IF NOT EXISTS `insert_bies` (
  `id` bigint unsigned NOT NULL AUTO_INCREMENT,
  `NameTable` varchar(255) COLLATE utf8mb4_unicode_ci NOT NULL,
  `idTable` bigint unsigned NOT NULL,
  `insertBy` varchar(255) COLLATE utf8mb4_unicode_ci NOT NULL,
  `created_at` timestamp NULL DEFAULT NULL,
  `updated_at` timestamp NULL DEFAULT NULL,
  PRIMARY KEY (`id`)
) ENGINE=InnoDB AUTO_INCREMENT=14 DEFAULT CHARSET=utf8mb4 COLLATE=utf8mb4_unicode_ci;

-- Dumping data for table etudentexam.insert_bies: ~8 rows (approximately)
INSERT IGNORE INTO `insert_bies` (`id`, `NameTable`, `idTable`, `insertBy`, `created_at`, `updated_at`) VALUES
	(2, 'etudiants', 212, 'etudiant', '2024-02-06 23:47:12', '2024-02-06 23:47:12'),
	(3, 'info_exames', 310, 'etudiant', '2024-02-06 23:47:12', '2024-02-06 23:47:12'),
	(6, 'info_exames', 313, 'etudiant', '2024-02-10 00:26:54', '2024-02-10 00:26:54'),
	(7, 'info_exames', 314, 'etudiant', '2024-02-10 09:01:33', '2024-02-10 09:01:33'),
	(8, 'etudiants', 213, 'etudiant', '2024-02-18 13:55:21', '2024-02-18 13:55:21'),
	(9, 'info_exames', 315, 'etudiant', '2024-02-18 14:03:19', '2024-02-18 14:03:19'),
	(10, 'etudiants', 214, 'etudiant', '2024-02-18 14:19:20', '2024-02-18 14:19:20'),
	(11, 'info_exames', 316, 'etudiant', '2024-02-18 14:19:20', '2024-02-18 14:19:20'),
	(12, 'info_exames', 317, 'etudiant', '2024-02-18 14:23:28', '2024-02-18 14:23:28'),
	(13, 'info_exames', 318, 'etudiant', '2024-03-03 01:22:16', '2024-03-03 01:22:16');

-- Dumping structure for table etudentexam.migrations
CREATE TABLE IF NOT EXISTS `migrations` (
  `id` int unsigned NOT NULL AUTO_INCREMENT,
  `migration` varchar(255) COLLATE utf8mb4_unicode_ci NOT NULL,
  `batch` int NOT NULL,
  PRIMARY KEY (`id`)
) ENGINE=InnoDB AUTO_INCREMENT=27 DEFAULT CHARSET=utf8mb4 COLLATE=utf8mb4_unicode_ci;

-- Dumping data for table etudentexam.migrations: ~23 rows (approximately)
INSERT IGNORE INTO `migrations` (`id`, `migration`, `batch`) VALUES
	(1, '2014_10_12_000000_create_users_table', 1),
	(2, '2014_10_12_100000_create_password_resets_table', 1),
	(3, '2014_10_12_200000_add_two_factor_columns_to_users_table', 1),
	(4, '2019_08_19_000000_create_failed_jobs_table', 1),
	(5, '2019_12_14_000001_create_personal_access_tokens_table', 1),
	(6, '2019_12_14_0000201_create_calendrier_sessions_table', 1),
	(7, '2024_01_03_001752_create_sessions_table', 1),
	(8, '2024_01_03_002013_create_filieres_table', 1),
	(9, '2024_01_03_002207_create_etudiants_table', 1),
	(10, '2024_01_03_002213_create_etudiant_filieres_table', 1),
	(11, '2024_01_03_002220_create_modules_table', 1),
	(12, '2024_01_03_002227_create_detail_modules_table', 1),
	(13, '2024_01_03_002233_create_groupes_table', 1),
	(14, '2024_01_03_002240_create_groupe_etudiants_table', 1),
	(15, '2024_01_03_002246_create_info_exames_table', 1),
	(16, '2024_01_03_002253_create_calendrier_modules_table', 1),
	(17, '2024_01_03_002259_create_calendrier_module_groupes_table', 1),
	(19, '2024_01_31_111701_create_professeurs_table', 2),
	(20, '2024_01_31_112644_create_reclamations_table', 2),
	(21, '2024_02_01_165113_create_detail_professeurs_table', 2),
	(22, '2024_02_01_165134_create_tracking_reclamations_table', 2),
	(23, '2024_02_06_214943_create_insert_by_table', 3),
	(24, '2024_03_03_185920_add_id_session_to_info_exames_table', 4),
	(26, '2024_03_03_192046_add_user_id_to_professeurs_tabl', 5);

-- Dumping structure for table etudentexam.modules
CREATE TABLE IF NOT EXISTS `modules` (
  `id` bigint unsigned NOT NULL AUTO_INCREMENT,
  `CodeModule` varchar(255) COLLATE utf8mb4_unicode_ci NOT NULL,
  `NomModule` varchar(255) COLLATE utf8mb4_unicode_ci NOT NULL,
  `Semester` varchar(2) COLLATE utf8mb4_unicode_ci NOT NULL,
  `idFiliere` bigint unsigned NOT NULL,
  `created_at` timestamp NULL DEFAULT NULL,
  `updated_at` timestamp NULL DEFAULT NULL,
  PRIMARY KEY (`id`),
  UNIQUE KEY `modules_codemodule_nommodule_unique` (`CodeModule`,`NomModule`),
  KEY `modules_idfiliere_foreign` (`idFiliere`),
  CONSTRAINT `modules_idfiliere_foreign` FOREIGN KEY (`idFiliere`) REFERENCES `filieres` (`id`)
) ENGINE=InnoDB AUTO_INCREMENT=151 DEFAULT CHARSET=utf8mb4 COLLATE=utf8mb4_unicode_ci;

-- Dumping data for table etudentexam.modules: ~150 rows (approximately)
INSERT IGNORE INTO `modules` (`id`, `CodeModule`, `NomModule`, `Semester`, `idFiliere`, `created_at`, `updated_at`) VALUES
	(1, 'FDS1M1', 'Introduction aux sciences juridiques', 'S1', 1, '2024-03-03 02:05:34', '2024-03-03 02:05:34'),
	(2, 'FDS1M2', 'Introduction au droit musulman', 'S1', 1, '2024-03-03 02:05:34', '2024-03-03 02:05:34'),
	(3, 'FDS1M3', 'Introduction  la science politique', 'S1', 1, '2024-03-03 02:05:34', '2024-03-03 02:05:34'),
	(4, 'FDS1M4', 'Introduction aux relations internationales', 'S1', 1, '2024-03-03 02:05:34', '2024-03-03 02:05:34'),
	(5, 'FDS1M5', 'Mthodes des sciences sociales', 'S1', 1, '2024-03-03 02:05:34', '2024-03-03 02:05:34'),
	(6, 'FDS1M6', 'Introduction aux sciences conomiques ', 'S1', 1, '2024-03-03 02:05:34', '2024-03-03 02:05:34'),
	(7, 'FDS1M7', 'Langue et terminologie I', 'S1', 1, '2024-03-03 02:05:34', '2024-03-03 02:05:34'),
	(8, 'FDS2M8', 'Thorie gnrale et des obligations', 'S2', 2, '2024-01-23 16:28:37', '2024-01-23 16:28:37'),
	(9, 'FDS2M9', 'Droit commercial', 'S2', 2, '2024-01-23 16:28:37', '2024-01-23 16:28:37'),
	(10, 'FDS2M10', 'Thorie gnrale du droit constitutionnel', 'S2', 2, '2024-01-23 16:28:37', '2024-01-23 16:28:37'),
	(11, 'FDS2M11', 'Droit pnal gnral', 'S2', 2, '2024-01-23 16:28:37', '2024-01-23 16:28:37'),
	(12, 'FDS2M12', 'Organisation fdministrative', 'S2', 2, '2024-01-23 16:28:37', '2024-01-23 16:28:37'),
	(13, 'FDS2M13', 'Droit international public', 'S2', 2, '2024-01-23 16:28:37', '2024-01-23 16:28:37'),
	(14, 'FDS2M14', 'Langue et terminologie 2', 'S2', 2, '2024-01-23 16:28:37', '2024-01-23 16:28:37'),
	(15, 'FDS3M15', 'Droit budgtaire', 'S3', 3, '2024-01-23 16:28:37', '2024-01-23 16:28:37'),
	(16, 'FDS3M16', 'Droit social', 'S3', 3, '2024-01-23 16:28:37', '2024-01-23 16:28:37'),
	(17, 'FDS3M17', 'Rgimes constitutionnels compars', 'S3', 3, '2024-01-23 16:28:37', '2024-01-23 16:28:37'),
	(18, 'FDS3M18', 'L\'action administrative', 'S3', 3, '2024-01-23 16:28:37', '2024-01-23 16:28:37'),
	(19, 'FDS3M19', 'Responsabilit civile', 'S3', 3, '2024-01-23 16:28:37', '2024-01-23 16:28:37'),
	(20, 'FDS3M20', 'Droit de la famille', 'S3', 3, '2024-01-23 16:28:37', '2024-01-23 16:28:37'),
	(21, 'FDS4M21', 'Droit des socits', 'S4', 4, '2024-01-23 16:28:37', '2024-01-23 16:28:37'),
	(22, 'FDS4M22', 'Organisationjudiciaire', 'S4', 4, '2024-01-23 16:28:37', '2024-01-23 16:28:37'),
	(23, 'FDS4M23', 'Droits de lhomme et liberts publiques', 'S4', 4, '2024-01-23 16:28:37', '2024-01-23 16:28:37'),
	(24, 'FDS4M24', 'Droit pnalspcial', 'S4', 4, '2024-01-23 16:28:37', '2024-01-23 16:28:37'),
	(25, 'FDS4M25', 'Droit fiscal', 'S4', 4, '2024-01-23 16:28:37', '2024-01-23 16:28:37'),
	(26, 'FDS4M26', 'Instruments de paiement et de crdit', 'S4', 4, '2024-01-23 16:28:37', '2024-01-23 16:28:37'),
	(27, 'FDVS5M27', 'Droit foncier et droit rel', 'S5', 5, '2024-01-23 16:28:37', '2024-01-23 16:28:37'),
	(28, 'FDVS5M28', 'Droit international priv', 'S5', 5, '2024-01-23 16:28:37', '2024-01-23 16:28:37'),
	(29, 'FDVS5M29', 'Droit des assurances', 'S5', 5, '2024-01-23 16:28:37', '2024-01-23 16:28:37'),
	(30, 'FDVS5M30', 'criminologie', 'S5', 5, '2024-01-23 16:28:37', '2024-01-23 16:28:37'),
	(31, 'FDVS5M31', 'Contrats spciaux', 'S5', 5, '2024-01-23 16:28:37', '2024-01-23 16:28:37'),
	(32, 'FDVS5M32', 'Entreprise en difficult', 'S5', 5, '2024-01-23 16:28:37', '2024-01-23 16:28:37'),
	(33, 'FDPS5M27', 'Administration territoriale', 'S5', 6, '2024-01-23 16:28:37', '2024-01-23 16:28:37'),
	(34, 'FDPS5M28', 'Politiques publiques', 'S5', 6, '2024-01-23 16:28:37', '2024-01-23 16:28:37'),
	(35, 'FDPS5M29', 'Droit conomique international', 'S5', 6, '2024-01-23 16:28:38', '2024-01-23 16:28:38'),
	(36, 'FDPS5M30', 'Grands services Publics', 'S5', 6, '2024-01-23 16:28:38', '2024-01-23 16:28:38'),
	(37, 'FDPS5M31', 'Histoires des ides politiques', 'S5', 6, '2024-01-23 16:28:38', '2024-01-23 16:28:38'),
	(38, 'FDPS5M32', 'Finances Locales', 'S5', 6, '2024-01-23 16:28:38', '2024-01-23 16:28:38'),
	(39, 'FDVS6M33', 'Procdurecivile', 'S6', 7, '2024-01-23 16:28:38', '2024-01-23 16:28:38'),
	(40, 'FDVS6M34', 'Procdurepnale', 'S6', 7, '2024-01-23 16:28:38', '2024-01-23 16:28:38'),
	(41, 'FDVS6M35', 'Successions et Droits financiers', 'S6', 7, '2024-01-23 16:28:38', '2024-01-23 16:28:38'),
	(42, 'FDVS6M36', 'Propritintellectuelle', 'S6', 7, '2024-01-23 16:28:38', '2024-01-23 16:28:38'),
	(43, 'FDVS6M37', 'Droit bancaire', 'S6', 7, '2024-01-23 16:28:38', '2024-01-23 16:28:38'),
	(44, 'FDVS6M38', 'Projet de fin dtudes', 'S6', 7, '2024-01-23 16:28:38', '2024-01-23 16:28:38'),
	(45, 'FDPS6M33', 'Histoire des ides politiques  2', 'S6', 8, '2024-01-23 16:28:38', '2024-01-23 16:28:38'),
	(46, 'FDPS6M34', 'Droit des marchs publics', 'S6', 8, '2024-01-23 16:28:38', '2024-01-23 16:28:38'),
	(47, 'FDPS6M35', 'Droit international humanitaire', 'S6', 8, '2024-01-23 16:28:38', '2024-01-23 16:28:38'),
	(48, 'FDPS6M36', 'Les organisations internationales', 'S6', 8, '2024-01-23 16:28:38', '2024-01-23 16:28:38'),
	(49, 'FDPS6M37', 'Contentieux fdministratif', 'S6', 8, '2024-01-23 16:28:38', '2024-01-23 16:28:38'),
	(50, 'FDPS6M38', 'Projet de fin dtudes', 'S6', 8, '2024-01-23 16:28:38', '2024-01-23 16:28:38'),
	(51, 'ADS1M1', 'Introduction aux sciences juridiques', 'S1', 9, '2024-01-23 16:28:38', '2024-01-23 16:28:38'),
	(52, 'ADS1M2', 'Introduction au droit musulman', 'S1', 9, '2024-01-23 16:28:38', '2024-01-23 16:28:38'),
	(53, 'ADS1M3', 'Introduction  la science politique', 'S1', 9, '2024-01-23 16:28:38', '2024-01-23 16:28:38'),
	(54, 'ADS1M4', 'Introduction aux relations internationales', 'S1', 9, '2024-01-23 16:28:38', '2024-01-23 16:28:38'),
	(55, 'ADS1M5', 'Mthodes des sciences sociales', 'S1', 9, '2024-01-23 16:28:38', '2024-01-23 16:28:38'),
	(56, 'ADS1M6', 'Introduction aux sciences conomiques ', 'S1', 9, '2024-01-23 16:28:38', '2024-01-23 16:28:38'),
	(57, 'ADS1M7', 'Langue et terminologie I', 'S1', 9, '2024-01-23 16:28:38', '2024-01-23 16:28:38'),
	(58, 'ADS2M8', 'Thorie gnrale et des obligations', 'S2', 10, '2024-01-23 16:28:38', '2024-01-23 16:28:38'),
	(59, 'ADS2M9', 'Droit commercial', 'S2', 10, '2024-01-23 16:28:38', '2024-01-23 16:28:38'),
	(60, 'ADS2M10', 'Thorie gnrale du droit constitutionnel', 'S2', 10, '2024-01-23 16:28:38', '2024-01-23 16:28:38'),
	(61, 'ADS2M11', 'Droit pnal gnral', 'S2', 10, '2024-01-23 16:28:38', '2024-01-23 16:28:38'),
	(62, 'ADS2M12', 'Organisation fdministrative', 'S2', 10, '2024-01-23 16:28:38', '2024-01-23 16:28:38'),
	(63, 'ADS2M13', 'Droit international public', 'S2', 10, '2024-01-23 16:28:38', '2024-01-23 16:28:38'),
	(64, 'ADS2M14', 'Langue et terminologie 2', 'S2', 10, '2024-01-23 16:28:38', '2024-01-23 16:28:38'),
	(65, 'ADS3M15', 'Droit budgtaire', 'S3', 11, '2024-01-23 16:28:38', '2024-01-23 16:28:38'),
	(66, 'ADS3M16', 'Droit social', 'S3', 11, '2024-01-23 16:28:38', '2024-01-23 16:28:38'),
	(67, 'ADS3M17', 'Rgimes constitutionnels compars', 'S3', 11, '2024-01-23 16:28:38', '2024-01-23 16:28:38'),
	(68, 'ADS3M18', 'L\'action administrative', 'S3', 11, '2024-01-23 16:28:38', '2024-01-23 16:28:38'),
	(69, 'ADS3M19', 'Responsabilit civile', 'S3', 11, '2024-01-23 16:28:38', '2024-01-23 16:28:38'),
	(70, 'ADS3M20', 'Droit de la famille', 'S3', 11, '2024-01-23 16:28:38', '2024-01-23 16:28:38'),
	(71, 'ADS4M21', 'Droit des socits', 'S4', 12, '2024-01-23 16:28:38', '2024-01-23 16:28:38'),
	(72, 'ADS4M22', 'Organisationjudiciaire', 'S4', 12, '2024-01-23 16:28:38', '2024-01-23 16:28:38'),
	(73, 'ADS4M23', 'Droits de lhomme et liberts publiques', 'S4', 12, '2024-01-23 16:28:38', '2024-01-23 16:28:38'),
	(74, 'ADS4M24', 'Droit pnalspcial', 'S4', 12, '2024-01-23 16:28:38', '2024-01-23 16:28:38'),
	(75, 'ADS4M25', 'Droit fiscal', 'S4', 12, '2024-01-23 16:28:38', '2024-01-23 16:28:38'),
	(76, 'ADS4M26', 'Instruments de paiement et de crdit', 'S4', 12, '2024-01-23 16:28:38', '2024-01-23 16:28:38'),
	(77, 'ADVS5M27', 'Droit foncier et droit rel', 'S5', 13, '2024-01-23 16:28:38', '2024-01-23 16:28:38'),
	(78, 'ADVS5M28', 'Droit international priv', 'S5', 13, '2024-01-23 16:28:38', '2024-01-23 16:28:38'),
	(79, 'ADVS5M29', 'Droit des assurances', 'S5', 13, '2024-01-23 16:28:38', '2024-01-23 16:28:38'),
	(80, 'ADVS5M30', 'criminologie', 'S5', 13, '2024-01-23 16:28:38', '2024-01-23 16:28:38'),
	(81, 'ADVS5M31', 'Contrats spciaux', 'S5', 13, '2024-01-23 16:28:38', '2024-01-23 16:28:38'),
	(82, 'ADVS5M32', 'Entreprise en difficult', 'S5', 13, '2024-01-23 16:28:38', '2024-01-23 16:28:38'),
	(83, 'PDAS5M27', 'Droit international humanitaire', 'S5', 14, '2024-01-23 16:28:38', '2024-01-23 16:28:38'),
	(84, 'PDAS5M28', 'Droit des marchs publics', 'S5', 14, '2024-01-23 16:28:38', '2024-01-23 16:28:38'),
	(85, 'PDAS5M29', 'Contentieuxadministratif', 'S5', 14, '2024-01-23 16:28:38', '2024-01-23 16:28:38'),
	(86, 'PDAS5M30', 'Histoire des idespolitiques 2', 'S5', 14, '2024-01-23 16:28:38', '2024-01-23 16:28:38'),
	(87, 'PDAS5M31', 'Les organizationsinternationals', 'S5', 14, '2024-01-23 16:28:38', '2024-01-23 16:28:38'),
	(88, 'PDAS5M32', 'Projet de fin dtudes', 'S5', 14, '2024-01-23 16:28:38', '2024-01-23 16:28:38'),
	(89, 'ADVS6M33', 'Droit international humanitaire', 'S6', 15, '2024-01-23 16:28:38', '2024-01-23 16:28:38'),
	(90, 'ADVS6M34', 'Droit des marchs publics', 'S6', 15, '2024-01-23 16:28:38', '2024-01-23 16:28:38'),
	(91, 'ADVS6M35', 'Contentieuxadministratif', 'S6', 15, '2024-01-23 16:28:38', '2024-01-23 16:28:38'),
	(92, 'ADVS6M36', 'Histoire des idespolitiques 2', 'S6', 15, '2024-01-23 16:28:38', '2024-01-23 16:28:38'),
	(93, 'ADVS6M37', 'Les organizationsinternationals', 'S6', 15, '2024-01-23 16:28:38', '2024-01-23 16:28:38'),
	(94, 'ADVS6M38', 'Projet de fin dtudes', 'S6', 15, '2024-01-23 16:28:38', '2024-01-23 16:28:38'),
	(95, 'PDAS6M33', 'Histoire des ides politiques  2', 'S6', 16, '2024-01-23 16:28:38', '2024-01-23 16:28:38'),
	(96, 'PDAS6M34', 'Droit des marchs publics', 'S6', 16, '2024-01-23 16:28:38', '2024-01-23 16:28:38'),
	(97, 'PDAS6M35', 'Droit international humanitaire', 'S6', 16, '2024-01-23 16:28:38', '2024-01-23 16:28:38'),
	(98, 'PDAS6M36', 'Les organisations internationales', 'S6', 16, '2024-01-23 16:28:38', '2024-01-23 16:28:38'),
	(99, 'PDAS6M37', 'Contentieux fdministratif', 'S6', 16, '2024-01-23 16:28:38', '2024-01-23 16:28:38'),
	(100, 'PDAS6M38', 'Projet de fin dtudes', 'S6', 16, '2024-01-23 16:28:38', '2024-01-23 16:28:38'),
	(101, 'EEGS1M1', 'Introduction  lconomie', 'S1', 17, '2024-01-23 16:28:38', '2024-01-23 16:28:38'),
	(102, 'EEGS1M2', 'Microconomie 1', 'S1', 17, '2024-01-23 16:28:38', '2024-01-23 16:28:38'),
	(103, 'EEGS1M3', 'Comptabilit gnrale 1', 'S1', 17, '2024-01-23 16:28:38', '2024-01-23 16:28:38'),
	(104, 'EEGS1M4', 'Management 1', 'S1', 17, '2024-01-23 16:28:38', '2024-01-23 16:28:38'),
	(105, 'EEGS1M5', 'Statistique descriptive', 'S1', 17, '2024-01-23 16:28:38', '2024-01-23 16:28:38'),
	(106, 'EEGS1M6', 'Analyse mathmatique', 'S1', 17, '2024-01-23 16:28:38', '2024-01-23 16:28:38'),
	(107, 'EEGS1M7', 'Terminologie', 'S1', 17, '2024-01-23 16:28:38', '2024-01-23 16:28:38'),
	(108, 'EEGS2M8', 'Macroconomie', 'S2', 18, '2024-01-23 16:28:38', '2024-01-23 16:28:38'),
	(109, 'EEGS2M9', 'Microconomie 2', 'S2', 18, '2024-01-23 16:28:38', '2024-01-23 16:28:38'),
	(110, 'EEGS2M10', 'Comptabilit gnrale 2', 'S2', 18, '2024-01-23 16:28:38', '2024-01-23 16:28:38'),
	(111, 'EEGS2M11', 'Management 2', 'S2', 18, '2024-01-23 16:28:38', '2024-01-23 16:28:38'),
	(112, 'EEGS2M12', 'Probabilit', 'S2', 18, '2024-01-23 16:28:38', '2024-01-23 16:28:38'),
	(113, 'EEGS2M13', 'Algbre ET Math financires', 'S2', 18, '2024-01-23 16:28:38', '2024-01-23 16:28:38'),
	(114, 'EEGS2M14', 'Terminologie', 'S2', 18, '2024-01-23 16:28:38', '2024-01-23 16:28:38'),
	(115, 'EEGS3M15', 'Economie montaire et financire', 'S3', 19, '2024-01-23 16:28:38', '2024-01-23 16:28:38'),
	(116, 'EEGS3M16', 'Problmes conomiques et sociaux', 'S3', 19, '2024-01-23 16:28:38', '2024-01-23 16:28:38'),
	(117, 'EEGS3M17', 'Comptabilit analytique', 'S3', 19, '2024-01-23 16:28:38', '2024-01-23 16:28:38'),
	(118, 'EEGS3M18', 'Marketing de base', 'S3', 19, '2024-01-23 16:28:38', '2024-01-23 16:28:38'),
	(119, 'EEGS3M19', 'Echantillonnage et estimation', 'S3', 19, '2024-01-23 16:28:38', '2024-01-23 16:28:38'),
	(120, 'EEGS3M20', 'Introduction  ltude du droit', 'S3', 19, '2024-01-23 16:28:38', '2024-01-23 16:28:38'),
	(121, 'EEGS4M21', 'Economie montaire et financire 2', 'S4', 20, '2024-01-23 16:28:39', '2024-01-23 16:28:39'),
	(122, 'EEGS4M22', 'Comptabilit des socits', 'S4', 20, '2024-01-23 16:28:39', '2024-01-23 16:28:39'),
	(123, 'EEGS4M23', 'Finances publiques', 'S4', 20, '2024-01-23 16:28:39', '2024-01-23 16:28:39'),
	(124, 'EEGS4M24', 'Informatique de gestion', 'S4', 20, '2024-01-23 16:28:39', '2024-01-23 16:28:39'),
	(125, 'EEGS4M25', 'Analyse financire', 'S4', 20, '2024-01-23 16:28:39', '2024-01-23 16:28:39'),
	(126, 'EEGS4M26', 'Droit commercial et des socits', 'S4', 20, '2024-01-23 16:28:39', '2024-01-23 16:28:39'),
	(127, 'GES5M27', 'Fiscalit dentreprise', 'S5', 21, '2024-01-23 16:28:39', '2024-01-23 16:28:39'),
	(128, 'GES5M28', 'Gestion financire', 'S5', 21, '2024-01-23 16:28:39', '2024-01-23 16:28:39'),
	(129, 'GES5M29', 'Marketing Approfondi', 'S5', 21, '2024-01-23 16:28:39', '2024-01-23 16:28:39'),
	(130, 'GES5M30', 'Gestion des ressources humaines', 'S5', 21, '2024-01-23 16:28:39', '2024-01-23 16:28:39'),
	(131, 'GES5M31', 'Droit des affaires', 'S5', 21, '2024-01-23 16:28:39', '2024-01-23 16:28:39'),
	(132, 'GES5M32', 'Recherche oprationnelle ET Informatique de gestion', 'S5', 21, '2024-01-23 16:28:39', '2024-01-23 16:28:39'),
	(133, 'EEGS5M27', 'Histoire de la pense conomique', 'S5', 22, '2024-01-23 16:28:39', '2024-01-23 16:28:39'),
	(134, 'EEGS5M28', 'Politique conomique', 'S5', 22, '2024-01-23 16:28:39', '2024-01-23 16:28:39'),
	(135, 'EEGS5M29', 'Comptabilit nationale 1', 'S5', 22, '2024-01-23 16:28:39', '2024-01-23 16:28:39'),
	(136, 'EEGS5M30', 'Gestion financire', 'S5', 22, '2024-01-23 16:28:39', '2024-01-23 16:28:39'),
	(137, 'EEGS5M31', 'Gestion des ressources humaines', 'S5', 22, '2024-01-23 16:28:39', '2024-01-23 16:28:39'),
	(138, 'EEGS5M32', 'Fiscalit', 'S5', 22, '2024-01-23 16:28:39', '2024-01-23 16:28:39'),
	(139, 'GES6M33', 'Audit gnral', 'S6', 23, '2024-01-23 16:28:39', '2024-01-23 16:28:39'),
	(140, 'GES6M34', 'Contrle de gestion', 'S6', 23, '2024-01-23 16:28:39', '2024-01-23 16:28:39'),
	(141, 'GES6M35', 'Management stratgique', 'S6', 23, '2024-01-23 16:28:39', '2024-01-23 16:28:39'),
	(142, 'GES6M36', 'Stratgies industrielles', 'S6', 23, '2024-01-23 16:28:39', '2024-01-23 16:28:39'),
	(143, 'GES6M37', 'Projet de fin dtudes', 'S6', 23, '2024-01-23 16:28:39', '2024-01-23 16:28:39'),
	(144, 'GES6M38', 'Projet de fin dtudes', 'S6', 23, '2024-01-23 16:28:39', '2024-01-23 16:28:39'),
	(145, 'EEG6M33', 'Relations conomiques internationales', 'S6', 24, '2024-01-23 16:28:39', '2024-01-23 16:28:39'),
	(146, 'EEG6M34', 'Mthodes conomtriques ET Recherche oprationnelle', 'S6', 24, '2024-01-23 16:28:39', '2024-01-23 16:28:39'),
	(147, 'EEG6M35', 'Informatique applique', 'S6', 24, '2024-01-23 16:28:39', '2024-01-23 16:28:39'),
	(148, 'EEG6M36', 'Contrle de gestion', 'S6', 24, '2024-01-23 16:28:39', '2024-01-23 16:28:39'),
	(149, 'EEG6M37', 'Projet de fin dtudes', 'S6', 24, '2024-01-23 16:28:39', '2024-01-23 16:28:39'),
	(150, 'EEG6M38', 'Projet de fin dtudes', 'S6', 24, '2024-01-23 16:28:39', '2024-01-23 16:28:39');

-- Dumping structure for table etudentexam.password_resets
CREATE TABLE IF NOT EXISTS `password_resets` (
  `email` varchar(255) COLLATE utf8mb4_unicode_ci NOT NULL,
  `token` varchar(255) COLLATE utf8mb4_unicode_ci NOT NULL,
  `created_at` timestamp NULL DEFAULT NULL,
  PRIMARY KEY (`email`)
) ENGINE=InnoDB DEFAULT CHARSET=utf8mb4 COLLATE=utf8mb4_unicode_ci;

-- Dumping data for table etudentexam.password_resets: ~0 rows (approximately)

-- Dumping structure for table etudentexam.personal_access_tokens
CREATE TABLE IF NOT EXISTS `personal_access_tokens` (
  `id` bigint unsigned NOT NULL AUTO_INCREMENT,
  `tokenable_type` varchar(255) COLLATE utf8mb4_unicode_ci NOT NULL,
  `tokenable_id` bigint unsigned NOT NULL,
  `name` varchar(255) COLLATE utf8mb4_unicode_ci NOT NULL,
  `token` varchar(64) COLLATE utf8mb4_unicode_ci NOT NULL,
  `abilities` text COLLATE utf8mb4_unicode_ci,
  `last_used_at` timestamp NULL DEFAULT NULL,
  `expires_at` timestamp NULL DEFAULT NULL,
  `created_at` timestamp NULL DEFAULT NULL,
  `updated_at` timestamp NULL DEFAULT NULL,
  PRIMARY KEY (`id`),
  UNIQUE KEY `personal_access_tokens_token_unique` (`token`),
  KEY `personal_access_tokens_tokenable_type_tokenable_id_index` (`tokenable_type`,`tokenable_id`)
) ENGINE=InnoDB DEFAULT CHARSET=utf8mb4 COLLATE=utf8mb4_unicode_ci;

-- Dumping data for table etudentexam.personal_access_tokens: ~0 rows (approximately)

-- Dumping structure for table etudentexam.professeurs
CREATE TABLE IF NOT EXISTS `professeurs` (
  `id` bigint unsigned NOT NULL AUTO_INCREMENT,
  `Nom` varchar(255) CHARACTER SET utf8mb4 COLLATE utf8mb4_unicode_ci DEFAULT NULL,
  `Prenom` varchar(255) CHARACTER SET utf8mb4 COLLATE utf8mb4_unicode_ci DEFAULT NULL,
  `Email` varchar(50) COLLATE utf8mb4_unicode_ci DEFAULT NULL,
  `user_id` bigint unsigned DEFAULT NULL,
  `created_at` timestamp NULL DEFAULT NULL,
  `updated_at` timestamp NULL DEFAULT NULL,
  PRIMARY KEY (`id`),
  KEY `professeurs_user_id_foreign` (`user_id`),
  CONSTRAINT `professeurs_user_id_foreign` FOREIGN KEY (`user_id`) REFERENCES `users` (`id`)
) ENGINE=InnoDB AUTO_INCREMENT=15 DEFAULT CHARSET=utf8mb4 COLLATE=utf8mb4_unicode_ci;

-- Dumping data for table etudentexam.professeurs: ~10 rows (approximately)
INSERT IGNORE INTO `professeurs` (`id`, `Nom`, `Prenom`, `Email`, `user_id`, `created_at`, `updated_at`) VALUES
	(1, 'RBII', 'Hamid', NULL, 2, '2024-02-05 12:13:15', '2024-02-05 12:13:15'),
	(2, 'RHERROUSSE', 'Fouzi', NULL, NULL, '2024-02-05 15:57:57', '2024-02-05 15:57:57'),
	(3, 'TAYBI', 'Zahr', NULL, NULL, '2024-02-05 15:57:57', '2024-02-05 15:57:57'),
	(4, 'NAIMI', 'Rafik', NULL, NULL, '2024-02-05 15:57:57', '2024-02-05 15:57:57'),
	(5, 'FATMI', 'Yamna', NULL, NULL, '2024-02-05 15:57:57', '2024-02-05 15:57:57'),
	(6, 'BEKKAOUI', 'Abdelmalek', NULL, NULL, '2024-02-05 15:57:57', '2024-02-05 15:57:57'),
	(7, 'YAKTINE', 'Sanae', NULL, NULL, '2024-02-05 15:57:57', '2024-02-05 15:57:57'),
	(8, 'achraf', 'elabouye', NULL, 7, '2024-02-09 21:34:38', '2024-02-09 21:34:38'),
	(13, 'achraf', 'el', NULL, 1, '2024-03-03 01:14:52', '2024-03-03 01:14:52'),
	(14, 'brahim', 'salhi', NULL, 9, '2024-03-03 01:19:36', '2024-03-03 01:19:36');

-- Dumping structure for table etudentexam.reclamations
CREATE TABLE IF NOT EXISTS `reclamations` (
  `id` bigint unsigned NOT NULL AUTO_INCREMENT,
  `idEtudiant` bigint unsigned NOT NULL,
  `idProfesseur` bigint unsigned NOT NULL,
  `idModule` bigint unsigned NOT NULL,
  `idInfo_Exames` bigint unsigned NOT NULL,
  `Sujet` varchar(755) CHARACTER SET utf8mb4 COLLATE utf8mb4_unicode_ci NOT NULL,
  `observations` longtext CHARACTER SET utf8mb4 COLLATE utf8mb4_unicode_ci NOT NULL,
  `code_tracking` bigint DEFAULT NULL,
  `AnneeUniversitaire` varchar(10) CHARACTER SET utf8mb4 COLLATE utf8mb4_unicode_ci NOT NULL,
  `idSESSION` bigint unsigned DEFAULT NULL,
  `created_at` timestamp NULL DEFAULT NULL,
  `updated_at` timestamp NULL DEFAULT NULL,
  PRIMARY KEY (`id`),
  UNIQUE KEY `idEtudiant` (`idEtudiant`,`idProfesseur`,`idModule`,`idInfo_Exames`,`AnneeUniversitaire`),
  UNIQUE KEY `code_tracking` (`code_tracking`),
  KEY `reclamations_idprofesseur_foreign` (`idProfesseur`),
  KEY `reclamations_idmodule_foreign` (`idModule`),
  KEY `reclamations_idinfo_exames_foreign` (`idInfo_Exames`),
  KEY `FK_reclamations_calendrier_sessions` (`idSESSION`),
  CONSTRAINT `FK_reclamations_calendrier_sessions` FOREIGN KEY (`idSESSION`) REFERENCES `calendrier_sessions` (`id`),
  CONSTRAINT `reclamations_idetudiant_foreign` FOREIGN KEY (`idEtudiant`) REFERENCES `etudiants` (`id`),
  CONSTRAINT `reclamations_idinfo_exames_foreign` FOREIGN KEY (`idInfo_Exames`) REFERENCES `info_exames` (`id`),
  CONSTRAINT `reclamations_idmodule_foreign` FOREIGN KEY (`idModule`) REFERENCES `modules` (`id`),
  CONSTRAINT `reclamations_idprofesseur_foreign` FOREIGN KEY (`idProfesseur`) REFERENCES `professeurs` (`id`)
) ENGINE=InnoDB AUTO_INCREMENT=32 DEFAULT CHARSET=utf8mb4 COLLATE=utf8mb4_unicode_ci;

-- Dumping data for table etudentexam.reclamations: ~25 rows (approximately)
INSERT IGNORE INTO `reclamations` (`id`, `idEtudiant`, `idProfesseur`, `idModule`, `idInfo_Exames`, `Sujet`, `observations`, `code_tracking`, `AnneeUniversitaire`, `idSESSION`, `created_at`, `updated_at`) VALUES
	(1, 104, 4, 4, 104, '   ', 'fff', 5093387413, '2023-2024', 1, '2024-02-07 00:59:56', '2024-02-07 00:59:56'),
	(7, 1, 4, 4, 1, '  ', 'Ribeye ham rump kevin kielbasa capicola sirloin leberkas meatball alcatra.  Tail chuck sirloin prosciutto short loin.  Prosciutto ham turkey spare ribs capicola ham hock.  Beef corned beef boudin chislic, prosciutto tongue drumstick.  Rump prosciutto short ribs, tenderloin meatball t-bone boudin jowl spare ribs cupim bacon.  Hamburger brisket chicken flank kielbasa.  Rump pastrami kielbasa picanha strip steak sausage jerky.', 6363600891, '2023-2024', 1, '2024-02-06 23:59:29', '2024-02-06 23:59:29'),
	(8, 1, 1, 1, 1, '  ', 'Ribeye ham rump kevin kielbasa capicola sirloin leberkas meatball alcatra.  Tail chuck sirloin prosciutto short loin.  Prosciutto ham turkey spare ribs capicola ham hock.  Beef corned beef boudin chislic, prosciutto tongue drumstick.  Rump prosciutto short ribs, tenderloin meatball t-bone boudin jowl spare ribs cupim bacon.  Hamburger brisket chicken flank kielbasa.  Rump pastrami kielbasa picanha strip steak sausage jerky.', 4151746836, '2023-2024', 1, '2024-02-07 00:05:48', '2024-02-07 00:05:48'),
	(9, 1, 7, 7, 1, '  ', 'Ribeye ham rump kevin kielbasa capicola sirloin leberkas meatball alcatra.  Tail chuck sirloin prosciutto short loin.  Prosciutto ham turkey spare ribs capicola ham hock.  Beef corned beef boudin chislic, prosciutto tongue drumstick.  Rump prosciutto short ribs, tenderloin meatball t-bone boudin jowl spare ribs cupim bacon.  Hamburger brisket chicken flank kielbasa.  Rump pastrami kielbasa picanha strip steak sausage jerky.', 4108522692, '2023-2024', 1, '2024-02-07 00:06:49', '2024-02-07 00:06:49'),
	(10, 3, 1, 1, 3, '  ', 'Venison pork picanha sirloin bresaola drumstick.  Short ribs jerky shoulder flank, venison prosciutto frankfurter corned beef buffalo.  Chislic bacon pork, porchetta pastrami jerky tongue.  Chicken spare ribs meatloaf porchetta, landjaeger doner hamburger.  Strip steak buffalo beef ribs ground round, tail doner meatball porchetta kevin.', 2862162563, '2023-2024', 1, '2024-02-07 00:09:32', '2024-02-07 00:09:32'),
	(11, 2, 1, 1, 2, '  ', 'Cow pork flank strip steak.  Venison short loin ham hock, tri-tip beef ribs buffalo brisket landjaeger leberkas ball tip jerky kevin.  Tri-tip boudin pork chop andouille kielbasa, picanha fatback capicola tongue jerky t-bone prosciutto pig ham turducken.  Beef ribs pork loin venison tongue biltong ball tip prosciutto beef, doner rump tail porchetta.  Tri-tip hamburger capicola meatball, corned beef chicken pig porchetta pork chop shoulder short ribs frankfurter brisket spare ribs.  Leberkas tail tongue bresaola.  Corned beef burgdoggen ball tip tri-tip flank capicola, ham t-bone boudin picanha.', 5708841642, '2023-2024', 1, '2024-02-07 00:11:38', '2024-02-07 00:11:38'),
	(12, 2, 7, 7, 2, '  ', 'sss', 5333042956, '2023-2024', 1, '2024-02-07 14:25:04', '2024-02-07 14:25:04'),
	(13, 1, 8, 18, 105, '   ', 'test', 4783894826, '2023-2024', 1, '2024-02-09 21:36:57', '2024-02-09 21:36:57'),
	(14, 3, 8, 18, 313, '      ', 'hhh', 9481385982, '2023-2024', 1, '2024-02-10 00:26:54', '2024-02-10 00:26:54'),
	(15, 3, 8, 18, 314, '   ', 'yest test', 7572571826, '2023-2024', 1, '2024-02-10 09:01:33', '2024-02-10 09:01:33'),
	(16, 10, 2, 2, 10, '   ', 'no9ta walo', 7262339593, '2023-2024', 1, '2024-02-10 09:32:02', '2024-02-10 09:32:02'),
	(17, 10, 4, 4, 10, '   ', 'test 2', 5049269081, '2023-2024', 1, '2024-02-10 09:32:56', '2024-02-10 09:32:56'),
	(18, 23, 7, 7, 23, '  ', 'hi pls', 1405002155, '2023-2024', 1, '2024-02-15 07:45:39', '2024-02-15 07:45:39'),
	(19, 23, 4, 4, 23, '   ', 'hoi', 6469044213, '2023-2024', 1, '2024-02-15 07:45:57', '2024-02-15 07:45:57'),
	(20, 23, 1, 1, 23, '  ', 'test maamri', 4783445951, '2023-2024', 1, '2024-02-15 07:48:05', '2024-02-15 07:48:05'),
	(21, 23, 8, 18, 148, '  ', 'gggg', 4073471858, '2023-2024', 1, '2024-02-15 08:23:06', '2024-02-15 08:23:06'),
	(23, 214, 3, 3, 316, '   ', 'test reclamation', 1654997625, '2023-2024', 1, '2024-02-18 14:19:20', '2024-02-18 14:19:20'),
	(24, 214, 5, 5, 316, '   ', 'abd', 9453773268, '2023-2024', 1, '2024-02-18 14:21:09', '2024-02-18 14:21:09'),
	(25, 214, 1, 1, 317, '  ', 'ddd', 5123046381, '2023-2024', 1, '2024-02-18 14:24:05', '2024-02-18 14:24:05'),
	(26, 174, 8, 18, 232, '   ', 'test', 8910396757, '2023-2024', 1, '2024-02-19 09:32:00', '2024-02-19 09:32:00'),
	(27, 13, 1, 1, 13, '   ', 'i have probleme', 2473556969, '2023-2024', 1, '2024-02-23 09:49:08', '2024-02-23 09:49:08'),
	(28, 214, 2, 2, 316, '   ', 'i', 6575641978, '2023-2024', 1, '2024-02-25 21:25:14', '2024-02-25 21:25:14'),
	(29, 4, 1, 1, 4, '   ', 'i need to be correct my note', 8698962793, '2023-2024', 1, '2024-02-27 20:03:39', '2024-02-27 20:03:39'),
	(30, 17, 1, 1, 17, '   ', 'i want crr', 1623667239, '2023-2024', 1, '2024-03-01 07:58:52', '2024-03-01 07:58:52'),
	(31, 104, 14, 15, 318, '   ', 'i have error', 1295347113, '2023-2024', 1, '2024-03-03 01:22:16', '2024-03-03 01:22:16');

-- Dumping structure for table etudentexam.sessions
CREATE TABLE IF NOT EXISTS `sessions` (
  `id` varchar(255) COLLATE utf8mb4_unicode_ci NOT NULL,
  `user_id` bigint unsigned DEFAULT NULL,
  `ip_address` varchar(45) COLLATE utf8mb4_unicode_ci DEFAULT NULL,
  `user_agent` text COLLATE utf8mb4_unicode_ci,
  `payload` longtext COLLATE utf8mb4_unicode_ci NOT NULL,
  `last_activity` int NOT NULL,
  PRIMARY KEY (`id`),
  KEY `sessions_user_id_index` (`user_id`),
  KEY `sessions_last_activity_index` (`last_activity`)
) ENGINE=InnoDB DEFAULT CHARSET=utf8mb4 COLLATE=utf8mb4_unicode_ci;

-- Dumping data for table etudentexam.sessions: ~1 rows (approximately)
INSERT IGNORE INTO `sessions` (`id`, `user_id`, `ip_address`, `user_agent`, `payload`, `last_activity`) VALUES
	('VnYZCHMNn3HIDmIWqvyCZvjNaDEXvgvhVuqskMeu', NULL, '127.0.0.1', 'Mozilla/5.0 (Windows NT 10.0; Win64; x64) AppleWebKit/537.36 (KHTML, like Gecko) Chrome/121.0.0.0 Safari/537.36 OPR/107.0.0.0', 'YTo0OntzOjY6Il90b2tlbiI7czo0MDoiMml3VEZzSDE2dm95c1FQMmdJMHFGY3FVWUhWR0ZuSFJuUGpVYkhkTSI7czo2OiJfZmxhc2giO2E6Mjp7czozOiJvbGQiO2E6MDp7fXM6MzoibmV3IjthOjA6e319czozOiJ1cmwiO2E6MTp7czo4OiJpbnRlbmRlZCI7czo0NDoiaHR0cDovLzEyNy4wLjAuMTo4MDAwL2FkbWluL1JlY2xhbWF0aW9uL2VkaXQiO31zOjk6Il9wcmV2aW91cyI7YToxOntzOjM6InVybCI7czo1NzoiaHR0cDovLzEyNy4wLjAuMTo4MDAwL2V0dWRpYW50L1JlcGVuc2U/Q29kZUFwb2dlZT0yMTEyMzI2Ijt9fQ==', 1709770246);

-- Dumping structure for table etudentexam.tracking_reclamations
CREATE TABLE IF NOT EXISTS `tracking_reclamations` (
  `id` bigint unsigned NOT NULL AUTO_INCREMENT,
  `idReclamation` bigint unsigned NOT NULL,
  `idProfesseur` bigint unsigned NOT NULL,
  `stratu` enum('Encours','Valide','Trituration') CHARACTER SET utf8mb4 COLLATE utf8mb4_unicode_ci NOT NULL DEFAULT 'Encours',
  `Repense` longtext CHARACTER SET utf8mb4 COLLATE utf8mb4_unicode_ci,
  `created_at` timestamp NULL DEFAULT NULL,
  `updated_at` timestamp NULL DEFAULT NULL,
  PRIMARY KEY (`id`),
  UNIQUE KEY `idReclamation` (`idReclamation`,`idProfesseur`),
  KEY `tracking_reclamations_idprofesseur_foreign` (`idProfesseur`),
  CONSTRAINT `tracking_reclamations_idprofesseur_foreign` FOREIGN KEY (`idProfesseur`) REFERENCES `professeurs` (`id`),
  CONSTRAINT `tracking_reclamations_idreclamation_foreign` FOREIGN KEY (`idReclamation`) REFERENCES `reclamations` (`id`)
) ENGINE=InnoDB AUTO_INCREMENT=32 DEFAULT CHARSET=utf8mb4 COLLATE=utf8mb4_unicode_ci;

-- Dumping data for table etudentexam.tracking_reclamations: ~19 rows (approximately)
INSERT IGNORE INTO `tracking_reclamations` (`id`, `idReclamation`, `idProfesseur`, `stratu`, `Repense`, `created_at`, `updated_at`) VALUES
	(1, 1, 4, 'Encours', '', '2024-02-06 23:31:59', '2024-02-06 23:31:59'),
	(7, 7, 4, 'Encours', '', '2024-02-06 23:59:29', '2024-02-06 23:59:29'),
	(8, 8, 1, 'Valide', '18/20', '2024-02-07 00:05:48', '2024-03-03 20:10:01'),
	(9, 9, 7, 'Encours', '', '2024-02-07 00:06:49', '2024-02-07 00:06:49'),
	(10, 10, 1, 'Valide', '10', '2024-02-07 00:09:32', '2024-02-26 07:25:43'),
	(11, 11, 1, 'Encours', '10/20', '2024-02-07 00:11:38', '2024-02-26 10:41:38'),
	(12, 12, 7, 'Encours', '', '2024-02-07 14:25:04', '2024-02-07 14:25:04'),
	(13, 13, 8, 'Valide', 'Maintenir la note', '2024-02-09 21:36:57', '2024-03-04 08:12:04'),
	(14, 14, 8, 'Encours', '', '2024-02-10 00:26:54', '2024-02-10 00:26:54'),
	(15, 15, 8, 'Encours', '', '2024-02-10 09:01:33', '2024-02-10 09:01:33'),
	(16, 16, 2, 'Encours', '', '2024-02-10 09:32:02', '2024-02-10 09:32:02'),
	(17, 17, 4, 'Encours', '', '2024-02-10 09:32:56', '2024-02-10 09:32:56'),
	(18, 18, 7, 'Encours', '', '2024-02-15 07:45:39', '2024-02-15 07:45:39'),
	(19, 19, 4, 'Encours', '', '2024-02-15 07:45:57', '2024-02-15 07:45:57'),
	(20, 20, 1, 'Valide', 'Maintenir la note', '2024-02-15 07:48:05', '2024-02-29 00:29:18'),
	(21, 21, 8, 'Encours', '', '2024-02-15 08:23:06', '2024-02-15 08:23:06'),
	(23, 23, 3, 'Encours', '', '2024-02-18 14:19:20', '2024-02-18 14:19:20'),
	(24, 24, 5, 'Encours', '', '2024-02-18 14:21:09', '2024-02-18 14:21:09'),
	(25, 25, 1, 'Encours', 'Maintenir la note', '2024-02-18 14:24:05', '2024-02-29 00:30:38'),
	(26, 26, 8, 'Encours', '', '2024-02-19 09:32:00', '2024-02-19 09:32:00'),
	(27, 27, 1, 'Encours', 'what is problem', '2024-02-23 09:49:08', '2024-02-25 23:30:43'),
	(28, 28, 2, 'Encours', '', '2024-02-25 21:25:14', '2024-02-25 21:25:14'),
	(29, 29, 1, 'Valide', 'Maintenir la note', '2024-02-27 20:03:39', '2024-02-29 16:41:24'),
	(30, 30, 1, 'Valide', '10/20', '2024-03-01 07:58:52', '2024-03-01 08:00:30'),
	(31, 31, 14, 'Valide', '14.5/20', '2024-03-03 01:22:16', '2024-03-03 02:18:33');

-- Dumping structure for table etudentexam.users
CREATE TABLE IF NOT EXISTS `users` (
  `id` bigint unsigned NOT NULL AUTO_INCREMENT,
  `name` varchar(255) COLLATE utf8mb4_unicode_ci NOT NULL,
  `email` varchar(255) COLLATE utf8mb4_unicode_ci NOT NULL,
  `email_verified_at` timestamp NULL DEFAULT NULL,
  `password` varchar(255) COLLATE utf8mb4_unicode_ci NOT NULL,
  `two_factor_secret` text COLLATE utf8mb4_unicode_ci,
  `two_factor_recovery_codes` text COLLATE utf8mb4_unicode_ci,
  `two_factor_confirmed_at` timestamp NULL DEFAULT NULL,
  `remember_token` varchar(100) COLLATE utf8mb4_unicode_ci DEFAULT NULL,
  `current_team_id` bigint unsigned DEFAULT NULL,
  `profile_photo_path` varchar(2048) COLLATE utf8mb4_unicode_ci DEFAULT NULL,
  `created_at` timestamp NULL DEFAULT NULL,
  `updated_at` timestamp NULL DEFAULT NULL,
  `role` bigint NOT NULL DEFAULT '3',
  PRIMARY KEY (`id`),
  UNIQUE KEY `users_email_unique` (`email`)
) ENGINE=InnoDB AUTO_INCREMENT=10 DEFAULT CHARSET=utf8mb4 COLLATE=utf8mb4_unicode_ci;

-- Dumping data for table etudentexam.users: ~4 rows (approximately)
INSERT IGNORE INTO `users` (`id`, `name`, `email`, `email_verified_at`, `password`, `two_factor_secret`, `two_factor_recovery_codes`, `two_factor_confirmed_at`, `remember_token`, `current_team_id`, `profile_photo_path`, `created_at`, `updated_at`, `role`) VALUES
	(1, 'admin', 'admin@gmail.com', NULL, '$2y$10$NW74nB8k0NV1bGJM9Agzb.AIS71SvE39hXNM9LM5Uae2qx9xM.6b2', NULL, NULL, NULL, NULL, NULL, NULL, '2024-02-20 13:39:09', NULL, 0),
	(2, 'achraf elabouye ', 'achrafelabouye@gmail.com', NULL, '$2y$10$Tl5JokDcSj7TRyUyX2vuNOlEn9p3YG9BucfZcPvs.uTZ2HvAygxfa', NULL, NULL, NULL, NULL, NULL, NULL, '2024-02-10 12:04:57', '2024-03-01 23:01:25', 3),
	(7, 'achraf el', 'el@ump.ac.ma', NULL, '$2y$10$GpwLJPO9k/e/TV.5Nhp/0uoZGccGQ8e6pNDmo6x2i9n8Fo2EDdraS', NULL, NULL, NULL, NULL, NULL, NULL, NULL, NULL, 3),
	(9, 'brahim salhi', 'salhi@ump.ac.ma', NULL, '$2y$10$1Xv4QnPNTSkrQRMv1zL62.log51YUBKQvPwWTBj1EGttKE1N0uHRu', NULL, NULL, NULL, NULL, NULL, NULL, NULL, NULL, 3);

/*!40103 SET TIME_ZONE=IFNULL(@OLD_TIME_ZONE, 'system') */;
/*!40101 SET SQL_MODE=IFNULL(@OLD_SQL_MODE, '') */;
/*!40014 SET FOREIGN_KEY_CHECKS=IFNULL(@OLD_FOREIGN_KEY_CHECKS, 1) */;
/*!40101 SET CHARACTER_SET_CLIENT=@OLD_CHARACTER_SET_CLIENT */;
/*!40111 SET SQL_NOTES=IFNULL(@OLD_SQL_NOTES, 1) */;
